CaseId,CustomerId,Subject,Category,Channel,Priority,Status,SatisfactionScore,CreatedDate,ResolvedDate
CASE-500233,CUST-10339,Atraso na entrega de produto resgatado,Resgate/Entrega,Chat Web,Medium,Resolved,4,2022-01-25T18:46:00Z,2022-01-28T18:46:00Z
CASE-500708,CUST-10993,Cobrança indevida da mensalidade do Clube Livelo,Clube Livelo,App Livelo,Low,In Progress,4,2022-02-09T23:42:00Z,
CASE-500419,CUST-10606,Dúvida sobre validade dos pontos expirando,Atendimento,Reclame Aqui,Medium,Closed,5,2022-03-26T18:22:00Z,2022-03-30T18:22:00Z
CASE-500030,CUST-10048,Produto entregue com avaria/defeito,Resgate/Entrega,Telefone,Low,Closed,5,2022-05-15T17:53:00Z,2022-05-21T17:53:00Z
CASE-500444,CUST-10643,Erro ao transferir pontos para programa aéreo,Pontuação/Acúmulo,Reclame Aqui,Medium,Resolved,3,2022-06-23T01:53:00Z,2022-06-24T01:53:00Z
CASE-500521,CUST-10734,Pontos não creditados após compra parceira,Pontuação/Acúmulo,Reclame Aqui,Medium,Escalated,5,2022-07-09T13:13:00Z,
CASE-500562,CUST-10806,Solicitação de estorno de taxa de transferência,Financeiro,WhatsApp,Critical,In Progress,1,2022-07-26T19:40:00Z,
CASE-500215,CUST-10319,Dúvida sobre validade dos pontos expirando,Atendimento,App Livelo,High,Resolved,1,2022-08-07T18:58:00Z,2022-08-15T18:58:00Z
CASE-500273,CUST-10399,Solicitação de estorno de taxa de transferência,Financeiro,Telefone,High,In Progress,2,2022-08-17T03:50:00Z,
CASE-500257,CUST-10372,Erro ao transferir pontos para programa aéreo,Pontuação/Acúmulo,Reclame Aqui,High,Resolved,1,2022-09-16T07:01:00Z,2022-09-17T07:01:00Z
CASE-500195,CUST-10285,Pontos não creditados após compra parceira,Pontuação/Acúmulo,Chat Web,Medium,Closed,4,2022-09-22T10:22:00Z,2022-09-30T10:22:00Z
CASE-500319,CUST-10472,Alteração de endereço de entrega de pedido,Resgate/Entrega,Telefone,Low,Closed,4,2022-09-27T12:15:00Z,2022-10-05T12:15:00Z
CASE-500320,CUST-10473,Produto entregue com avaria/defeito,Resgate/Entrega,Chat Web,Low,Resolved,5,2022-10-04T07:02:00Z,2022-10-13T07:02:00Z
CASE-500613,CUST-10877,Solicitação de estorno de taxa de transferência,Financeiro,Reclame Aqui,High,Closed,4,2022-10-10T16:13:00Z,2022-10-18T16:13:00Z
CASE-500106,CUST-10168,Dúvida sobre validade dos pontos expirando,Atendimento,Telefone,Medium,Resolved,4,2022-10-14T00:24:00Z,2022-10-19T00:24:00Z
CASE-500078,CUST-10119,Atraso na entrega de produto resgatado,Resgate/Entrega,Telefone,High,In Progress,1,2022-10-22T08:44:00Z,
CASE-500391,CUST-10579,Dúvida sobre validade dos pontos expirando,Atendimento,Chat Web,Critical,Closed,1,2022-10-28T12:47:00Z,2022-11-05T12:47:00Z
CASE-500612,CUST-10876,Dificuldade para cancelar assinatura do Clube Livelo,Clube Livelo,App Livelo,Low,Resolved,2,2022-11-24T08:02:00Z,2022-11-26T08:02:00Z
CASE-500479,CUST-10686,Erro ao transferir pontos para programa aéreo,Pontuação/Acúmulo,Telefone,Low,Closed,5,2022-11-26T03:46:00Z,2022-12-06T03:46:00Z
CASE-500203,CUST-10298,Solicitação de estorno de taxa de transferência,Financeiro,Reclame Aqui,High,In Progress,1,2022-11-28T07:35:00Z,
CASE-500146,CUST-10224,Dúvida sobre validade dos pontos expirando,Atendimento,Telefone,High,Closed,2,2022-12-07T18:31:00Z,2022-12-12T18:31:00Z
CASE-500226,CUST-10334,Solicitação de estorno de taxa de transferência,Financeiro,Chat Web,Low,Closed,5,2022-12-27T13:46:00Z,2022-12-29T13:46:00Z
CASE-500415,CUST-10604,Alteração de endereço de entrega de pedido,Resgate/Entrega,Telefone,High,Closed,1,2023-01-10T11:01:00Z,2023-01-11T11:01:00Z
CASE-500206,CUST-10304,Voucher de Gift Card com código inválido,Resgate/Entrega,App Livelo,Low,Closed,5,2023-01-12T13:25:00Z,2023-01-16T13:25:00Z
CASE-500639,CUST-10904,Erro ao transferir pontos para programa aéreo,Pontuação/Acúmulo,Chat Web,Critical,Resolved,2,2023-01-14T12:21:00Z,2023-01-15T12:21:00Z
CASE-500016,CUST-10030,Erro ao transferir pontos para programa aéreo,Pontuação/Acúmulo,WhatsApp,Low,Closed,4,2023-01-18T21:54:00Z,2023-01-28T21:54:00Z
CASE-500378,CUST-10551,Solicitação de estorno de taxa de transferência,Financeiro,Telefone,Medium,Resolved,3,2023-01-22T05:46:00Z,2023-01-24T05:46:00Z
CASE-500283,CUST-10414,Atraso na entrega de produto resgatado,Resgate/Entrega,Reclame Aqui,Low,Closed,5,2023-02-07T18:13:00Z,2023-02-13T18:13:00Z
CASE-500522,CUST-10736,Cobrança indevida da mensalidade do Clube Livelo,Clube Livelo,Telefone,Low,Closed,5,2023-02-09T18:57:00Z,2023-02-17T18:57:00Z
CASE-500637,CUST-10902,Atraso na entrega de produto resgatado,Resgate/Entrega,App Livelo,High,Escalated,1,2023-02-11T05:11:00Z,
CASE-500341,CUST-10498,Cobrança indevida da mensalidade do Clube Livelo,Clube Livelo,Reclame Aqui,Medium,Resolved,5,2023-02-16T07:30:00Z,2023-02-26T07:30:00Z
CASE-500085,CUST-10126,Produto entregue com avaria/defeito,Resgate/Entrega,Telefone,Low,Closed,5,2023-02-28T10:35:00Z,2023-03-03T10:35:00Z
CASE-500271,CUST-10394,Dificuldade para cancelar assinatura do Clube Livelo,Clube Livelo,App Livelo,High,Closed,1,2023-03-19T17:54:00Z,2023-03-21T17:54:00Z
CASE-500399,CUST-10589,Atraso na entrega de produto resgatado,Resgate/Entrega,Chat Web,Low,Resolved,3,2023-03-20T00:53:00Z,2023-03-26T00:53:00Z
CASE-500684,CUST-10962,Atraso na entrega de produto resgatado,Resgate/Entrega,WhatsApp,Medium,Closed,4,2023-03-21T13:06:00Z,2023-03-26T13:06:00Z
CASE-500550,CUST-10780,Produto entregue com avaria/defeito,Resgate/Entrega,App Livelo,Low,Closed,4,2023-03-30T13:45:00Z,2023-04-09T13:45:00Z
CASE-500607,CUST-10872,Alteração de endereço de entrega de pedido,Resgate/Entrega,App Livelo,Medium,Resolved,4,2023-03-31T11:23:00Z,2023-04-01T11:23:00Z
CASE-500474,CUST-10679,Dúvida sobre validade dos pontos expirando,Atendimento,Telefone,Medium,Closed,4,2023-04-02T01:40:00Z,2023-04-12T01:40:00Z
CASE-500711,CUST-11000,Erro ao transferir pontos para programa aéreo,Pontuação/Acúmulo,WhatsApp,High,In Progress,2,2023-04-02T22:31:00Z,
CASE-500265,CUST-10389,Dúvida sobre validade dos pontos expirando,Atendimento,Telefone,Low,Closed,5,2023-04-05T06:21:00Z,2023-04-12T06:21:00Z
CASE-500258,CUST-10372,Pontos não creditados após compra parceira,Pontuação/Acúmulo,Telefone,High,Closed,2,2023-04-10T08:55:00Z,2023-04-17T08:55:00Z
CASE-500493,CUST-10700,Erro ao transferir pontos para programa aéreo,Pontuação/Acúmulo,WhatsApp,High,Escalated,1,2023-04-21T09:58:00Z,
CASE-500213,CUST-10318,Cobrança indevida da mensalidade do Clube Livelo,Clube Livelo,App Livelo,High,Escalated,2,2023-04-21T20:20:00Z,
CASE-500013,CUST-10023,Produto entregue com avaria/defeito,Resgate/Entrega,App Livelo,Low,Resolved,5,2023-04-23T19:56:00Z,2023-05-03T19:56:00Z
CASE-500365,CUST-10534,Voucher de Gift Card com código inválido,Resgate/Entrega,Chat Web,Medium,Closed,5,2023-04-26T16:20:00Z,2023-05-02T16:20:00Z
CASE-500153,CUST-10235,Produto entregue com avaria/defeito,Resgate/Entrega,WhatsApp,Medium,In Progress,1,2023-04-29T18:22:00Z,
CASE-500579,CUST-10834,Cobrança indevida da mensalidade do Clube Livelo,Clube Livelo,App Livelo,Medium,Resolved,1,2023-05-01T19:42:00Z,2023-05-11T19:42:00Z
CASE-500005,CUST-10014,Dificuldade para cancelar assinatura do Clube Livelo,Clube Livelo,Chat Web,Low,Closed,5,2023-05-15T21:46:00Z,2023-05-17T21:46:00Z
CASE-500194,CUST-10283,Produto entregue com avaria/defeito,Resgate/Entrega,Telefone,Critical,Resolved,1,2023-05-20T14:57:00Z,2023-05-23T14:57:00Z
CASE-500328,CUST-10485,Voucher de Gift Card com código inválido,Resgate/Entrega,WhatsApp,Low,Closed,4,2023-06-24T07:58:00Z,2023-06-27T07:58:00Z
CASE-500551,CUST-10783,Erro ao transferir pontos para programa aéreo,Pontuação/Acúmulo,Chat Web,Low,Closed,4,2023-06-25T08:39:00Z,2023-06-27T08:39:00Z
CASE-500523,CUST-10741,Alteração de endereço de entrega de pedido,Resgate/Entrega,App Livelo,High,In Progress,1,2023-06-27T19:52:00Z,
CASE-500487,CUST-10695,Dificuldade para cancelar assinatura do Clube Livelo,Clube Livelo,Reclame Aqui,Critical,Closed,5,2023-07-01T01:34:00Z,2023-07-08T01:34:00Z
CASE-500681,CUST-10959,Dúvida sobre validade dos pontos expirando,Atendimento,Reclame Aqui,Low,Closed,5,2023-07-05T21:24:00Z,2023-07-09T21:24:00Z
CASE-500588,CUST-10844,Produto entregue com avaria/defeito,Resgate/Entrega,Chat Web,Medium,Closed,4,2023-07-06T14:59:00Z,2023-07-10T14:59:00Z
CASE-500569,CUST-10820,Alteração de endereço de entrega de pedido,Resgate/Entrega,WhatsApp,Low,Closed,5,2023-07-07T18:52:00Z,2023-07-09T18:52:00Z
CASE-500676,CUST-10954,Dificuldade para cancelar assinatura do Clube Livelo,Clube Livelo,Reclame Aqui,Low,Closed,5,2023-07-08T02:26:00Z,2023-07-09T02:26:00Z
CASE-500489,CUST-10696,Atraso na entrega de produto resgatado,Resgate/Entrega,App Livelo,Low,Closed,2,2023-07-10T07:01:00Z,2023-07-19T07:01:00Z
CASE-500102,CUST-10155,Solicitação de estorno de taxa de transferência,Financeiro,App Livelo,High,Closed,4,2023-07-10T11:08:00Z,2023-07-20T11:08:00Z
CASE-500558,CUST-10796,Dúvida sobre validade dos pontos expirando,Atendimento,Chat Web,High,Resolved,2,2023-07-11T21:34:00Z,2023-07-20T21:34:00Z
CASE-500369,CUST-10539,Erro ao transferir pontos para programa aéreo,Pontuação/Acúmulo,WhatsApp,Low,Resolved,5,2023-07-12T05:15:00Z,2023-07-18T05:15:00Z
CASE-500610,CUST-10875,Erro ao transferir pontos para programa aéreo,Pontuação/Acúmulo,WhatsApp,Low,Escalated,3,2023-07-13T09:29:00Z,
CASE-500418,CUST-10604,Solicitação de estorno de taxa de transferência,Financeiro,App Livelo,High,In Progress,1,2023-07-13T10:28:00Z,
CASE-500455,CUST-10656,Dúvida sobre validade dos pontos expirando,Atendimento,WhatsApp,Critical,Escalated,2,2023-07-21T11:51:00Z,
CASE-500080,CUST-10122,Cobrança indevida da mensalidade do Clube Livelo,Clube Livelo,Chat Web,High,Resolved,5,2023-07-23T20:27:00Z,2023-07-27T20:27:00Z
CASE-500287,CUST-10423,Erro ao transferir pontos para programa aéreo,Pontuação/Acúmulo,WhatsApp,Medium,Closed,3,2023-07-24T04:10:00Z,2023-07-29T04:10:00Z
CASE-500286,CUST-10419,Solicitação de estorno de taxa de transferência,Financeiro,Chat Web,Low,Closed,5,2023-07-27T05:53:00Z,2023-07-29T05:53:00Z
CASE-500377,CUST-10551,Pontos não creditados após compra parceira,Pontuação/Acúmulo,Reclame Aqui,High,Closed,4,2023-07-27T22:01:00Z,2023-08-01T22:01:00Z
CASE-500354,CUST-10521,Pontos não creditados após compra parceira,Pontuação/Acúmulo,WhatsApp,Low,Closed,3,2023-08-01T14:38:00Z,2023-08-04T14:38:00Z
CASE-500502,CUST-10708,Alteração de endereço de entrega de pedido,Resgate/Entrega,App Livelo,Critical,Escalated,1,2023-08-01T20:40:00Z,
CASE-500446,CUST-10644,Alteração de endereço de entrega de pedido,Resgate/Entrega,WhatsApp,Critical,Closed,5,2023-08-07T14:04:00Z,2023-08-08T14:04:00Z
CASE-500706,CUST-10990,Alteração de endereço de entrega de pedido,Resgate/Entrega,Reclame Aqui,High,Escalated,2,2023-08-13T00:55:00Z,
CASE-500609,CUST-10874,Erro ao transferir pontos para programa aéreo,Pontuação/Acúmulo,App Livelo,High,Escalated,1,2023-08-14T18:40:00Z,
CASE-500038,CUST-10062,Erro ao transferir pontos para programa aéreo,Pontuação/Acúmulo,Reclame Aqui,Medium,Resolved,5,2023-08-16T05:41:00Z,2023-08-23T05:41:00Z
CASE-500018,CUST-10032,Erro ao transferir pontos para programa aéreo,Pontuação/Acúmulo,Telefone,Low,Resolved,1,2023-08-18T00:07:00Z,2023-08-27T00:07:00Z
CASE-500219,CUST-10322,Dificuldade para cancelar assinatura do Clube Livelo,Clube Livelo,WhatsApp,Critical,Closed,4,2023-08-23T17:20:00Z,2023-08-26T17:20:00Z
CASE-500214,CUST-10318,Dificuldade para cancelar assinatura do Clube Livelo,Clube Livelo,Reclame Aqui,High,Closed,1,2023-08-29T14:32:00Z,2023-08-30T14:32:00Z
CASE-500322,CUST-10474,Atraso na entrega de produto resgatado,Resgate/Entrega,App Livelo,Medium,Resolved,5,2023-08-30T08:09:00Z,2023-09-03T08:09:00Z
CASE-500392,CUST-10579,Alteração de endereço de entrega de pedido,Resgate/Entrega,Telefone,Critical,Escalated,2,2023-08-30T09:34:00Z,
CASE-500267,CUST-10391,Erro ao transferir pontos para programa aéreo,Pontuação/Acúmulo,Chat Web,Low,Closed,4,2023-09-02T08:31:00Z,2023-09-07T08:31:00Z
CASE-500046,CUST-10072,Dificuldade para cancelar assinatura do Clube Livelo,Clube Livelo,App Livelo,Low,Closed,5,2023-09-14T00:08:00Z,2023-09-22T00:08:00Z
CASE-500638,CUST-10904,Voucher de Gift Card com código inválido,Resgate/Entrega,Chat Web,High,Resolved,3,2023-09-18T18:06:00Z,2023-09-20T18:06:00Z
CASE-500682,CUST-10959,Pontos não creditados após compra parceira,Pontuação/Acúmulo,Chat Web,Low,Closed,3,2023-09-24T05:07:00Z,2023-09-26T05:07:00Z
CASE-500281,CUST-10412,Atraso na entrega de produto resgatado,Resgate/Entrega,App Livelo,Low,Resolved,5,2023-10-01T12:21:00Z,2023-10-07T12:21:00Z
CASE-500688,CUST-10964,Solicitação de estorno de taxa de transferência,Financeiro,Telefone,Low,Closed,4,2023-10-02T03:19:00Z,2023-10-05T03:19:00Z
CASE-500402,CUST-10593,Pontos não creditados após compra parceira,Pontuação/Acúmulo,App Livelo,Low,Closed,5,2023-10-03T17:54:00Z,2023-10-12T17:54:00Z
CASE-500145,CUST-10224,Produto entregue com avaria/defeito,Resgate/Entrega,App Livelo,Critical,Closed,2,2023-10-07T17:48:00Z,2023-10-12T17:48:00Z
CASE-500481,CUST-10688,Dificuldade para cancelar assinatura do Clube Livelo,Clube Livelo,Reclame Aqui,Low,Escalated,1,2023-10-13T07:13:00Z,
CASE-500537,CUST-10758,Alteração de endereço de entrega de pedido,Resgate/Entrega,Reclame Aqui,Medium,Resolved,4,2023-10-14T20:06:00Z,2023-10-17T20:06:00Z
CASE-500035,CUST-10055,Dúvida sobre validade dos pontos expirando,Atendimento,WhatsApp,High,Escalated,1,2023-10-17T03:10:00Z,
CASE-500621,CUST-10889,Voucher de Gift Card com código inválido,Resgate/Entrega,Telefone,Low,Closed,5,2023-10-19T01:47:00Z,2023-10-28T01:47:00Z
CASE-500040,CUST-10065,Solicitação de estorno de taxa de transferência,Financeiro,Telefone,Medium,Escalated,1,2023-10-20T09:34:00Z,
CASE-500470,CUST-10676,Dificuldade para cancelar assinatura do Clube Livelo,Clube Livelo,Reclame Aqui,Medium,Closed,4,2023-10-22T08:43:00Z,2023-10-25T08:43:00Z
CASE-500090,CUST-10135,Cobrança indevida da mensalidade do Clube Livelo,Clube Livelo,App Livelo,Low,Closed,5,2023-10-25T10:19:00Z,2023-10-28T10:19:00Z
CASE-500699,CUST-10982,Voucher de Gift Card com código inválido,Resgate/Entrega,Chat Web,High,Resolved,1,2023-11-02T04:01:00Z,2023-11-03T04:01:00Z
CASE-500695,CUST-10976,Produto entregue com avaria/defeito,Resgate/Entrega,App Livelo,Medium,Closed,5,2023-11-02T17:07:00Z,2023-11-12T17:07:00Z
CASE-500329,CUST-10486,Dificuldade para cancelar assinatura do Clube Livelo,Clube Livelo,Telefone,High,Resolved,1,2023-11-03T11:48:00Z,2023-11-07T11:48:00Z
CASE-500023,CUST-10038,Cobrança indevida da mensalidade do Clube Livelo,Clube Livelo,Telefone,Medium,Closed,4,2023-11-04T10:51:00Z,2023-11-12T10:51:00Z
CASE-500011,CUST-10020,Dificuldade para cancelar assinatura do Clube Livelo,Clube Livelo,App Livelo,Medium,Closed,5,2023-11-06T20:06:00Z,2023-11-07T20:06:00Z
CASE-500247,CUST-10361,Pontos não creditados após compra parceira,Pontuação/Acúmulo,Chat Web,Medium,Resolved,3,2023-11-08T03:44:00Z,2023-11-18T03:44:00Z
CASE-500036,CUST-10055,Alteração de endereço de entrega de pedido,Resgate/Entrega,App Livelo,Critical,Escalated,1,2023-11-11T18:15:00Z,
CASE-500010,CUST-10020,Erro ao transferir pontos para programa aéreo,Pontuação/Acúmulo,WhatsApp,Low,Resolved,5,2023-11-12T11:20:00Z,2023-11-22T11:20:00Z
CASE-500650,CUST-10920,Solicitação de estorno de taxa de transferência,Financeiro,WhatsApp,Low,Resolved,4,2023-11-14T10:41:00Z,2023-11-23T10:41:00Z
CASE-500463,CUST-10667,Pontos não creditados após compra parceira,Pontuação/Acúmulo,Chat Web,Medium,Resolved,4,2023-11-15T11:08:00Z,2023-11-22T11:08:00Z
CASE-500652,CUST-10927,Voucher de Gift Card com código inválido,Resgate/Entrega,Chat Web,Critical,Closed,3,2023-11-15T14:03:00Z,2023-11-24T14:03:00Z
CASE-500368,CUST-10538,Alteração de endereço de entrega de pedido,Resgate/Entrega,Chat Web,Medium,Resolved,4,2023-11-16T21:29:00Z,2023-11-20T21:29:00Z
CASE-500276,CUST-10403,Produto entregue com avaria/defeito,Resgate/Entrega,Reclame Aqui,Low,Resolved,4,2023-11-18T07:50:00Z,2023-11-27T07:50:00Z
CASE-500120,CUST-10190,Dúvida sobre validade dos pontos expirando,Atendimento,Chat Web,Critical,Resolved,1,2023-11-21T12:23:00Z,2023-11-25T12:23:00Z
CASE-500180,CUST-10262,Produto entregue com avaria/defeito,Resgate/Entrega,Telefone,Low,Closed,4,2023-11-26T11:05:00Z,2023-11-28T11:05:00Z
CASE-500264,CUST-10387,Voucher de Gift Card com código inválido,Resgate/Entrega,Reclame Aqui,Medium,Closed,4,2023-11-27T22:41:00Z,2023-11-28T22:41:00Z
CASE-500099,CUST-10151,Dúvida sobre validade dos pontos expirando,Atendimento,Chat Web,Medium,Closed,4,2023-12-05T10:55:00Z,2023-12-07T10:55:00Z
CASE-500514,CUST-10723,Voucher de Gift Card com código inválido,Resgate/Entrega,App Livelo,Low,Closed,3,2023-12-05T23:22:00Z,2023-12-10T23:22:00Z
CASE-500656,CUST-10931,Produto entregue com avaria/defeito,Resgate/Entrega,WhatsApp,Critical,Resolved,4,2023-12-17T01:28:00Z,2023-12-22T01:28:00Z
CASE-500097,CUST-10149,Erro ao transferir pontos para programa aéreo,Pontuação/Acúmulo,WhatsApp,Low,Closed,4,2023-12-17T03:33:00Z,2023-12-27T03:33:00Z
CASE-500620,CUST-10888,Alteração de endereço de entrega de pedido,Resgate/Entrega,Telefone,Medium,Resolved,1,2023-12-21T19:15:00Z,2023-12-30T19:15:00Z
CASE-500702,CUST-10989,Cobrança indevida da mensalidade do Clube Livelo,Clube Livelo,Telefone,High,Resolved,2,2023-12-24T16:00:00Z,2023-12-29T16:00:00Z
CASE-500358,CUST-10523,Produto entregue com avaria/defeito,Resgate/Entrega,Telefone,High,Escalated,2,2023-12-28T06:04:00Z,
CASE-500449,CUST-10649,Produto entregue com avaria/defeito,Resgate/Entrega,App Livelo,High,In Progress,2,2023-12-29T13:20:00Z,
CASE-500586,CUST-10843,Produto entregue com avaria/defeito,Resgate/Entrega,App Livelo,Low,Resolved,5,2023-12-30T00:02:00Z,2024-01-02T00:02:00Z
CASE-500172,CUST-10256,Voucher de Gift Card com código inválido,Resgate/Entrega,WhatsApp,High,Resolved,1,2023-12-30T21:21:00Z,2024-01-04T21:21:00Z
CASE-500132,CUST-10208,Dificuldade para cancelar assinatura do Clube Livelo,Clube Livelo,Reclame Aqui,High,Closed,4,2024-01-01T15:52:00Z,2024-01-11T15:52:00Z
CASE-500107,CUST-10168,Pontos não creditados após compra parceira,Pontuação/Acúmulo,Chat Web,Medium,Closed,5,2024-01-03T04:39:00Z,2024-01-12T04:39:00Z
CASE-500450,CUST-10649,Produto entregue com avaria/defeito,Resgate/Entrega,Chat Web,Critical,Resolved,1,2024-01-04T02:18:00Z,2024-01-08T02:18:00Z
CASE-500404,CUST-10594,Produto entregue com avaria/defeito,Resgate/Entrega,Reclame Aqui,Low,Resolved,4,2024-01-05T04:49:00Z,2024-01-13T04:49:00Z
CASE-500355,CUST-10521,Produto entregue com avaria/defeito,Resgate/Entrega,Chat Web,Low,Closed,3,2024-01-09T00:33:00Z,2024-01-15T00:33:00Z
CASE-500122,CUST-10190,Produto entregue com avaria/defeito,Resgate/Entrega,WhatsApp,Critical,Closed,1,2024-01-10T16:58:00Z,2024-01-13T16:58:00Z
CASE-500049,CUST-10076,Atraso na entrega de produto resgatado,Resgate/Entrega,Reclame Aqui,Medium,Escalated,1,2024-01-10T19:01:00Z,
CASE-500405,CUST-10595,Pontos não creditados após compra parceira,Pontuação/Acúmulo,App Livelo,Low,Closed,3,2024-01-11T04:04:00Z,2024-01-16T04:04:00Z
CASE-500197,CUST-10286,Alteração de endereço de entrega de pedido,Resgate/Entrega,WhatsApp,Low,Resolved,5,2024-01-21T02:26:00Z,2024-01-31T02:26:00Z
CASE-500373,CUST-10547,Atraso na entrega de produto resgatado,Resgate/Entrega,WhatsApp,High,Resolved,4,2024-01-22T10:22:00Z,2024-01-30T10:22:00Z
CASE-500422,CUST-10609,Erro ao transferir pontos para programa aéreo,Pontuação/Acúmulo,Telefone,Low,Escalated,4,2024-01-23T21:36:00Z,
CASE-500477,CUST-10684,Voucher de Gift Card com código inválido,Resgate/Entrega,Chat Web,Low,Closed,5,2024-01-27T06:37:00Z,2024-02-03T06:37:00Z
CASE-500048,CUST-10074,Voucher de Gift Card com código inválido,Resgate/Entrega,Reclame Aqui,High,Closed,1,2024-01-29T04:33:00Z,2024-02-07T04:33:00Z
CASE-500471,CUST-10677,Erro ao transferir pontos para programa aéreo,Pontuação/Acúmulo,App Livelo,High,Closed,5,2024-01-29T17:33:00Z,2024-02-02T17:33:00Z
CASE-500082,CUST-10123,Alteração de endereço de entrega de pedido,Resgate/Entrega,Telefone,Low,Closed,5,2024-02-01T11:25:00Z,2024-02-03T11:25:00Z
CASE-500231,CUST-10337,Alteração de endereço de entrega de pedido,Resgate/Entrega,Reclame Aqui,Critical,Resolved,1,2024-02-02T04:26:00Z,2024-02-06T04:26:00Z
CASE-500494,CUST-10700,Solicitação de estorno de taxa de transferência,Financeiro,Chat Web,High,Resolved,2,2024-02-04T00:07:00Z,2024-02-13T00:07:00Z
CASE-500229,CUST-10336,Atraso na entrega de produto resgatado,Resgate/Entrega,Telefone,High,Closed,1,2024-02-05T05:40:00Z,2024-02-09T05:40:00Z
CASE-500294,CUST-10434,Pontos não creditados após compra parceira,Pontuação/Acúmulo,App Livelo,Medium,In Progress,1,2024-02-12T14:21:00Z,
CASE-500062,CUST-10092,Dificuldade para cancelar assinatura do Clube Livelo,Clube Livelo,WhatsApp,Medium,Resolved,4,2024-02-14T21:57:00Z,2024-02-22T21:57:00Z
CASE-500288,CUST-10423,Produto entregue com avaria/defeito,Resgate/Entrega,App Livelo,Medium,Closed,5,2024-02-15T21:49:00Z,2024-02-24T21:49:00Z
CASE-500282,CUST-10412,Pontos não creditados após compra parceira,Pontuação/Acúmulo,App Livelo,Medium,Closed,5,2024-02-21T06:16:00Z,2024-02-22T06:16:00Z
CASE-500137,CUST-10215,Cobrança indevida da mensalidade do Clube Livelo,Clube Livelo,Telefone,Critical,Closed,4,2024-02-21T07:53:00Z,2024-02-27T07:53:00Z
CASE-500238,CUST-10346,Dificuldade para cancelar assinatura do Clube Livelo,Clube Livelo,App Livelo,Medium,Closed,1,2024-02-23T00:00:00Z,2024-02-24T00:00:00Z
CASE-500063,CUST-10094,Cobrança indevida da mensalidade do Clube Livelo,Clube Livelo,WhatsApp,Low,Closed,5,2024-02-24T02:48:00Z,2024-02-27T02:48:00Z
CASE-500134,CUST-10211,Dificuldade para cancelar assinatura do Clube Livelo,Clube Livelo,Chat Web,Low,Closed,5,2024-02-25T05:50:00Z,2024-03-02T05:50:00Z
CASE-500225,CUST-10333,Alteração de endereço de entrega de pedido,Resgate/Entrega,Reclame Aqui,Medium,Closed,5,2024-03-04T13:18:00Z,2024-03-13T13:18:00Z
CASE-500408,CUST-10598,Atraso na entrega de produto resgatado,Resgate/Entrega,Chat Web,Low,Closed,5,2024-03-06T22:08:00Z,2024-03-14T22:08:00Z
CASE-500313,CUST-10465,Atraso na entrega de produto resgatado,Resgate/Entrega,Chat Web,High,Closed,5,2024-03-07T11:18:00Z,2024-03-11T11:18:00Z
CASE-500159,CUST-10237,Voucher de Gift Card com código inválido,Resgate/Entrega,Reclame Aqui,Low,Resolved,3,2024-03-09T15:43:00Z,2024-03-14T15:43:00Z
CASE-500503,CUST-10708,Produto entregue com avaria/defeito,Resgate/Entrega,Telefone,High,Escalated,2,2024-03-15T05:20:00Z,
CASE-500573,CUST-10829,Cobrança indevida da mensalidade do Clube Livelo,Clube Livelo,WhatsApp,Medium,In Progress,4,2024-03-15T12:42:00Z,
CASE-500576,CUST-10833,Atraso na entrega de produto resgatado,Resgate/Entrega,Telefone,Critical,Closed,4,2024-03-15T19:17:00Z,2024-03-20T19:17:00Z
CASE-500654,CUST-10930,Dúvida sobre validade dos pontos expirando,Atendimento,Reclame Aqui,High,Closed,4,2024-03-17T16:45:00Z,2024-03-19T16:45:00Z
CASE-500034,CUST-10054,Erro ao transferir pontos para programa aéreo,Pontuação/Acúmulo,Reclame Aqui,Low,Closed,5,2024-03-20T07:51:00Z,2024-03-21T07:51:00Z
CASE-500155,CUST-10236,Pontos não creditados após compra parceira,Pontuação/Acúmulo,App Livelo,High,Resolved,1,2024-03-20T07:58:00Z,2024-03-21T07:58:00Z
CASE-500462,CUST-10665,Cobrança indevida da mensalidade do Clube Livelo,Clube Livelo,Telefone,High,Escalated,1,2024-03-20T23:55:00Z,
CASE-500167,CUST-10245,Pontos não creditados após compra parceira,Pontuação/Acúmulo,Reclame Aqui,High,Closed,5,2024-03-22T09:12:00Z,2024-04-01T09:12:00Z
CASE-500151,CUST-10233,Dúvida sobre validade dos pontos expirando,Atendimento,Telefone,Critical,In Progress,1,2024-03-22T21:23:00Z,
CASE-500601,CUST-10857,Dificuldade para cancelar assinatura do Clube Livelo,Clube Livelo,Reclame Aqui,Low,Resolved,5,2024-03-24T06:14:00Z,2024-03-31T06:14:00Z
CASE-500285,CUST-10416,Voucher de Gift Card com código inválido,Resgate/Entrega,WhatsApp,Low,Closed,5,2024-03-25T09:27:00Z,2024-03-29T09:27:00Z
CASE-500647,CUST-10919,Cobrança indevida da mensalidade do Clube Livelo,Clube Livelo,Chat Web,Critical,Escalated,1,2024-03-27T04:17:00Z,
CASE-500520,CUST-10734,Atraso na entrega de produto resgatado,Resgate/Entrega,App Livelo,Low,Closed,5,2024-03-31T02:34:00Z,2024-04-03T02:34:00Z
CASE-500524,CUST-10741,Pontos não creditados após compra parceira,Pontuação/Acúmulo,Telefone,Critical,Resolved,1,2024-03-31T14:15:00Z,2024-04-05T14:15:00Z
CASE-500491,CUST-10699,Dúvida sobre validade dos pontos expirando,Atendimento,WhatsApp,Low,Resolved,2,2024-04-03T10:41:00Z,2024-04-10T10:41:00Z
CASE-500459,CUST-10662,Solicitação de estorno de taxa de transferência,Financeiro,Telefone,High,Closed,3,2024-04-03T18:17:00Z,2024-04-04T18:17:00Z
CASE-500592,CUST-10845,Pontos não creditados após compra parceira,Pontuação/Acúmulo,Reclame Aqui,Medium,Resolved,1,2024-04-04T00:37:00Z,2024-04-10T00:37:00Z
CASE-500707,CUST-10991,Atraso na entrega de produto resgatado,Resgate/Entrega,App Livelo,Medium,Resolved,5,2024-04-04T12:12:00Z,2024-04-10T12:12:00Z
CASE-500056,CUST-10088,Produto entregue com avaria/defeito,Resgate/Entrega,Chat Web,High,Closed,2,2024-04-04T18:17:00Z,2024-04-10T18:17:00Z
CASE-500443,CUST-10642,Voucher de Gift Card com código inválido,Resgate/Entrega,Chat Web,High,Closed,1,2024-04-09T00:40:00Z,2024-04-16T00:40:00Z
CASE-500497,CUST-10703,Produto entregue com avaria/defeito,Resgate/Entrega,Chat Web,Medium,Resolved,5,2024-04-12T04:41:00Z,2024-04-21T04:41:00Z
CASE-500024,CUST-10040,Erro ao transferir pontos para programa aéreo,Pontuação/Acúmulo,Telefone,Low,Closed,3,2024-04-12T20:07:00Z,2024-04-18T20:07:00Z
CASE-500411,CUST-10600,Cobrança indevida da mensalidade do Clube Livelo,Clube Livelo,App Livelo,Low,Closed,4,2024-04-15T10:18:00Z,2024-04-18T10:18:00Z
CASE-500193,CUST-10282,Alteração de endereço de entrega de pedido,Resgate/Entrega,Telefone,Critical,Closed,1,2024-04-19T03:07:00Z,2024-04-24T03:07:00Z
CASE-500308,CUST-10460,Voucher de Gift Card com código inválido,Resgate/Entrega,App Livelo,High,In Progress,1,2024-04-20T12:14:00Z,
CASE-500212,CUST-10318,Dificuldade para cancelar assinatura do Clube Livelo,Clube Livelo,Reclame Aqui,High,Escalated,2,2024-04-20T17:04:00Z,
CASE-500495,CUST-10700,Alteração de endereço de entrega de pedido,Resgate/Entrega,WhatsApp,Critical,Escalated,1,2024-04-21T05:40:00Z,
CASE-500189,CUST-10275,Erro ao transferir pontos para programa aéreo,Pontuação/Acúmulo,Telefone,High,Closed,5,2024-04-24T17:36:00Z,2024-05-01T17:36:00Z
CASE-500453,CUST-10653,Alteração de endereço de entrega de pedido,Resgate/Entrega,Reclame Aqui,High,Resolved,1,2024-04-25T02:43:00Z,2024-04-29T02:43:00Z
CASE-500545,CUST-10773,Erro ao transferir pontos para programa aéreo,Pontuação/Acúmulo,Reclame Aqui,High,In Progress,1,2024-04-25T15:26:00Z,
CASE-500020,CUST-10033,Produto entregue com avaria/defeito,Resgate/Entrega,Telefone,High,Closed,5,2024-04-28T06:12:00Z,2024-05-08T06:12:00Z
CASE-500416,CUST-10604,Dificuldade para cancelar assinatura do Clube Livelo,Clube Livelo,Chat Web,High,Closed,2,2024-04-28T18:12:00Z,2024-05-03T18:12:00Z
CASE-500587,CUST-10844,Pontos não creditados após compra parceira,Pontuação/Acúmulo,WhatsApp,Low,Closed,5,2024-05-02T19:46:00Z,2024-05-09T19:46:00Z
CASE-500009,CUST-10019,Produto entregue com avaria/defeito,Resgate/Entrega,Telefone,High,Closed,4,2024-05-06T10:55:00Z,2024-05-10T10:55:00Z
CASE-500330,CUST-10486,Produto entregue com avaria/defeito,Resgate/Entrega,Telefone,High,Closed,2,2024-05-06T14:00:00Z,2024-05-11T14:00:00Z
CASE-500384,CUST-10566,Voucher de Gift Card com código inválido,Resgate/Entrega,Telefone,High,Closed,1,2024-05-08T04:45:00Z,2024-05-16T04:45:00Z
CASE-500496,CUST-10703,Dúvida sobre validade dos pontos expirando,Atendimento,App Livelo,Low,Closed,4,2024-05-09T10:28:00Z,2024-05-15T10:28:00Z
CASE-500091,CUST-10143,Dúvida sobre validade dos pontos expirando,Atendimento,WhatsApp,Low,Closed,3,2024-05-11T07:06:00Z,2024-05-21T07:06:00Z
CASE-500323,CUST-10476,Voucher de Gift Card com código inválido,Resgate/Entrega,WhatsApp,Low,Closed,3,2024-05-16T20:21:00Z,2024-05-26T20:21:00Z
CASE-500575,CUST-10833,Solicitação de estorno de taxa de transferência,Financeiro,App Livelo,Low,In Progress,4,2024-05-17T00:40:00Z,
CASE-500236,CUST-10344,Voucher de Gift Card com código inválido,Resgate/Entrega,Telefone,High,Closed,4,2024-05-20T04:36:00Z,2024-05-24T04:36:00Z
CASE-500166,CUST-10244,Atraso na entrega de produto resgatado,Resgate/Entrega,WhatsApp,Critical,In Progress,1,2024-05-23T06:49:00Z,
CASE-500216,CUST-10319,Erro ao transferir pontos para programa aéreo,Pontuação/Acúmulo,WhatsApp,Critical,In Progress,1,2024-05-27T00:54:00Z,
CASE-500175,CUST-10258,Cobrança indevida da mensalidade do Clube Livelo,Clube Livelo,WhatsApp,Low,Closed,4,2024-05-28T17:20:00Z,2024-05-31T17:20:00Z
CASE-500451,CUST-10651,Erro ao transferir pontos para programa aéreo,Pontuação/Acúmulo,Reclame Aqui,Medium,Resolved,5,2024-05-31T22:17:00Z,2024-06-06T22:17:00Z
CASE-500220,CUST-10324,Solicitação de estorno de taxa de transferência,Financeiro,WhatsApp,Low,Closed,5,2024-06-02T08:59:00Z,2024-06-09T08:59:00Z
CASE-500401,CUST-10590,Pontos não creditados após compra parceira,Pontuação/Acúmulo,Reclame Aqui,Medium,Resolved,3,2024-06-02T13:46:00Z,2024-06-08T13:46:00Z
CASE-500207,CUST-10305,Dúvida sobre validade dos pontos expirando,Atendimento,App Livelo,High,Closed,4,2024-06-05T08:54:00Z,2024-06-15T08:54:00Z
CASE-500568,CUST-10819,Erro ao transferir pontos para programa aéreo,Pontuação/Acúmulo,Chat Web,Low,Closed,4,2024-06-09T06:40:00Z,2024-06-17T06:40:00Z
CASE-500529,CUST-10747,Voucher de Gift Card com código inválido,Resgate/Entrega,Reclame Aqui,Medium,In Progress,1,2024-06-10T01:07:00Z,
CASE-500293,CUST-10434,Produto entregue com avaria/defeito,Resgate/Entrega,WhatsApp,High,Closed,2,2024-06-12T19:32:00Z,2024-06-21T19:32:00Z
CASE-500426,CUST-10613,Cobrança indevida da mensalidade do Clube Livelo,Clube Livelo,Chat Web,Low,Closed,4,2024-06-13T12:24:00Z,2024-06-17T12:24:00Z
CASE-500367,CUST-10538,Solicitação de estorno de taxa de transferência,Financeiro,Telefone,Medium,Resolved,4,2024-06-14T19:39:00Z,2024-06-20T19:39:00Z
CASE-500370,CUST-10540,Dúvida sobre validade dos pontos expirando,Atendimento,App Livelo,High,Closed,5,2024-06-16T01:45:00Z,2024-06-26T01:45:00Z
CASE-500127,CUST-10198,Voucher de Gift Card com código inválido,Resgate/Entrega,Reclame Aqui,Medium,Resolved,3,2024-06-16T14:45:00Z,2024-06-24T14:45:00Z
CASE-500430,CUST-10620,Alteração de endereço de entrega de pedido,Resgate/Entrega,WhatsApp,Medium,Resolved,5,2024-06-16T19:43:00Z,2024-06-20T19:43:00Z
CASE-500519,CUST-10731,Voucher de Gift Card com código inválido,Resgate/Entrega,Reclame Aqui,Low,Closed,5,2024-06-27T00:49:00Z,2024-06-30T00:49:00Z
CASE-500344,CUST-10507,Solicitação de estorno de taxa de transferência,Financeiro,WhatsApp,Critical,Closed,1,2024-06-27T10:53:00Z,2024-07-02T10:53:00Z
CASE-500185,CUST-10270,Produto entregue com avaria/defeito,Resgate/Entrega,App Livelo,Low,Closed,5,2024-06-30T22:57:00Z,2024-07-03T22:57:00Z
CASE-500205,CUST-10304,Voucher de Gift Card com código inválido,Resgate/Entrega,Telefone,Low,Closed,4,2024-07-03T20:35:00Z,2024-07-11T20:35:00Z
CASE-500311,CUST-10460,Produto entregue com avaria/defeito,Resgate/Entrega,WhatsApp,Critical,Closed,2,2024-07-03T21:47:00Z,2024-07-07T21:47:00Z
CASE-500670,CUST-10949,Dificuldade para cancelar assinatura do Clube Livelo,Clube Livelo,Telefone,Medium,In Progress,1,2024-07-04T16:16:00Z,
CASE-500700,CUST-10984,Dificuldade para cancelar assinatura do Clube Livelo,Clube Livelo,Telefone,Medium,Closed,3,2024-07-05T18:57:00Z,2024-07-12T18:57:00Z
CASE-500421,CUST-10607,Voucher de Gift Card com código inválido,Resgate/Entrega,Telefone,Low,Closed,5,2024-07-06T22:04:00Z,2024-07-10T22:04:00Z
CASE-500616,CUST-10884,Dúvida sobre validade dos pontos expirando,Atendimento,App Livelo,Low,Closed,5,2024-07-07T03:25:00Z,2024-07-13T03:25:00Z
CASE-500334,CUST-10490,Atraso na entrega de produto resgatado,Resgate/Entrega,App Livelo,Low,Resolved,5,2024-07-08T20:09:00Z,2024-07-10T20:09:00Z
CASE-500093,CUST-10145,Solicitação de estorno de taxa de transferência,Financeiro,App Livelo,High,Resolved,2,2024-07-09T16:33:00Z,2024-07-13T16:33:00Z
CASE-500279,CUST-10406,Cobrança indevida da mensalidade do Clube Livelo,Clube Livelo,Chat Web,High,Resolved,2,2024-07-12T08:35:00Z,2024-07-22T08:35:00Z
CASE-500658,CUST-10933,Atraso na entrega de produto resgatado,Resgate/Entrega,Telefone,Critical,Closed,2,2024-07-13T11:02:00Z,2024-07-16T11:02:00Z
CASE-500488,CUST-10695,Alteração de endereço de entrega de pedido,Resgate/Entrega,Reclame Aqui,Medium,Closed,5,2024-07-16T01:53:00Z,2024-07-20T01:53:00Z
CASE-500565,CUST-10812,Erro ao transferir pontos para programa aéreo,Pontuação/Acúmulo,Reclame Aqui,Medium,Closed,5,2024-07-19T03:30:00Z,2024-07-22T03:30:00Z
CASE-500657,CUST-10933,Dúvida sobre validade dos pontos expirando,Atendimento,App Livelo,Medium,Closed,2,2024-07-19T05:35:00Z,2024-07-21T05:35:00Z
CASE-500140,CUST-10216,Dúvida sobre validade dos pontos expirando,Atendimento,Telefone,High,Escalated,2,2024-07-19T21:24:00Z,
CASE-500475,CUST-10680,Atraso na entrega de produto resgatado,Resgate/Entrega,Telefone,Low,Closed,3,2024-07-22T23:53:00Z,2024-07-28T23:53:00Z
CASE-500655,CUST-10931,Solicitação de estorno de taxa de transferência,Financeiro,Reclame Aqui,Medium,Resolved,4,2024-07-23T15:30:00Z,2024-07-27T15:30:00Z
CASE-500178,CUST-10260,Solicitação de estorno de taxa de transferência,Financeiro,Reclame Aqui,Medium,Closed,5,2024-07-27T11:24:00Z,2024-08-06T11:24:00Z
CASE-500425,CUST-10613,Atraso na entrega de produto resgatado,Resgate/Entrega,Chat Web,Medium,Closed,5,2024-07-27T20:24:00Z,2024-07-29T20:24:00Z
CASE-500173,CUST-10256,Dúvida sobre validade dos pontos expirando,Atendimento,Telefone,Critical,Escalated,1,2024-07-27T22:30:00Z,
CASE-500111,CUST-10174,Produto entregue com avaria/defeito,Resgate/Entrega,Chat Web,High,Closed,4,2024-07-31T22:15:00Z,2024-08-08T22:15:00Z
CASE-500687,CUST-10963,Cobrança indevida da mensalidade do Clube Livelo,Clube Livelo,WhatsApp,Medium,Closed,5,2024-08-01T09:15:00Z,2024-08-08T09:15:00Z
CASE-500325,CUST-10483,Solicitação de estorno de taxa de transferência,Financeiro,Chat Web,Critical,Resolved,1,2024-08-01T18:31:00Z,2024-08-07T18:31:00Z
CASE-500174,CUST-10257,Dúvida sobre validade dos pontos expirando,Atendimento,App Livelo,Medium,Resolved,4,2024-08-02T21:05:00Z,2024-08-05T21:05:00Z
CASE-500246,CUST-10354,Erro ao transferir pontos para programa aéreo,Pontuação/Acúmulo,Reclame Aqui,High,Closed,1,2024-08-03T07:21:00Z,2024-08-10T07:21:00Z
CASE-500117,CUST-10183,Solicitação de estorno de taxa de transferência,Financeiro,App Livelo,Low,Resolved,3,2024-08-03T17:51:00Z,2024-08-05T17:51:00Z
CASE-500478,CUST-10686,Solicitação de estorno de taxa de transferência,Financeiro,Reclame Aqui,Medium,Resolved,5,2024-08-05T08:17:00Z,2024-08-10T08:17:00Z
CASE-500466,CUST-10669,Alteração de endereço de entrega de pedido,Resgate/Entrega,WhatsApp,Medium,Closed,4,2024-08-05T15:36:00Z,2024-08-14T15:36:00Z
CASE-500061,CUST-10092,Dificuldade para cancelar assinatura do Clube Livelo,Clube Livelo,Telefone,Medium,Closed,5,2024-08-20T11:20:00Z,2024-08-30T11:20:00Z
CASE-500394,CUST-10584,Erro ao transferir pontos para programa aéreo,Pontuação/Acúmulo,App Livelo,Low,Closed,5,2024-08-21T06:53:00Z,2024-08-23T06:53:00Z
CASE-500632,CUST-10895,Alteração de endereço de entrega de pedido,Resgate/Entrega,App Livelo,Low,Closed,4,2024-08-31T16:38:00Z,2024-09-08T16:38:00Z
CASE-500126,CUST-10196,Alteração de endereço de entrega de pedido,Resgate/Entrega,Reclame Aqui,High,Closed,5,2024-09-02T02:17:00Z,2024-09-12T02:17:00Z
CASE-500275,CUST-10403,Solicitação de estorno de taxa de transferência,Financeiro,App Livelo,Medium,Closed,3,2024-09-02T08:51:00Z,2024-09-08T08:51:00Z
CASE-500390,CUST-10573,Dúvida sobre validade dos pontos expirando,Atendimento,Chat Web,High,Escalated,2,2024-09-02T16:55:00Z,
CASE-500336,CUST-10493,Pontos não creditados após compra parceira,Pontuação/Acúmulo,Chat Web,Critical,Closed,1,2024-09-04T02:56:00Z,2024-09-07T02:56:00Z
CASE-500631,CUST-10894,Dificuldade para cancelar assinatura do Clube Livelo,Clube Livelo,Chat Web,High,Resolved,1,2024-09-06T01:29:00Z,2024-09-09T01:29:00Z
CASE-500227,CUST-10335,Pontos não creditados após compra parceira,Pontuação/Acúmulo,Reclame Aqui,Low,Closed,5,2024-09-06T02:56:00Z,2024-09-11T02:56:00Z
CASE-500563,CUST-10809,Produto entregue com avaria/defeito,Resgate/Entrega,Reclame Aqui,Low,Closed,5,2024-09-07T15:29:00Z,2024-09-09T15:29:00Z
CASE-500480,CUST-10688,Erro ao transferir pontos para programa aéreo,Pontuação/Acúmulo,Reclame Aqui,High,Escalated,1,2024-09-09T21:42:00Z,
CASE-500176,CUST-10259,Dúvida sobre validade dos pontos expirando,Atendimento,Telefone,Low,Resolved,5,2024-09-10T20:12:00Z,2024-09-19T20:12:00Z
CASE-500382,CUST-10561,Erro ao transferir pontos para programa aéreo,Pontuação/Acúmulo,Chat Web,Low,Resolved,5,2024-09-12T17:23:00Z,2024-09-22T17:23:00Z
CASE-500694,CUST-10974,Produto entregue com avaria/defeito,Resgate/Entrega,Reclame Aqui,High,Resolved,3,2024-09-13T00:34:00Z,2024-09-17T00:34:00Z
CASE-500533,CUST-10752,Voucher de Gift Card com código inválido,Resgate/Entrega,Telefone,Critical,In Progress,1,2024-09-17T05:17:00Z,
CASE-500516,CUST-10724,Atraso na entrega de produto resgatado,Resgate/Entrega,Reclame Aqui,High,Resolved,1,2024-09-20T18:38:00Z,2024-09-24T18:38:00Z
CASE-500094,CUST-10148,Voucher de Gift Card com código inválido,Resgate/Entrega,WhatsApp,Low,Resolved,1,2024-09-24T22:39:00Z,2024-09-29T22:39:00Z
CASE-500228,CUST-10336,Produto entregue com avaria/defeito,Resgate/Entrega,Chat Web,Medium,Closed,1,2024-09-25T18:13:00Z,2024-09-28T18:13:00Z
CASE-500540,CUST-10764,Produto entregue com avaria/defeito,Resgate/Entrega,Chat Web,Low,Resolved,5,2024-09-26T01:37:00Z,2024-10-01T01:37:00Z
CASE-500256,CUST-10372,Cobrança indevida da mensalidade do Clube Livelo,Clube Livelo,Chat Web,Critical,Resolved,2,2024-09-27T18:07:00Z,2024-10-05T18:07:00Z
CASE-500528,CUST-10746,Dúvida sobre validade dos pontos expirando,Atendimento,Telefone,Medium,Closed,5,2024-09-27T20:10:00Z,2024-10-02T20:10:00Z
CASE-500407,CUST-10597,Voucher de Gift Card com código inválido,Resgate/Entrega,Reclame Aqui,Low,Closed,5,2024-09-28T05:27:00Z,2024-10-03T05:27:00Z
CASE-500644,CUST-10916,Alteração de endereço de entrega de pedido,Resgate/Entrega,Chat Web,Critical,Closed,1,2024-09-30T04:46:00Z,2024-10-02T04:46:00Z
CASE-500177,CUST-10259,Pontos não creditados após compra parceira,Pontuação/Acúmulo,Reclame Aqui,Low,Closed,4,2024-10-01T11:46:00Z,2024-10-10T11:46:00Z
CASE-500539,CUST-10762,Solicitação de estorno de taxa de transferência,Financeiro,Telefone,Medium,Resolved,3,2024-10-03T05:56:00Z,2024-10-10T05:56:00Z
CASE-500649,CUST-10919,Solicitação de estorno de taxa de transferência,Financeiro,Chat Web,Medium,Resolved,1,2024-10-05T19:50:00Z,2024-10-07T19:50:00Z
CASE-500065,CUST-10096,Alteração de endereço de entrega de pedido,Resgate/Entrega,App Livelo,High,Resolved,1,2024-10-06T07:23:00Z,2024-10-14T07:23:00Z
CASE-500666,CUST-10943,Voucher de Gift Card com código inválido,Resgate/Entrega,Chat Web,High,Resolved,1,2024-10-07T15:03:00Z,2024-10-16T15:03:00Z
CASE-500015,CUST-10026,Dúvida sobre validade dos pontos expirando,Atendimento,Telefone,Low,Closed,5,2024-10-14T05:50:00Z,2024-10-23T05:50:00Z
CASE-500618,CUST-10888,Solicitação de estorno de taxa de transferência,Financeiro,Telefone,High,In Progress,2,2024-10-14T23:10:00Z,
CASE-500302,CUST-10446,Dúvida sobre validade dos pontos expirando,Atendimento,Telefone,Medium,Closed,1,2024-10-18T05:50:00Z,2024-10-23T05:50:00Z
CASE-500398,CUST-10587,Dúvida sobre validade dos pontos expirando,Atendimento,Chat Web,High,Escalated,1,2024-10-18T13:14:00Z,
CASE-500168,CUST-10250,Erro ao transferir pontos para programa aéreo,Pontuação/Acúmulo,Reclame Aqui,Medium,Resolved,5,2024-10-19T10:01:00Z,2024-10-21T10:01:00Z
CASE-500582,CUST-10836,Voucher de Gift Card com código inválido,Resgate/Entrega,Chat Web,Critical,Resolved,2,2024-10-19T14:43:00Z,2024-10-24T14:43:00Z
CASE-500262,CUST-10384,Cobrança indevida da mensalidade do Clube Livelo,Clube Livelo,Reclame Aqui,Low,Closed,4,2024-10-20T04:48:00Z,2024-10-23T04:48:00Z
CASE-500490,CUST-10699,Cobrança indevida da mensalidade do Clube Livelo,Clube Livelo,Reclame Aqui,High,In Progress,2,2024-10-20T17:21:00Z,
CASE-500004,CUST-10012,Voucher de Gift Card com código inválido,Resgate/Entrega,Chat Web,Medium,Closed,5,2024-10-21T11:27:00Z,2024-10-23T11:27:00Z
CASE-500211,CUST-10317,Solicitação de estorno de taxa de transferência,Financeiro,Telefone,Low,Resolved,1,2024-10-21T17:15:00Z,2024-10-27T17:15:00Z
CASE-500375,CUST-10549,Produto entregue com avaria/defeito,Resgate/Entrega,Reclame Aqui,Medium,Closed,4,2024-10-22T16:37:00Z,2024-10-28T16:37:00Z
CASE-500088,CUST-10133,Solicitação de estorno de taxa de transferência,Financeiro,Telefone,Critical,In Progress,1,2024-10-23T06:14:00Z,
CASE-500058,CUST-10089,Solicitação de estorno de taxa de transferência,Financeiro,Reclame Aqui,Medium,Closed,5,2024-10-23T10:36:00Z,2024-10-24T10:36:00Z
CASE-500223,CUST-10328,Produto entregue com avaria/defeito,Resgate/Entrega,Telefone,High,Resolved,1,2024-10-23T11:40:00Z,2024-11-02T11:40:00Z
CASE-500321,CUST-10473,Produto entregue com avaria/defeito,Resgate/Entrega,App Livelo,Medium,Closed,5,2024-10-23T13:35:00Z,2024-11-02T13:35:00Z
CASE-500564,CUST-10811,Alteração de endereço de entrega de pedido,Resgate/Entrega,Chat Web,High,Closed,5,2024-10-24T08:10:00Z,2024-10-27T08:10:00Z
CASE-500121,CUST-10190,Produto entregue com avaria/defeito,Resgate/Entrega,Telefone,Low,In Progress,1,2024-10-25T14:23:00Z,
CASE-500372,CUST-10546,Erro ao transferir pontos para programa aéreo,Pontuação/Acúmulo,Telefone,Low,Closed,4,2024-10-27T21:33:00Z,2024-11-01T21:33:00Z
CASE-500096,CUST-10148,Cobrança indevida da mensalidade do Clube Livelo,Clube Livelo,Telefone,Low,Resolved,3,2024-10-29T01:10:00Z,2024-11-08T01:10:00Z
CASE-500292,CUST-10431,Erro ao transferir pontos para programa aéreo,Pontuação/Acúmulo,Telefone,Medium,Closed,2,2024-10-30T04:40:00Z,2024-11-08T04:40:00Z
CASE-500077,CUST-10118,Dúvida sobre validade dos pontos expirando,Atendimento,Chat Web,Medium,Closed,4,2024-11-06T22:55:00Z,2024-11-14T22:55:00Z
CASE-500202,CUST-10297,Voucher de Gift Card com código inválido,Resgate/Entrega,Chat Web,Low,Closed,5,2024-11-08T02:53:00Z,2024-11-15T02:53:00Z
CASE-500187,CUST-10273,Produto entregue com avaria/defeito,Resgate/Entrega,Chat Web,Low,Resolved,4,2024-11-08T05:19:00Z,2024-11-14T05:19:00Z
CASE-500675,CUST-10953,Produto entregue com avaria/defeito,Resgate/Entrega,App Livelo,High,In Progress,3,2024-11-11T16:02:00Z,
CASE-500298,CUST-10442,Erro ao transferir pontos para programa aéreo,Pontuação/Acúmulo,Reclame Aqui,Critical,Resolved,1,2024-11-12T09:05:00Z,2024-11-13T09:05:00Z
CASE-500199,CUST-10290,Produto entregue com avaria/defeito,Resgate/Entrega,Telefone,High,Closed,3,2024-11-15T13:07:00Z,2024-11-25T13:07:00Z
CASE-500677,CUST-10955,Solicitação de estorno de taxa de transferência,Financeiro,WhatsApp,Medium,Closed,5,2024-11-16T03:34:00Z,2024-11-24T03:34:00Z
CASE-500410,CUST-10599,Dificuldade para cancelar assinatura do Clube Livelo,Clube Livelo,Chat Web,Low,Closed,5,2024-11-16T14:08:00Z,2024-11-26T14:08:00Z
CASE-500665,CUST-10943,Pontos não creditados após compra parceira,Pontuação/Acúmulo,Reclame Aqui,Low,Resolved,2,2024-11-16T22:16:00Z,2024-11-24T22:16:00Z
CASE-500403,CUST-10593,Solicitação de estorno de taxa de transferência,Financeiro,Telefone,Medium,In Progress,5,2024-11-16T22:22:00Z,
CASE-500204,CUST-10300,Alteração de endereço de entrega de pedido,Resgate/Entrega,Telefone,Low,Closed,3,2024-11-17T05:43:00Z,2024-11-26T05:43:00Z
CASE-500124,CUST-10193,Dúvida sobre validade dos pontos expirando,Atendimento,App Livelo,Medium,In Progress,3,2024-11-17T08:36:00Z,
CASE-500129,CUST-10203,Voucher de Gift Card com código inválido,Resgate/Entrega,WhatsApp,Critical,Escalated,1,2024-11-20T15:09:00Z,
CASE-500371,CUST-10546,Cobrança indevida da mensalidade do Clube Livelo,Clube Livelo,Telefone,Low,Resolved,5,2024-11-23T07:22:00Z,2024-12-03T07:22:00Z
CASE-500244,CUST-10354,Pontos não creditados após compra parceira,Pontuação/Acúmulo,Reclame Aqui,High,Closed,3,2024-11-23T07:42:00Z,2024-12-02T07:42:00Z
CASE-500326,CUST-10483,Dúvida sobre validade dos pontos expirando,Atendimento,App Livelo,High,Closed,2,2024-11-29T01:38:00Z,2024-12-05T01:38:00Z
CASE-500662,CUST-10940,Solicitação de estorno de taxa de transferência,Financeiro,Reclame Aqui,High,In Progress,1,2024-11-29T05:52:00Z,
CASE-500084,CUST-10124,Solicitação de estorno de taxa de transferência,Financeiro,App Livelo,High,Resolved,1,2024-11-29T21:57:00Z,2024-12-05T21:57:00Z
CASE-500454,CUST-10654,Dúvida sobre validade dos pontos expirando,Atendimento,WhatsApp,Medium,Closed,1,2024-11-30T16:27:00Z,2024-12-07T16:27:00Z
CASE-500037,CUST-10059,Dúvida sobre validade dos pontos expirando,Atendimento,WhatsApp,Medium,Closed,5,2024-12-01T00:21:00Z,2024-12-06T00:21:00Z
CASE-500600,CUST-10855,Erro ao transferir pontos para programa aéreo,Pontuação/Acúmulo,App Livelo,Medium,Resolved,4,2024-12-01T10:16:00Z,2024-12-02T10:16:00Z
CASE-500527,CUST-10745,Cobrança indevida da mensalidade do Clube Livelo,Clube Livelo,Telefone,High,Escalated,1,2024-12-04T05:51:00Z,
CASE-500270,CUST-10394,Pontos não creditados após compra parceira,Pontuação/Acúmulo,Reclame Aqui,High,Closed,1,2024-12-06T00:53:00Z,2024-12-15T00:53:00Z
CASE-500069,CUST-10108,Cobrança indevida da mensalidade do Clube Livelo,Clube Livelo,WhatsApp,High,Resolved,5,2024-12-08T23:38:00Z,2024-12-13T23:38:00Z
CASE-500380,CUST-10557,Produto entregue com avaria/defeito,Resgate/Entrega,Chat Web,High,Closed,3,2024-12-11T12:31:00Z,2024-12-15T12:31:00Z
CASE-500299,CUST-10445,Pontos não creditados após compra parceira,Pontuação/Acúmulo,App Livelo,High,Closed,3,2024-12-14T01:48:00Z,2024-12-15T01:48:00Z
CASE-500679,CUST-10957,Dificuldade para cancelar assinatura do Clube Livelo,Clube Livelo,App Livelo,Low,Resolved,3,2024-12-21T18:33:00Z,2024-12-29T18:33:00Z
CASE-500066,CUST-10097,Cobrança indevida da mensalidade do Clube Livelo,Clube Livelo,WhatsApp,Medium,Closed,5,2024-12-22T16:16:00Z,2024-12-25T16:16:00Z
CASE-500709,CUST-10994,Atraso na entrega de produto resgatado,Resgate/Entrega,App Livelo,High,Closed,1,2024-12-23T08:47:00Z,2024-12-25T08:47:00Z
CASE-500263,CUST-10385,Alteração de endereço de entrega de pedido,Resgate/Entrega,Chat Web,High,Closed,5,2024-12-24T06:58:00Z,2024-12-31T06:58:00Z
CASE-500532,CUST-10751,Voucher de Gift Card com código inválido,Resgate/Entrega,WhatsApp,Medium,Escalated,2,2024-12-24T14:35:00Z,
CASE-500413,CUST-10603,Atraso na entrega de produto resgatado,Resgate/Entrega,WhatsApp,Low,Closed,5,2024-12-26T09:24:00Z,2024-12-31T09:24:00Z
CASE-500043,CUST-10067,Dúvida sobre validade dos pontos expirando,Atendimento,App Livelo,High,Resolved,1,2024-12-29T06:11:00Z,2025-01-05T06:11:00Z
CASE-500351,CUST-10514,Erro ao transferir pontos para programa aéreo,Pontuação/Acúmulo,WhatsApp,Medium,Closed,5,2024-12-31T05:58:00Z,2025-01-02T05:58:00Z
CASE-500339,CUST-10496,Voucher de Gift Card com código inválido,Resgate/Entrega,Telefone,Medium,Escalated,1,2025-01-01T12:49:00Z,
CASE-500251,CUST-10368,Atraso na entrega de produto resgatado,Resgate/Entrega,Chat Web,Low,Resolved,5,2025-01-03T14:57:00Z,2025-01-06T14:57:00Z
CASE-500109,CUST-10171,Dúvida sobre validade dos pontos expirando,Atendimento,Reclame Aqui,High,Resolved,1,2025-01-03T16:56:00Z,2025-01-07T16:56:00Z
CASE-500131,CUST-10203,Dúvida sobre validade dos pontos expirando,Atendimento,Telefone,Medium,Closed,1,2025-01-04T06:09:00Z,2025-01-09T06:09:00Z
CASE-500019,CUST-10032,Dúvida sobre validade dos pontos expirando,Atendimento,WhatsApp,High,Closed,1,2025-01-05T03:15:00Z,2025-01-12T03:15:00Z
CASE-500152,CUST-10234,Pontos não creditados após compra parceira,Pontuação/Acúmulo,Telefone,Medium,Closed,5,2025-01-05T10:06:00Z,2025-01-06T10:06:00Z
CASE-500689,CUST-10970,Pontos não creditados após compra parceira,Pontuação/Acúmulo,App Livelo,Medium,Closed,4,2025-01-08T13:42:00Z,2025-01-14T13:42:00Z
CASE-500316,CUST-10470,Cobrança indevida da mensalidade do Clube Livelo,Clube Livelo,App Livelo,Medium,Closed,3,2025-01-09T07:12:00Z,2025-01-11T07:12:00Z
CASE-500128,CUST-10200,Pontos não creditados após compra parceira,Pontuação/Acúmulo,App Livelo,Low,Closed,4,2025-01-10T14:53:00Z,2025-01-15T14:53:00Z
CASE-500114,CUST-10178,Voucher de Gift Card com código inválido,Resgate/Entrega,Chat Web,High,Resolved,1,2025-01-11T02:23:00Z,2025-01-13T02:23:00Z
CASE-500304,CUST-10452,Voucher de Gift Card com código inválido,Resgate/Entrega,WhatsApp,Medium,Resolved,4,2025-01-12T08:35:00Z,2025-01-13T08:35:00Z
CASE-500074,CUST-10115,Dificuldade para cancelar assinatura do Clube Livelo,Clube Livelo,App Livelo,High,Escalated,1,2025-01-18T02:49:00Z,
CASE-500057,CUST-10088,Produto entregue com avaria/defeito,Resgate/Entrega,Telefone,High,Closed,1,2025-01-18T23:09:00Z,2025-01-27T23:09:00Z
CASE-500130,CUST-10203,Dúvida sobre validade dos pontos expirando,Atendimento,Chat Web,High,Closed,2,2025-01-21T06:56:00Z,2025-01-29T06:56:00Z
CASE-500254,CUST-10371,Pontos não creditados após compra parceira,Pontuação/Acúmulo,Chat Web,Low,Resolved,2,2025-01-25T23:46:00Z,2025-01-30T23:46:00Z
CASE-500376,CUST-10550,Pontos não creditados após compra parceira,Pontuação/Acúmulo,Telefone,High,Resolved,4,2025-01-26T03:54:00Z,2025-01-30T03:54:00Z
CASE-500025,CUST-10042,Alteração de endereço de entrega de pedido,Resgate/Entrega,Telefone,Medium,Closed,5,2025-01-27T03:49:00Z,2025-02-01T03:49:00Z
CASE-500432,CUST-10622,Produto entregue com avaria/defeito,Resgate/Entrega,Reclame Aqui,Medium,In Progress,3,2025-01-30T02:03:00Z,
CASE-500188,CUST-10274,Erro ao transferir pontos para programa aéreo,Pontuação/Acúmulo,WhatsApp,Low,Resolved,5,2025-01-30T14:46:00Z,2025-02-07T14:46:00Z
CASE-500092,CUST-10143,Produto entregue com avaria/defeito,Resgate/Entrega,Chat Web,Low,Resolved,5,2025-01-31T10:02:00Z,2025-02-02T10:02:00Z
CASE-500201,CUST-10295,Solicitação de estorno de taxa de transferência,Financeiro,Telefone,Low,Resolved,4,2025-02-01T21:13:00Z,2025-02-07T21:13:00Z
CASE-500660,CUST-10934,Cobrança indevida da mensalidade do Clube Livelo,Clube Livelo,WhatsApp,Low,Closed,3,2025-02-02T05:35:00Z,2025-02-07T05:35:00Z
CASE-500508,CUST-10714,Produto entregue com avaria/defeito,Resgate/Entrega,Chat Web,Critical,Resolved,1,2025-02-03T01:25:00Z,2025-02-11T01:25:00Z
CASE-500386,CUST-10566,Dificuldade para cancelar assinatura do Clube Livelo,Clube Livelo,WhatsApp,Medium,Closed,2,2025-02-05T14:48:00Z,2025-02-10T14:48:00Z
CASE-500310,CUST-10460,Produto entregue com avaria/defeito,Resgate/Entrega,Reclame Aqui,Medium,Closed,1,2025-02-05T18:04:00Z,2025-02-10T18:04:00Z
CASE-500640,CUST-10905,Atraso na entrega de produto resgatado,Resgate/Entrega,WhatsApp,Low,Closed,5,2025-02-05T22:15:00Z,2025-02-08T22:15:00Z
CASE-500580,CUST-10835,Voucher de Gift Card com código inválido,Resgate/Entrega,Telefone,Low,Closed,5,2025-02-05T23:35:00Z,2025-02-13T23:35:00Z
CASE-500064,CUST-10095,Alteração de endereço de entrega de pedido,Resgate/Entrega,App Livelo,Low,Closed,4,2025-02-08T15:54:00Z,2025-02-12T15:54:00Z
CASE-500427,CUST-10614,Atraso na entrega de produto resgatado,Resgate/Entrega,Telefone,Critical,Resolved,1,2025-02-08T21:40:00Z,2025-02-18T21:40:00Z
CASE-500412,CUST-10601,Pontos não creditados após compra parceira,Pontuação/Acúmulo,Telefone,Medium,Resolved,2,2025-02-09T06:14:00Z,2025-02-18T06:14:00Z
CASE-500556,CUST-10793,Pontos não creditados após compra parceira,Pontuação/Acúmulo,App Livelo,Low,Resolved,5,2025-02-09T12:15:00Z,2025-02-10T12:15:00Z
CASE-500691,CUST-10971,Alteração de endereço de entrega de pedido,Resgate/Entrega,Chat Web,Low,Closed,4,2025-02-12T15:01:00Z,2025-02-16T15:01:00Z
CASE-500301,CUST-10446,Voucher de Gift Card com código inválido,Resgate/Entrega,WhatsApp,High,Closed,2,2025-02-14T23:05:00Z,2025-02-15T23:05:00Z
CASE-500348,CUST-10512,Erro ao transferir pontos para programa aéreo,Pontuação/Acúmulo,Reclame Aqui,Low,Closed,5,2025-02-16T09:32:00Z,2025-02-24T09:32:00Z
CASE-500603,CUST-10861,Produto entregue com avaria/defeito,Resgate/Entrega,Chat Web,Medium,Closed,5,2025-02-17T11:13:00Z,2025-02-22T11:13:00Z
CASE-500261,CUST-10384,Solicitação de estorno de taxa de transferência,Financeiro,Chat Web,Medium,Closed,5,2025-02-19T08:24:00Z,2025-02-20T08:24:00Z
CASE-500585,CUST-10841,Dúvida sobre validade dos pontos expirando,Atendimento,Telefone,Critical,Closed,1,2025-02-20T20:09:00Z,2025-02-22T20:09:00Z
CASE-500512,CUST-10718,Voucher de Gift Card com código inválido,Resgate/Entrega,WhatsApp,Medium,Closed,5,2025-02-21T13:31:00Z,2025-02-26T13:31:00Z
CASE-500026,CUST-10043,Pontos não creditados após compra parceira,Pontuação/Acúmulo,WhatsApp,Critical,Closed,4,2025-02-21T14:05:00Z,2025-02-25T14:05:00Z
CASE-500409,CUST-10598,Dificuldade para cancelar assinatura do Clube Livelo,Clube Livelo,Reclame Aqui,Medium,Closed,4,2025-02-22T12:04:00Z,2025-02-27T12:04:00Z
CASE-500542,CUST-10771,Erro ao transferir pontos para programa aéreo,Pontuação/Acúmulo,Reclame Aqui,High,Closed,1,2025-02-22T12:28:00Z,2025-02-27T12:28:00Z
CASE-500417,CUST-10604,Dúvida sobre validade dos pontos expirando,Atendimento,WhatsApp,High,In Progress,2,2025-02-23T07:39:00Z,
CASE-500653,CUST-10929,Produto entregue com avaria/defeito,Resgate/Entrega,Reclame Aqui,High,Closed,1,2025-02-27T05:42:00Z,2025-03-07T05:42:00Z
CASE-500182,CUST-10263,Pontos não creditados após compra parceira,Pontuação/Acúmulo,App Livelo,High,Escalated,1,2025-03-02T03:00:00Z,
CASE-500243,CUST-10349,Alteração de endereço de entrega de pedido,Resgate/Entrega,WhatsApp,High,In Progress,2,2025-03-05T01:34:00Z,
CASE-500680,CUST-10958,Produto entregue com avaria/defeito,Resgate/Entrega,WhatsApp,Low,Resolved,4,2025-03-08T22:13:00Z,2025-03-11T22:13:00Z
CASE-500008,CUST-10017,Atraso na entrega de produto resgatado,Resgate/Entrega,App Livelo,High,Resolved,1,2025-03-11T01:04:00Z,2025-03-16T01:04:00Z
CASE-500274,CUST-10401,Voucher de Gift Card com código inválido,Resgate/Entrega,App Livelo,Medium,Resolved,4,2025-03-11T13:03:00Z,2025-03-20T13:03:00Z
CASE-500414,CUST-10603,Dificuldade para cancelar assinatura do Clube Livelo,Clube Livelo,Chat Web,Low,Closed,5,2025-03-14T03:35:00Z,2025-03-20T03:35:00Z
CASE-500614,CUST-10879,Voucher de Gift Card com código inválido,Resgate/Entrega,Telefone,Low,Closed,3,2025-03-14T09:10:00Z,2025-03-19T09:10:00Z
CASE-500593,CUST-10848,Dificuldade para cancelar assinatura do Clube Livelo,Clube Livelo,Telefone,High,Escalated,3,2025-03-14T10:48:00Z,
CASE-500160,CUST-10238,Solicitação de estorno de taxa de transferência,Financeiro,Reclame Aqui,Medium,Closed,5,2025-03-15T22:34:00Z,2025-03-20T22:34:00Z
CASE-500597,CUST-10850,Solicitação de estorno de taxa de transferência,Financeiro,Telefone,Medium,Escalated,3,2025-03-18T11:33:00Z,
CASE-500297,CUST-10442,Solicitação de estorno de taxa de transferência,Financeiro,Chat Web,High,Escalated,2,2025-03-23T03:09:00Z,
CASE-500361,CUST-10529,Produto entregue com avaria/defeito,Resgate/Entrega,Chat Web,High,Resolved,2,2025-03-23T09:45:00Z,2025-04-02T09:45:00Z
CASE-500284,CUST-10416,Solicitação de estorno de taxa de transferência,Financeiro,Chat Web,Medium,Resolved,3,2025-03-24T03:49:00Z,2025-03-30T03:49:00Z
CASE-500486,CUST-10694,Cobrança indevida da mensalidade do Clube Livelo,Clube Livelo,Telefone,High,Closed,4,2025-03-26T06:06:00Z,2025-03-27T06:06:00Z
CASE-500617,CUST-10887,Erro ao transferir pontos para programa aéreo,Pontuação/Acúmulo,App Livelo,Medium,Resolved,4,2025-03-27T19:14:00Z,2025-04-03T19:14:00Z
CASE-500379,CUST-10557,Dúvida sobre validade dos pontos expirando,Atendimento,Reclame Aqui,Medium,Resolved,4,2025-03-28T19:40:00Z,2025-04-05T19:40:00Z
CASE-500686,CUST-10963,Atraso na entrega de produto resgatado,Resgate/Entrega,Telefone,Medium,Resolved,4,2025-03-30T06:26:00Z,2025-04-07T06:26:00Z
CASE-500445,CUST-10643,Voucher de Gift Card com código inválido,Resgate/Entrega,WhatsApp,Medium,Escalated,3,2025-04-07T10:36:00Z,
CASE-500440,CUST-10636,Produto entregue com avaria/defeito,Resgate/Entrega,WhatsApp,High,Closed,5,2025-04-07T14:34:00Z,2025-04-14T14:34:00Z
CASE-500548,CUST-10776,Erro ao transferir pontos para programa aéreo,Pontuação/Acúmulo,WhatsApp,Low,Closed,5,2025-04-09T00:49:00Z,2025-04-11T00:49:00Z
CASE-500314,CUST-10466,Solicitação de estorno de taxa de transferência,Financeiro,Telefone,Low,Resolved,5,2025-04-09T13:27:00Z,2025-04-16T13:27:00Z
CASE-500260,CUST-10378,Pontos não creditados após compra parceira,Pontuação/Acúmulo,Reclame Aqui,Medium,Closed,4,2025-04-12T10:06:00Z,2025-04-19T10:06:00Z
CASE-500697,CUST-10982,Dificuldade para cancelar assinatura do Clube Livelo,Clube Livelo,App Livelo,High,Closed,2,2025-04-12T20:28:00Z,2025-04-20T20:28:00Z
CASE-500673,CUST-10951,Produto entregue com avaria/defeito,Resgate/Entrega,WhatsApp,Medium,Closed,3,2025-04-13T23:15:00Z,2025-04-20T23:15:00Z
CASE-500147,CUST-10224,Dificuldade para cancelar assinatura do Clube Livelo,Clube Livelo,WhatsApp,High,Resolved,1,2025-04-14T07:24:00Z,2025-04-22T07:24:00Z
CASE-500198,CUST-10290,Dificuldade para cancelar assinatura do Clube Livelo,Clube Livelo,Chat Web,Low,Closed,5,2025-04-14T21:51:00Z,2025-04-15T21:51:00Z
CASE-500142,CUST-10222,Solicitação de estorno de taxa de transferência,Financeiro,App Livelo,High,Escalated,2,2025-04-16T02:39:00Z,
CASE-500250,CUST-10364,Erro ao transferir pontos para programa aéreo,Pontuação/Acúmulo,Telefone,Low,Closed,5,2025-04-16T11:54:00Z,2025-04-23T11:54:00Z
CASE-500578,CUST-10834,Erro ao transferir pontos para programa aéreo,Pontuação/Acúmulo,Chat Web,High,In Progress,1,2025-04-17T00:00:00Z,
CASE-500429,CUST-10616,Dificuldade para cancelar assinatura do Clube Livelo,Clube Livelo,WhatsApp,Medium,Closed,4,2025-04-17T11:23:00Z,2025-04-27T11:23:00Z
CASE-500002,CUST-10007,Dificuldade para cancelar assinatura do Clube Livelo,Clube Livelo,App Livelo,Low,Closed,4,2025-04-18T09:20:00Z,2025-04-26T09:20:00Z
CASE-500583,CUST-10837,Alteração de endereço de entrega de pedido,Resgate/Entrega,WhatsApp,Critical,Closed,2,2025-04-19T05:45:00Z,2025-04-27T05:45:00Z
CASE-500567,CUST-10817,Atraso na entrega de produto resgatado,Resgate/Entrega,Chat Web,Low,Resolved,5,2025-04-19T11:25:00Z,2025-04-25T11:25:00Z
CASE-500636,CUST-10902,Produto entregue com avaria/defeito,Resgate/Entrega,WhatsApp,Medium,Escalated,2,2025-04-19T19:43:00Z,
CASE-500318,CUST-10471,Dúvida sobre validade dos pontos expirando,Atendimento,Telefone,Medium,Resolved,1,2025-04-21T06:10:00Z,2025-04-25T06:10:00Z
CASE-500581,CUST-10836,Dificuldade para cancelar assinatura do Clube Livelo,Clube Livelo,Telefone,High,Escalated,1,2025-04-22T15:30:00Z,
CASE-500534,CUST-10752,Produto entregue com avaria/defeito,Resgate/Entrega,Chat Web,Critical,Closed,1,2025-04-24T16:48:00Z,2025-04-27T16:48:00Z
CASE-500095,CUST-10148,Dificuldade para cancelar assinatura do Clube Livelo,Clube Livelo,WhatsApp,Medium,Closed,1,2025-04-25T11:20:00Z,2025-05-02T11:20:00Z
CASE-500104,CUST-10158,Atraso na entrega de produto resgatado,Resgate/Entrega,Chat Web,High,Escalated,1,2025-04-26T07:28:00Z,
CASE-500433,CUST-10622,Alteração de endereço de entrega de pedido,Resgate/Entrega,App Livelo,Low,Closed,5,2025-05-01T02:06:00Z,2025-05-10T02:06:00Z
CASE-500138,CUST-10216,Atraso na entrega de produto resgatado,Resgate/Entrega,App Livelo,High,In Progress,3,2025-05-06T18:53:00Z,
CASE-500346,CUST-10509,Alteração de endereço de entrega de pedido,Resgate/Entrega,Reclame Aqui,Low,Closed,5,2025-05-07T07:04:00Z,2025-05-14T07:04:00Z
CASE-500458,CUST-10661,Erro ao transferir pontos para programa aéreo,Pontuação/Acúmulo,Chat Web,High,Closed,5,2025-05-08T01:44:00Z,2025-05-10T01:44:00Z
CASE-500406,CUST-10596,Dificuldade para cancelar assinatura do Clube Livelo,Clube Livelo,Chat Web,Low,Closed,4,2025-05-13T07:19:00Z,2025-05-20T07:19:00Z
CASE-500118,CUST-10186,Erro ao transferir pontos para programa aéreo,Pontuação/Acúmulo,App Livelo,Low,Resolved,4,2025-05-14T10:14:00Z,2025-05-22T10:14:00Z
CASE-500169,CUST-10251,Solicitação de estorno de taxa de transferência,Financeiro,Chat Web,Low,Closed,4,2025-05-17T01:44:00Z,2025-05-19T01:44:00Z
CASE-500327,CUST-10483,Erro ao transferir pontos para programa aéreo,Pontuação/Acúmulo,Reclame Aqui,Medium,Escalated,2,2025-05-20T15:52:00Z,
CASE-500643,CUST-10916,Pontos não creditados após compra parceira,Pontuação/Acúmulo,Reclame Aqui,High,Closed,1,2025-05-20T17:31:00Z,2025-05-23T17:31:00Z
CASE-500566,CUST-10814,Voucher de Gift Card com código inválido,Resgate/Entrega,Telefone,Medium,Closed,4,2025-05-22T14:56:00Z,2025-05-25T14:56:00Z
CASE-500464,CUST-10668,Alteração de endereço de entrega de pedido,Resgate/Entrega,WhatsApp,Medium,Closed,4,2025-05-25T03:06:00Z,2025-05-31T03:06:00Z
CASE-500465,CUST-10668,Produto entregue com avaria/defeito,Resgate/Entrega,Telefone,Low,Resolved,5,2025-05-29T19:19:00Z,2025-06-01T19:19:00Z
CASE-500224,CUST-10328,Solicitação de estorno de taxa de transferência,Financeiro,Reclame Aqui,Critical,Closed,1,2025-05-31T13:49:00Z,2025-06-10T13:49:00Z
CASE-500076,CUST-10115,Alteração de endereço de entrega de pedido,Resgate/Entrega,App Livelo,Critical,Resolved,2,2025-05-31T22:45:00Z,2025-06-08T22:45:00Z
CASE-500571,CUST-10821,Dúvida sobre validade dos pontos expirando,Atendimento,App Livelo,Low,Closed,4,2025-06-02T02:27:00Z,2025-06-09T02:27:00Z
CASE-500472,CUST-10677,Pontos não creditados após compra parceira,Pontuação/Acúmulo,App Livelo,Low,Closed,5,2025-06-02T05:45:00Z,2025-06-06T05:45:00Z
CASE-500042,CUST-10067,Pontos não creditados após compra parceira,Pontuação/Acúmulo,Reclame Aqui,High,Escalated,1,2025-06-06T07:04:00Z,
CASE-500485,CUST-10693,Alteração de endereço de entrega de pedido,Resgate/Entrega,Reclame Aqui,Low,Closed,4,2025-06-06T08:41:00Z,2025-06-13T08:41:00Z
CASE-500630,CUST-10894,Produto entregue com avaria/defeito,Resgate/Entrega,WhatsApp,Medium,Resolved,1,2025-06-10T14:11:00Z,2025-06-12T14:11:00Z
CASE-500510,CUST-10714,Dúvida sobre validade dos pontos expirando,Atendimento,Reclame Aqui,Medium,Resolved,3,2025-06-13T03:41:00Z,2025-06-14T03:41:00Z
CASE-500165,CUST-10244,Cobrança indevida da mensalidade do Clube Livelo,Clube Livelo,WhatsApp,Medium,In Progress,2,2025-06-13T20:08:00Z,
CASE-500108,CUST-10169,Voucher de Gift Card com código inválido,Resgate/Entrega,Chat Web,Medium,Closed,4,2025-06-14T05:29:00Z,2025-06-24T05:29:00Z
CASE-500143,CUST-10222,Cobrança indevida da mensalidade do Clube Livelo,Clube Livelo,Telefone,Low,Closed,1,2025-06-17T09:41:00Z,2025-06-27T09:41:00Z
CASE-500055,CUST-10088,Voucher de Gift Card com código inválido,Resgate/Entrega,Telefone,Medium,Escalated,1,2025-06-17T22:56:00Z,
CASE-500498,CUST-10705,Dúvida sobre validade dos pontos expirando,Atendimento,App Livelo,Medium,In Progress,4,2025-06-20T14:09:00Z,
CASE-500242,CUST-10349,Dúvida sobre validade dos pontos expirando,Atendimento,Telefone,High,Resolved,1,2025-06-24T10:29:00Z,2025-06-28T10:29:00Z
CASE-500549,CUST-10778,Solicitação de estorno de taxa de transferência,Financeiro,WhatsApp,Low,Closed,4,2025-06-24T17:59:00Z,2025-07-01T17:59:00Z
CASE-500303,CUST-10449,Solicitação de estorno de taxa de transferência,Financeiro,Telefone,Low,Resolved,5,2025-06-24T21:18:00Z,2025-07-02T21:18:00Z
CASE-500442,CUST-10640,Dificuldade para cancelar assinatura do Clube Livelo,Clube Livelo,WhatsApp,Low,Resolved,4,2025-06-25T02:08:00Z,2025-07-04T02:08:00Z
CASE-500438,CUST-10630,Atraso na entrega de produto resgatado,Resgate/Entrega,Telefone,Low,Resolved,4,2025-06-25T18:30:00Z,2025-07-03T18:30:00Z
CASE-500594,CUST-10848,Cobrança indevida da mensalidade do Clube Livelo,Clube Livelo,Chat Web,Low,Closed,1,2025-06-27T06:54:00Z,2025-07-02T06:54:00Z
CASE-500696,CUST-10981,Dificuldade para cancelar assinatura do Clube Livelo,Clube Livelo,App Livelo,Medium,Closed,4,2025-06-28T10:19:00Z,2025-07-08T10:19:00Z
CASE-500209,CUST-10314,Pontos não creditados após compra parceira,Pontuação/Acúmulo,App Livelo,High,In Progress,2,2025-06-29T07:31:00Z,
CASE-500364,CUST-10533,Produto entregue com avaria/defeito,Resgate/Entrega,Telefone,Low,Resolved,5,2025-07-01T16:34:00Z,2025-07-05T16:34:00Z
CASE-500050,CUST-10077,Erro ao transferir pontos para programa aéreo,Pontuação/Acúmulo,WhatsApp,High,Resolved,5,2025-07-02T08:12:00Z,2025-07-09T08:12:00Z
CASE-500125,CUST-10193,Cobrança indevida da mensalidade do Clube Livelo,Clube Livelo,Reclame Aqui,Low,Closed,5,2025-07-06T01:31:00Z,2025-07-07T01:31:00Z
CASE-500252,CUST-10370,Atraso na entrega de produto resgatado,Resgate/Entrega,App Livelo,Low,Closed,1,2025-07-08T13:49:00Z,2025-07-16T13:49:00Z
CASE-500103,CUST-10158,Dúvida sobre validade dos pontos expirando,Atendimento,Telefone,High,Resolved,2,2025-07-09T18:17:00Z,2025-07-16T18:17:00Z
CASE-500158,CUST-10236,Alteração de endereço de entrega de pedido,Resgate/Entrega,App Livelo,Critical,Resolved,1,2025-07-10T00:35:00Z,2025-07-14T00:35:00Z
CASE-500476,CUST-10683,Pontos não creditados após compra parceira,Pontuação/Acúmulo,Reclame Aqui,Medium,Closed,4,2025-07-10T21:24:00Z,2025-07-11T21:24:00Z
CASE-500296,CUST-10436,Atraso na entrega de produto resgatado,Resgate/Entrega,Chat Web,High,Resolved,1,2025-07-13T08:43:00Z,2025-07-22T08:43:00Z
CASE-500241,CUST-10347,Erro ao transferir pontos para programa aéreo,Pontuação/Acúmulo,Telefone,High,Closed,2,2025-07-13T12:27:00Z,2025-07-16T12:27:00Z
CASE-500054,CUST-10084,Erro ao transferir pontos para programa aéreo,Pontuação/Acúmulo,App Livelo,Critical,In Progress,2,2025-07-16T16:56:00Z,
CASE-500280,CUST-10406,Cobrança indevida da mensalidade do Clube Livelo,Clube Livelo,Telefone,High,Escalated,2,2025-07-18T19:38:00Z,
CASE-500557,CUST-10795,Pontos não creditados após compra parceira,Pontuação/Acúmulo,App Livelo,Low,Closed,4,2025-07-19T11:26:00Z,2025-07-24T11:26:00Z
CASE-500183,CUST-10264,Atraso na entrega de produto resgatado,Resgate/Entrega,App Livelo,High,Resolved,1,2025-07-21T03:17:00Z,2025-07-22T03:17:00Z
CASE-500553,CUST-10786,Dúvida sobre validade dos pontos expirando,Atendimento,App Livelo,Critical,Closed,1,2025-07-21T21:16:00Z,2025-07-28T21:16:00Z
CASE-500518,CUST-10731,Pontos não creditados após compra parceira,Pontuação/Acúmulo,Chat Web,Low,Closed,5,2025-07-23T11:00:00Z,2025-08-01T11:00:00Z
CASE-500359,CUST-10525,Produto entregue com avaria/defeito,Resgate/Entrega,WhatsApp,Critical,Closed,1,2025-07-23T11:08:00Z,2025-07-28T11:08:00Z
CASE-500625,CUST-10892,Erro ao transferir pontos para programa aéreo,Pontuação/Acúmulo,Reclame Aqui,Medium,Closed,5,2025-07-24T18:34:00Z,2025-08-02T18:34:00Z
CASE-500685,CUST-10962,Dúvida sobre validade dos pontos expirando,Atendimento,App Livelo,Low,Closed,5,2025-07-27T04:21:00Z,2025-07-28T04:21:00Z
CASE-500268,CUST-10392,Erro ao transferir pontos para programa aéreo,Pontuação/Acúmulo,Chat Web,Low,Closed,4,2025-07-28T03:50:00Z,2025-07-30T03:50:00Z
CASE-500144,CUST-10222,Cobrança indevida da mensalidade do Clube Livelo,Clube Livelo,Reclame Aqui,High,Resolved,1,2025-07-28T12:10:00Z,2025-08-02T12:10:00Z
CASE-500629,CUST-10894,Pontos não creditados após compra parceira,Pontuação/Acúmulo,App Livelo,Medium,Resolved,1,2025-07-29T18:55:00Z,2025-08-01T18:55:00Z
CASE-500245,CUST-10354,Produto entregue com avaria/defeito,Resgate/Entrega,Chat Web,Medium,Resolved,1,2025-07-30T09:08:00Z,2025-07-31T09:08:00Z
CASE-500437,CUST-10630,Dificuldade para cancelar assinatura do Clube Livelo,Clube Livelo,Reclame Aqui,Low,Closed,5,2025-07-30T20:42:00Z,2025-08-03T20:42:00Z
CASE-500123,CUST-10191,Dificuldade para cancelar assinatura do Clube Livelo,Clube Livelo,App Livelo,Medium,Closed,5,2025-08-03T08:01:00Z,2025-08-05T08:01:00Z
CASE-500515,CUST-10724,Erro ao transferir pontos para programa aéreo,Pontuação/Acúmulo,Reclame Aqui,Critical,Resolved,3,2025-08-06T06:44:00Z,2025-08-11T06:44:00Z
CASE-500555,CUST-10791,Cobrança indevida da mensalidade do Clube Livelo,Clube Livelo,Reclame Aqui,Low,Closed,5,2025-08-07T17:01:00Z,2025-08-16T17:01:00Z
CASE-500278,CUST-10406,Erro ao transferir pontos para programa aéreo,Pontuação/Acúmulo,App Livelo,High,Escalated,3,2025-08-09T00:06:00Z,
CASE-500641,CUST-10913,Alteração de endereço de entrega de pedido,Resgate/Entrega,Chat Web,Critical,Resolved,4,2025-08-13T13:21:00Z,2025-08-19T13:21:00Z
CASE-500171,CUST-10256,Voucher de Gift Card com código inválido,Resgate/Entrega,Chat Web,High,In Progress,1,2025-08-13T23:16:00Z,
CASE-500300,CUST-10446,Produto entregue com avaria/defeito,Resgate/Entrega,WhatsApp,Low,Closed,2,2025-08-14T12:55:00Z,2025-08-22T12:55:00Z
CASE-500139,CUST-10216,Pontos não creditados após compra parceira,Pontuação/Acúmulo,App Livelo,Low,Resolved,1,2025-08-14T17:57:00Z,2025-08-17T17:57:00Z
CASE-500237,CUST-10346,Voucher de Gift Card com código inválido,Resgate/Entrega,Reclame Aqui,High,Closed,1,2025-08-15T01:29:00Z,2025-08-22T01:29:00Z
CASE-500041,CUST-10067,Cobrança indevida da mensalidade do Clube Livelo,Clube Livelo,Reclame Aqui,High,Resolved,1,2025-08-16T19:02:00Z,2025-08-25T19:02:00Z
CASE-500115,CUST-10178,Dúvida sobre validade dos pontos expirando,Atendimento,Chat Web,High,Closed,1,2025-08-17T09:04:00Z,2025-08-22T09:04:00Z
CASE-500324,CUST-10477,Dificuldade para cancelar assinatura do Clube Livelo,Clube Livelo,Telefone,Medium,Closed,4,2025-08-18T09:24:00Z,2025-08-20T09:24:00Z
CASE-500538,CUST-10759,Cobrança indevida da mensalidade do Clube Livelo,Clube Livelo,WhatsApp,High,In Progress,2,2025-08-19T02:52:00Z,
CASE-500589,CUST-10845,Pontos não creditados após compra parceira,Pontuação/Acúmulo,Telefone,Low,Resolved,1,2025-08-23T04:45:00Z,2025-08-27T04:45:00Z
CASE-500001,CUST-10001,Pontos não creditados após compra parceira,Pontuação/Acúmulo,Telefone,Medium,Closed,5,2025-08-23T16:13:00Z,2025-08-25T16:13:00Z
CASE-500634,CUST-10900,Atraso na entrega de produto resgatado,Resgate/Entrega,Reclame Aqui,Low,Resolved,4,2025-08-27T14:23:00Z,2025-09-01T14:23:00Z
CASE-500664,CUST-10943,Dúvida sobre validade dos pontos expirando,Atendimento,WhatsApp,High,Escalated,2,2025-08-29T05:14:00Z,
CASE-500651,CUST-10920,Dificuldade para cancelar assinatura do Clube Livelo,Clube Livelo,Telefone,Low,Closed,5,2025-08-29T23:31:00Z,2025-09-04T23:31:00Z
CASE-500044,CUST-10069,Dúvida sobre validade dos pontos expirando,Atendimento,Reclame Aqui,Critical,Closed,2,2025-08-30T12:11:00Z,2025-09-06T12:11:00Z
CASE-500690,CUST-10970,Cobrança indevida da mensalidade do Clube Livelo,Clube Livelo,Telefone,Low,Closed,5,2025-08-30T20:32:00Z,2025-09-04T20:32:00Z
CASE-500087,CUST-10129,Dificuldade para cancelar assinatura do Clube Livelo,Clube Livelo,Chat Web,Low,Resolved,5,2025-08-31T04:28:00Z,2025-09-04T04:28:00Z
CASE-500157,CUST-10236,Pontos não creditados após compra parceira,Pontuação/Acúmulo,WhatsApp,High,Resolved,1,2025-09-06T22:21:00Z,2025-09-11T22:21:00Z
CASE-500436,CUST-10628,Produto entregue com avaria/defeito,Resgate/Entrega,Telefone,Low,Closed,3,2025-09-12T05:19:00Z,2025-09-19T05:19:00Z
CASE-500116,CUST-10179,Solicitação de estorno de taxa de transferência,Financeiro,Reclame Aqui,High,In Progress,2,2025-09-12T20:40:00Z,
CASE-500646,CUST-10917,Dificuldade para cancelar assinatura do Clube Livelo,Clube Livelo,Reclame Aqui,Low,Closed,5,2025-09-18T01:16:00Z,2025-09-26T01:16:00Z
CASE-500704,CUST-10990,Solicitação de estorno de taxa de transferência,Financeiro,Chat Web,High,Closed,1,2025-09-19T21:09:00Z,2025-09-29T21:09:00Z
CASE-500210,CUST-10314,Cobrança indevida da mensalidade do Clube Livelo,Clube Livelo,WhatsApp,High,In Progress,2,2025-09-20T21:38:00Z,
CASE-500248,CUST-10362,Atraso na entrega de produto resgatado,Resgate/Entrega,App Livelo,Low,Resolved,4,2025-09-21T21:08:00Z,2025-09-30T21:08:00Z
CASE-500669,CUST-10949,Dificuldade para cancelar assinatura do Clube Livelo,Clube Livelo,App Livelo,High,Resolved,1,2025-09-22T08:13:00Z,2025-09-28T08:13:00Z
CASE-500460,CUST-10662,Dificuldade para cancelar assinatura do Clube Livelo,Clube Livelo,WhatsApp,Low,Closed,4,2025-09-22T21:36:00Z,2025-09-27T21:36:00Z
CASE-500190,CUST-10275,Cobrança indevida da mensalidade do Clube Livelo,Clube Livelo,App Livelo,Low,Closed,4,2025-09-23T08:41:00Z,2025-09-28T08:41:00Z
CASE-500501,CUST-10708,Solicitação de estorno de taxa de transferência,Financeiro,Reclame Aqui,Low,Closed,1,2025-09-25T15:26:00Z,2025-10-04T15:26:00Z
CASE-500635,CUST-10901,Cobrança indevida da mensalidade do Clube Livelo,Clube Livelo,App Livelo,Medium,Resolved,4,2025-09-28T01:16:00Z,2025-09-29T01:16:00Z
CASE-500608,CUST-10873,Solicitação de estorno de taxa de transferência,Financeiro,Telefone,Medium,Closed,4,2025-09-30T17:17:00Z,2025-10-04T17:17:00Z
CASE-500052,CUST-10084,Cobrança indevida da mensalidade do Clube Livelo,Clube Livelo,WhatsApp,High,Resolved,1,2025-10-01T09:52:00Z,2025-10-08T09:52:00Z
CASE-500559,CUST-10796,Dificuldade para cancelar assinatura do Clube Livelo,Clube Livelo,App Livelo,Medium,Escalated,2,2025-10-02T04:43:00Z,
CASE-500184,CUST-10266,Solicitação de estorno de taxa de transferência,Financeiro,Reclame Aqui,Medium,Closed,3,2025-10-03T04:08:00Z,2025-10-10T04:08:00Z
CASE-500317,CUST-10471,Dificuldade para cancelar assinatura do Clube Livelo,Clube Livelo,App Livelo,Medium,Resolved,3,2025-10-03T10:10:00Z,2025-10-13T10:10:00Z
CASE-500029,CUST-10047,Cobrança indevida da mensalidade do Clube Livelo,Clube Livelo,App Livelo,Low,Resolved,4,2025-10-04T09:09:00Z,2025-10-12T09:09:00Z
CASE-500217,CUST-10320,Pontos não creditados após compra parceira,Pontuação/Acúmulo,Reclame Aqui,Medium,Resolved,2,2025-10-07T14:47:00Z,2025-10-15T14:47:00Z
CASE-500021,CUST-10035,Cobrança indevida da mensalidade do Clube Livelo,Clube Livelo,Reclame Aqui,High,Closed,1,2025-10-08T12:26:00Z,2025-10-11T12:26:00Z
CASE-500683,CUST-10960,Cobrança indevida da mensalidade do Clube Livelo,Clube Livelo,App Livelo,Medium,Resolved,4,2025-10-12T21:18:00Z,2025-10-22T21:18:00Z
CASE-500305,CUST-10458,Atraso na entrega de produto resgatado,Resgate/Entrega,Reclame Aqui,Critical,Resolved,3,2025-10-13T04:17:00Z,2025-10-16T04:17:00Z
CASE-500423,CUST-10610,Solicitação de estorno de taxa de transferência,Financeiro,Telefone,Medium,Closed,5,2025-10-14T08:50:00Z,2025-10-22T08:50:00Z
CASE-500492,CUST-10699,Produto entregue com avaria/defeito,Resgate/Entrega,Chat Web,Medium,Resolved,1,2025-10-14T10:34:00Z,2025-10-17T10:34:00Z
CASE-500179,CUST-10262,Cobrança indevida da mensalidade do Clube Livelo,Clube Livelo,App Livelo,Low,Closed,5,2025-10-20T22:31:00Z,2025-10-22T22:31:00Z
CASE-500535,CUST-10752,Solicitação de estorno de taxa de transferência,Financeiro,Telefone,High,In Progress,3,2025-10-21T03:24:00Z,
CASE-500536,CUST-10753,Pontos não creditados após compra parceira,Pontuação/Acúmulo,Chat Web,Medium,Closed,4,2025-10-21T09:49:00Z,2025-10-31T09:49:00Z
CASE-500667,CUST-10947,Produto entregue com avaria/defeito,Resgate/Entrega,Chat Web,Medium,Resolved,4,2025-10-22T02:41:00Z,2025-10-26T02:41:00Z
CASE-500366,CUST-10535,Dificuldade para cancelar assinatura do Clube Livelo,Clube Livelo,WhatsApp,Medium,In Progress,1,2025-10-26T03:51:00Z,
CASE-500266,CUST-10391,Atraso na entrega de produto resgatado,Resgate/Entrega,App Livelo,Low,Closed,3,2025-10-26T16:41:00Z,2025-11-02T16:41:00Z
CASE-500186,CUST-10272,Alteração de endereço de entrega de pedido,Resgate/Entrega,Reclame Aqui,Low,Closed,5,2025-10-29T13:23:00Z,2025-11-06T13:23:00Z
CASE-500705,CUST-10990,Atraso na entrega de produto resgatado,Resgate/Entrega,WhatsApp,Low,Resolved,1,2025-10-30T01:52:00Z,2025-11-08T01:52:00Z
CASE-500389,CUST-10573,Dificuldade para cancelar assinatura do Clube Livelo,Clube Livelo,App Livelo,High,Resolved,2,2025-10-31T01:28:00Z,2025-11-01T01:28:00Z
CASE-500218,CUST-10320,Dúvida sobre validade dos pontos expirando,Atendimento,Chat Web,High,Resolved,1,2025-10-31T10:31:00Z,2025-11-02T10:31:00Z
CASE-500595,CUST-10848,Alteração de endereço de entrega de pedido,Resgate/Entrega,Telefone,Critical,In Progress,1,2025-10-31T20:06:00Z,
CASE-500482,CUST-10689,Voucher de Gift Card com código inválido,Resgate/Entrega,Telefone,Low,Closed,4,2025-10-31T21:11:00Z,2025-11-09T21:11:00Z
CASE-500017,CUST-10030,Produto entregue com avaria/defeito,Resgate/Entrega,Chat Web,Low,Closed,5,2025-11-01T02:11:00Z,2025-11-09T02:11:00Z
CASE-500387,CUST-10573,Erro ao transferir pontos para programa aéreo,Pontuação/Acúmulo,Reclame Aqui,Low,In Progress,1,2025-11-02T05:01:00Z,
CASE-500072,CUST-10109,Voucher de Gift Card com código inválido,Resgate/Entrega,Reclame Aqui,Critical,Closed,1,2025-11-03T05:39:00Z,2025-11-04T05:39:00Z
CASE-500033,CUST-10053,Erro ao transferir pontos para programa aéreo,Pontuação/Acúmulo,WhatsApp,Medium,Closed,5,2025-11-03T18:54:00Z,2025-11-12T18:54:00Z
CASE-500150,CUST-10233,Dificuldade para cancelar assinatura do Clube Livelo,Clube Livelo,Chat Web,High,Resolved,1,2025-11-06T21:17:00Z,2025-11-08T21:17:00Z
CASE-500068,CUST-10101,Pontos não creditados após compra parceira,Pontuação/Acúmulo,Telefone,Medium,Resolved,3,2025-11-08T21:18:00Z,2025-11-11T21:18:00Z
CASE-500628,CUST-10893,Atraso na entrega de produto resgatado,Resgate/Entrega,Chat Web,High,Escalated,1,2025-11-11T21:35:00Z,
CASE-500295,CUST-10434,Produto entregue com avaria/defeito,Resgate/Entrega,Chat Web,Critical,Resolved,2,2025-11-12T07:38:00Z,2025-11-19T07:38:00Z
CASE-500156,CUST-10236,Produto entregue com avaria/defeito,Resgate/Entrega,Reclame Aqui,High,Resolved,1,2025-11-12T21:40:00Z,2025-11-13T21:40:00Z
CASE-500136,CUST-10215,Dúvida sobre validade dos pontos expirando,Atendimento,Reclame Aqui,Low,Closed,3,2025-11-13T13:00:00Z,2025-11-15T13:00:00Z
CASE-500154,CUST-10235,Cobrança indevida da mensalidade do Clube Livelo,Clube Livelo,WhatsApp,Low,Resolved,1,2025-11-16T03:38:00Z,2025-11-21T03:38:00Z
CASE-500089,CUST-10134,Dúvida sobre validade dos pontos expirando,Atendimento,Chat Web,Low,Closed,4,2025-11-16T13:55:00Z,2025-11-24T13:55:00Z
CASE-500060,CUST-10091,Dificuldade para cancelar assinatura do Clube Livelo,Clube Livelo,Chat Web,Medium,Closed,4,2025-11-16T16:14:00Z,2025-11-21T16:14:00Z
CASE-500362,CUST-10532,Alteração de endereço de entrega de pedido,Resgate/Entrega,Reclame Aqui,High,Closed,1,2025-11-16T21:05:00Z,2025-11-22T21:05:00Z
CASE-500290,CUST-10426,Dificuldade para cancelar assinatura do Clube Livelo,Clube Livelo,WhatsApp,Medium,Closed,5,2025-11-18T08:55:00Z,2025-11-26T08:55:00Z
CASE-500105,CUST-10159,Dificuldade para cancelar assinatura do Clube Livelo,Clube Livelo,Chat Web,Medium,Resolved,4,2025-11-19T01:00:00Z,2025-11-26T01:00:00Z
CASE-500648,CUST-10919,Produto entregue com avaria/defeito,Resgate/Entrega,Telefone,Critical,In Progress,2,2025-11-21T00:54:00Z,
CASE-500541,CUST-10768,Cobrança indevida da mensalidade do Clube Livelo,Clube Livelo,App Livelo,Medium,Closed,5,2025-11-21T14:39:00Z,2025-11-27T14:39:00Z
CASE-500222,CUST-10328,Dificuldade para cancelar assinatura do Clube Livelo,Clube Livelo,WhatsApp,Critical,Closed,2,2025-11-22T22:09:00Z,2025-11-23T22:09:00Z
CASE-500530,CUST-10748,Pontos não creditados após compra parceira,Pontuação/Acúmulo,WhatsApp,Medium,Resolved,5,2025-11-23T20:06:00Z,2025-11-29T20:06:00Z
CASE-500584,CUST-10839,Voucher de Gift Card com código inválido,Resgate/Entrega,App Livelo,High,Closed,1,2025-11-24T11:47:00Z,2025-11-30T11:47:00Z
CASE-500363,CUST-10533,Pontos não creditados após compra parceira,Pontuação/Acúmulo,Telefone,Low,Resolved,4,2025-11-26T00:42:00Z,2025-11-27T00:42:00Z
CASE-500626,CUST-10893,Erro ao transferir pontos para programa aéreo,Pontuação/Acúmulo,Reclame Aqui,Low,Escalated,1,2025-11-26T05:45:00Z,
CASE-500110,CUST-10171,Dúvida sobre validade dos pontos expirando,Atendimento,Reclame Aqui,Low,In Progress,2,2025-11-26T16:33:00Z,
CASE-500028,CUST-10045,Voucher de Gift Card com código inválido,Resgate/Entrega,Telefone,Medium,Closed,5,2025-11-26T20:25:00Z,2025-12-06T20:25:00Z
CASE-500505,CUST-10710,Voucher de Gift Card com código inválido,Resgate/Entrega,WhatsApp,High,Closed,4,2025-11-28T04:26:00Z,2025-12-01T04:26:00Z
CASE-500170,CUST-10254,Alteração de endereço de entrega de pedido,Resgate/Entrega,WhatsApp,High,Closed,4,2025-12-01T02:52:00Z,2025-12-09T02:52:00Z
CASE-500259,CUST-10375,Cobrança indevida da mensalidade do Clube Livelo,Clube Livelo,App Livelo,Medium,Closed,4,2025-12-02T21:07:00Z,2025-12-07T21:07:00Z
CASE-500572,CUST-10825,Cobrança indevida da mensalidade do Clube Livelo,Clube Livelo,Reclame Aqui,High,Escalated,2,2025-12-03T00:12:00Z,
CASE-500435,CUST-10628,Alteração de endereço de entrega de pedido,Resgate/Entrega,WhatsApp,Low,Closed,5,2025-12-04T05:23:00Z,2025-12-06T05:23:00Z
CASE-500141,CUST-10218,Pontos não creditados após compra parceira,Pontuação/Acúmulo,Reclame Aqui,Medium,Resolved,4,2025-12-06T12:59:00Z,2025-12-14T12:59:00Z
CASE-500356,CUST-10522,Dúvida sobre validade dos pontos expirando,Atendimento,Telefone,High,Closed,4,2025-12-08T06:36:00Z,2025-12-14T06:36:00Z
CASE-500457,CUST-10657,Dificuldade para cancelar assinatura do Clube Livelo,Clube Livelo,Reclame Aqui,Critical,Closed,1,2025-12-09T05:38:00Z,2025-12-11T05:38:00Z
CASE-500277,CUST-10405,Erro ao transferir pontos para programa aéreo,Pontuação/Acúmulo,App Livelo,High,Resolved,3,2025-12-14T11:39:00Z,2025-12-23T11:39:00Z
CASE-500112,CUST-10175,Alteração de endereço de entrega de pedido,Resgate/Entrega,Reclame Aqui,Low,In Progress,4,2025-12-15T19:34:00Z,
CASE-500627,CUST-10893,Pontos não creditados após compra parceira,Pontuação/Acúmulo,App Livelo,Critical,In Progress,1,2025-12-17T01:56:00Z,
CASE-500506,CUST-10711,Dúvida sobre validade dos pontos expirando,Atendimento,App Livelo,Low,Closed,3,2025-12-19T02:06:00Z,2025-12-28T02:06:00Z
CASE-500397,CUST-10587,Pontos não creditados após compra parceira,Pontuação/Acúmulo,WhatsApp,High,Resolved,1,2025-12-20T04:18:00Z,2025-12-25T04:18:00Z
CASE-500381,CUST-10558,Produto entregue com avaria/defeito,Resgate/Entrega,App Livelo,Medium,Resolved,5,2025-12-20T07:25:00Z,2025-12-25T07:25:00Z
CASE-500196,CUST-10285,Produto entregue com avaria/defeito,Resgate/Entrega,Telefone,Medium,Closed,5,2025-12-21T13:56:00Z,2025-12-24T13:56:00Z
CASE-500357,CUST-10523,Alteração de endereço de entrega de pedido,Resgate/Entrega,WhatsApp,High,Escalated,1,2025-12-23T23:50:00Z,
CASE-500255,CUST-10371,Produto entregue com avaria/defeito,Resgate/Entrega,Reclame Aqui,Medium,Escalated,2,2025-12-24T11:31:00Z,
CASE-500067,CUST-10098,Cobrança indevida da mensalidade do Clube Livelo,Clube Livelo,Telefone,Medium,Resolved,5,2025-12-24T18:05:00Z,2025-12-31T18:05:00Z
CASE-500604,CUST-10865,Voucher de Gift Card com código inválido,Resgate/Entrega,App Livelo,Low,Closed,5,2025-12-24T23:18:00Z,2025-12-27T23:18:00Z
CASE-500232,CUST-10337,Produto entregue com avaria/defeito,Resgate/Entrega,Chat Web,Critical,In Progress,1,2025-12-25T05:21:00Z,
CASE-500531,CUST-10749,Pontos não creditados após compra parceira,Pontuação/Acúmulo,Telefone,Low,Resolved,5,2025-12-25T09:50:00Z,2025-12-27T09:50:00Z
CASE-500075,CUST-10115,Dificuldade para cancelar assinatura do Clube Livelo,Clube Livelo,Reclame Aqui,Critical,Closed,1,2025-12-25T22:20:00Z,2025-12-30T22:20:00Z
CASE-500388,CUST-10573,Atraso na entrega de produto resgatado,Resgate/Entrega,Chat Web,High,Closed,1,2025-12-27T18:10:00Z,2025-12-29T18:10:00Z
CASE-500335,CUST-10493,Dificuldade para cancelar assinatura do Clube Livelo,Clube Livelo,Chat Web,Medium,In Progress,2,2025-12-29T01:27:00Z,
CASE-500208,CUST-10312,Erro ao transferir pontos para programa aéreo,Pontuação/Acúmulo,WhatsApp,Medium,Resolved,4,2025-12-31T02:36:00Z,2026-01-01T02:36:00Z
CASE-500347,CUST-10510,Erro ao transferir pontos para programa aéreo,Pontuação/Acúmulo,Chat Web,High,Resolved,5,2025-12-31T06:47:00Z,2026-01-06T06:47:00Z
CASE-500420,CUST-10606,Pontos não creditados após compra parceira,Pontuação/Acúmulo,Telefone,Low,Resolved,5,2025-12-31T06:55:00Z,2026-01-09T06:55:00Z
CASE-500473,CUST-10679,Pontos não creditados após compra parceira,Pontuação/Acúmulo,Chat Web,Low,Resolved,4,2025-12-31T15:57:00Z,2026-01-07T15:57:00Z
CASE-500424,CUST-10612,Voucher de Gift Card com código inválido,Resgate/Entrega,Telefone,Low,Closed,4,2026-01-04T10:44:00Z,2026-01-06T10:44:00Z
CASE-500561,CUST-10802,Solicitação de estorno de taxa de transferência,Financeiro,Reclame Aqui,High,Resolved,1,2026-01-04T20:42:00Z,2026-01-13T20:42:00Z
CASE-500200,CUST-10292,Cobrança indevida da mensalidade do Clube Livelo,Clube Livelo,WhatsApp,Medium,Closed,4,2026-01-05T07:42:00Z,2026-01-13T07:42:00Z
CASE-500674,CUST-10953,Dúvida sobre validade dos pontos expirando,Atendimento,WhatsApp,Low,Resolved,5,2026-01-05T10:42:00Z,2026-01-11T10:42:00Z
CASE-500249,CUST-10364,Produto entregue com avaria/defeito,Resgate/Entrega,Reclame Aqui,Low,Closed,4,2026-01-06T20:18:00Z,2026-01-10T20:18:00Z
CASE-500253,CUST-10370,Produto entregue com avaria/defeito,Resgate/Entrega,Chat Web,High,Closed,2,2026-01-08T07:38:00Z,2026-01-09T07:38:00Z
CASE-500349,CUST-10513,Dificuldade para cancelar assinatura do Clube Livelo,Clube Livelo,Chat Web,Low,Closed,5,2026-01-08T13:52:00Z,2026-01-12T13:52:00Z
CASE-500499,CUST-10706,Pontos não creditados após compra parceira,Pontuação/Acúmulo,WhatsApp,Medium,Closed,5,2026-01-13T01:05:00Z,2026-01-15T01:05:00Z
CASE-500338,CUST-10496,Dificuldade para cancelar assinatura do Clube Livelo,Clube Livelo,WhatsApp,High,Escalated,2,2026-01-14T15:17:00Z,
CASE-500235,CUST-10343,Voucher de Gift Card com código inválido,Resgate/Entrega,WhatsApp,High,Escalated,1,2026-01-16T14:18:00Z,
CASE-500467,CUST-10671,Alteração de endereço de entrega de pedido,Resgate/Entrega,App Livelo,Low,Closed,5,2026-01-18T06:41:00Z,2026-01-22T06:41:00Z
CASE-500149,CUST-10228,Pontos não creditados após compra parceira,Pontuação/Acúmulo,Telefone,Low,Closed,5,2026-01-23T00:25:00Z,2026-01-27T00:25:00Z
CASE-500439,CUST-10632,Pontos não creditados após compra parceira,Pontuação/Acúmulo,Telefone,Medium,Closed,5,2026-01-24T21:57:00Z,2026-01-28T21:57:00Z
CASE-500003,CUST-10009,Atraso na entrega de produto resgatado,Resgate/Entrega,Chat Web,Medium,Resolved,5,2026-01-26T03:13:00Z,2026-02-05T03:13:00Z
CASE-500027,CUST-10044,Dificuldade para cancelar assinatura do Clube Livelo,Clube Livelo,Chat Web,Medium,Closed,5,2026-01-27T15:50:00Z,2026-02-06T15:50:00Z
CASE-500659,CUST-10933,Produto entregue com avaria/defeito,Resgate/Entrega,Reclame Aqui,Critical,Closed,1,2026-01-29T00:27:00Z,2026-02-07T00:27:00Z
CASE-500448,CUST-10649,Dificuldade para cancelar assinatura do Clube Livelo,Clube Livelo,Telefone,High,Escalated,1,2026-01-30T21:44:00Z,
CASE-500289,CUST-10425,Pontos não creditados após compra parceira,Pontuação/Acúmulo,Chat Web,Low,Escalated,4,2026-01-30T23:56:00Z,
CASE-500400,CUST-10589,Voucher de Gift Card com código inválido,Resgate/Entrega,Chat Web,Medium,Resolved,4,2026-01-31T00:12:00Z,2026-02-03T00:12:00Z
CASE-500624,CUST-10891,Produto entregue com avaria/defeito,Resgate/Entrega,Chat Web,Low,Closed,5,2026-02-01T03:30:00Z,2026-02-02T03:30:00Z
CASE-500113,CUST-10176,Alteração de endereço de entrega de pedido,Resgate/Entrega,App Livelo,Medium,Closed,5,2026-02-02T11:27:00Z,2026-02-11T11:27:00Z
CASE-500552,CUST-10786,Pontos não creditados após compra parceira,Pontuação/Acúmulo,Telefone,Critical,Closed,2,2026-02-03T00:15:00Z,2026-02-04T00:15:00Z
CASE-500633,CUST-10896,Voucher de Gift Card com código inválido,Resgate/Entrega,Telefone,High,Closed,3,2026-02-08T08:16:00Z,2026-02-13T08:16:00Z
CASE-500504,CUST-10710,Produto entregue com avaria/defeito,Resgate/Entrega,WhatsApp,Low,Resolved,4,2026-02-11T07:48:00Z,2026-02-21T07:48:00Z
CASE-500086,CUST-10129,Dúvida sobre validade dos pontos expirando,Atendimento,WhatsApp,Low,Resolved,5,2026-02-12T08:02:00Z,2026-02-19T08:02:00Z
CASE-500611,CUST-10876,Alteração de endereço de entrega de pedido,Resgate/Entrega,Reclame Aqui,Critical,In Progress,1,2026-02-12T11:14:00Z,
CASE-500079,CUST-10119,Pontos não creditados após compra parceira,Pontuação/Acúmulo,App Livelo,Low,In Progress,1,2026-02-13T11:37:00Z,
CASE-500162,CUST-10240,Alteração de endereço de entrega de pedido,Resgate/Entrega,Telefone,Low,In Progress,5,2026-02-16T20:04:00Z,
CASE-500051,CUST-10081,Atraso na entrega de produto resgatado,Resgate/Entrega,Chat Web,High,Closed,1,2026-02-17T15:36:00Z,2026-02-18T15:36:00Z
CASE-500039,CUST-10065,Pontos não creditados após compra parceira,Pontuação/Acúmulo,App Livelo,High,Escalated,1,2026-02-18T19:25:00Z,
CASE-500645,CUST-10917,Erro ao transferir pontos para programa aéreo,Pontuação/Acúmulo,Telefone,Low,Closed,5,2026-02-19T02:37:00Z,2026-02-23T02:37:00Z
CASE-500163,CUST-10244,Cobrança indevida da mensalidade do Clube Livelo,Clube Livelo,Reclame Aqui,High,Escalated,2,2026-02-19T21:17:00Z,
CASE-500605,CUST-10865,Dificuldade para cancelar assinatura do Clube Livelo,Clube Livelo,WhatsApp,Medium,Resolved,3,2026-02-23T00:23:00Z,2026-02-28T00:23:00Z
CASE-500353,CUST-10518,Pontos não creditados após compra parceira,Pontuação/Acúmulo,Reclame Aqui,Medium,Closed,4,2026-02-25T06:09:00Z,2026-03-02T06:09:00Z
CASE-500133,CUST-10209,Atraso na entrega de produto resgatado,Resgate/Entrega,Chat Web,Medium,Resolved,5,2026-02-26T17:14:00Z,2026-03-03T17:14:00Z
CASE-500692,CUST-10974,Produto entregue com avaria/defeito,Resgate/Entrega,App Livelo,Medium,In Progress,1,2026-02-26T20:49:00Z,
CASE-500100,CUST-10152,Pontos não creditados após compra parceira,Pontuação/Acúmulo,App Livelo,Medium,Closed,5,2026-02-27T17:53:00Z,2026-03-09T17:53:00Z
CASE-500070,CUST-10108,Alteração de endereço de entrega de pedido,Resgate/Entrega,Chat Web,Low,Closed,4,2026-02-27T19:29:00Z,2026-03-08T19:29:00Z
CASE-500526,CUST-10744,Dúvida sobre validade dos pontos expirando,Atendimento,Chat Web,High,Closed,1,2026-02-28T21:19:00Z,2026-03-08T21:19:00Z
CASE-500306,CUST-10459,Cobrança indevida da mensalidade do Clube Livelo,Clube Livelo,Chat Web,Low,Closed,4,2026-03-01T19:58:00Z,2026-03-09T19:58:00Z
CASE-500615,CUST-10879,Cobrança indevida da mensalidade do Clube Livelo,Clube Livelo,WhatsApp,Low,Resolved,5,2026-03-01T23:10:00Z,2026-03-04T23:10:00Z
CASE-500441,CUST-10636,Atraso na entrega de produto resgatado,Resgate/Entrega,App Livelo,Low,Closed,5,2026-03-04T00:03:00Z,2026-03-06T00:03:00Z
CASE-500546,CUST-10774,Pontos não creditados após compra parceira,Pontuação/Acúmulo,WhatsApp,Low,Closed,5,2026-03-05T13:48:00Z,2026-03-07T13:48:00Z
CASE-500374,CUST-10549,Voucher de Gift Card com código inválido,Resgate/Entrega,WhatsApp,Low,Closed,5,2026-03-05T20:51:00Z,2026-03-11T20:51:00Z
CASE-500447,CUST-10646,Cobrança indevida da mensalidade do Clube Livelo,Clube Livelo,App Livelo,Low,Resolved,5,2026-03-07T13:09:00Z,2026-03-09T13:09:00Z
CASE-500022,CUST-10037,Solicitação de estorno de taxa de transferência,Financeiro,WhatsApp,Low,Closed,4,2026-03-08T05:10:00Z,2026-03-13T05:10:00Z
CASE-500083,CUST-10124,Dúvida sobre validade dos pontos expirando,Atendimento,WhatsApp,High,Closed,1,2026-03-08T16:07:00Z,2026-03-12T16:07:00Z
CASE-500234,CUST-10341,Dúvida sobre validade dos pontos expirando,Atendimento,WhatsApp,Medium,Resolved,2,2026-03-09T01:14:00Z,2026-03-15T01:14:00Z
CASE-500668,CUST-10947,Atraso na entrega de produto resgatado,Resgate/Entrega,Telefone,Medium,Closed,4,2026-03-09T22:48:00Z,2026-03-15T22:48:00Z
CASE-500352,CUST-10516,Alteração de endereço de entrega de pedido,Resgate/Entrega,Reclame Aqui,Low,Closed,4,2026-03-10T04:16:00Z,2026-03-18T04:16:00Z
CASE-500428,CUST-10616,Erro ao transferir pontos para programa aéreo,Pontuação/Acúmulo,App Livelo,Low,Closed,5,2026-03-11T02:52:00Z,2026-03-14T02:52:00Z
CASE-500698,CUST-10982,Voucher de Gift Card com código inválido,Resgate/Entrega,App Livelo,Critical,Closed,2,2026-03-15T09:13:00Z,2026-03-17T09:13:00Z
CASE-500360,CUST-10528,Atraso na entrega de produto resgatado,Resgate/Entrega,Reclame Aqui,High,Resolved,2,2026-03-17T15:13:00Z,2026-03-24T15:13:00Z
CASE-500606,CUST-10866,Voucher de Gift Card com código inválido,Resgate/Entrega,App Livelo,High,Closed,2,2026-03-19T15:24:00Z,2026-03-22T15:24:00Z
CASE-500602,CUST-10859,Atraso na entrega de produto resgatado,Resgate/Entrega,WhatsApp,Medium,Closed,4,2026-03-20T08:16:00Z,2026-03-23T08:16:00Z
CASE-500483,CUST-10689,Dúvida sobre validade dos pontos expirando,Atendimento,WhatsApp,Low,Closed,5,2026-03-21T01:00:00Z,2026-03-31T01:00:00Z
CASE-500507,CUST-10712,Solicitação de estorno de taxa de transferência,Financeiro,WhatsApp,Medium,Closed,5,2026-03-21T07:56:00Z,2026-03-29T07:56:00Z
CASE-500591,CUST-10845,Pontos não creditados após compra parceira,Pontuação/Acúmulo,Chat Web,High,Resolved,1,2026-03-24T21:41:00Z,2026-03-29T21:41:00Z
CASE-500164,CUST-10244,Solicitação de estorno de taxa de transferência,Financeiro,WhatsApp,Medium,Escalated,2,2026-03-27T13:18:00Z,
CASE-500469,CUST-10675,Dificuldade para cancelar assinatura do Clube Livelo,Clube Livelo,Chat Web,Medium,Closed,4,2026-03-27T14:48:00Z,2026-04-05T14:48:00Z
CASE-500544,CUST-10771,Atraso na entrega de produto resgatado,Resgate/Entrega,Reclame Aqui,Medium,Resolved,1,2026-03-29T09:49:00Z,2026-03-31T09:49:00Z
CASE-500269,CUST-10393,Erro ao transferir pontos para programa aéreo,Pontuação/Acúmulo,Telefone,High,Resolved,1,2026-03-29T17:46:00Z,2026-04-02T17:46:00Z
CASE-500312,CUST-10465,Cobrança indevida da mensalidade do Clube Livelo,Clube Livelo,Telefone,Critical,Closed,3,2026-03-29T19:05:00Z,2026-04-07T19:05:00Z
CASE-500461,CUST-10665,Cobrança indevida da mensalidade do Clube Livelo,Clube Livelo,App Livelo,High,Resolved,2,2026-03-31T12:29:00Z,2026-04-05T12:29:00Z
CASE-500059,CUST-10091,Produto entregue com avaria/defeito,Resgate/Entrega,WhatsApp,Low,Closed,5,2026-04-03T21:51:00Z,2026-04-04T21:51:00Z
CASE-500135,CUST-10214,Voucher de Gift Card com código inválido,Resgate/Entrega,Chat Web,Low,Closed,3,2026-04-05T08:57:00Z,2026-04-10T08:57:00Z
CASE-500517,CUST-10725,Voucher de Gift Card com código inválido,Resgate/Entrega,Telefone,Low,Resolved,2,2026-04-10T00:54:00Z,2026-04-14T00:54:00Z
CASE-500098,CUST-10149,Cobrança indevida da mensalidade do Clube Livelo,Clube Livelo,Telefone,Medium,Closed,5,2026-04-10T22:13:00Z,2026-04-12T22:13:00Z
CASE-500547,CUST-10775,Produto entregue com avaria/defeito,Resgate/Entrega,WhatsApp,Low,Closed,4,2026-04-15T14:29:00Z,2026-04-25T14:29:00Z
CASE-500181,CUST-10263,Atraso na entrega de produto resgatado,Resgate/Entrega,Telefone,Medium,Resolved,2,2026-04-16T12:21:00Z,2026-04-26T12:21:00Z
CASE-500623,CUST-10891,Alteração de endereço de entrega de pedido,Resgate/Entrega,Reclame Aqui,Low,Resolved,5,2026-04-16T15:18:00Z,2026-04-21T15:18:00Z
CASE-500468,CUST-10674,Dificuldade para cancelar assinatura do Clube Livelo,Clube Livelo,Reclame Aqui,Low,Closed,4,2026-04-16T21:38:00Z,2026-04-25T21:38:00Z
CASE-500383,CUST-10566,Dúvida sobre validade dos pontos expirando,Atendimento,WhatsApp,High,In Progress,2,2026-04-17T05:47:00Z,
CASE-500337,CUST-10495,Produto entregue com avaria/defeito,Resgate/Entrega,Telefone,High,Closed,4,2026-04-17T19:51:00Z,2026-04-22T19:51:00Z
CASE-500081,CUST-10123,Voucher de Gift Card com código inválido,Resgate/Entrega,Telefone,Medium,Closed,3,2026-04-18T16:03:00Z,2026-04-22T16:03:00Z
CASE-500315,CUST-10470,Erro ao transferir pontos para programa aéreo,Pontuação/Acúmulo,Reclame Aqui,Low,Closed,3,2026-04-18T16:04:00Z,2026-04-28T16:04:00Z
CASE-500671,CUST-10949,Erro ao transferir pontos para programa aéreo,Pontuação/Acúmulo,WhatsApp,High,Escalated,2,2026-04-30T05:46:00Z,
CASE-500239,CUST-10347,Cobrança indevida da mensalidade do Clube Livelo,Clube Livelo,Chat Web,High,In Progress,1,2026-05-01T16:43:00Z,
CASE-500393,CUST-10581,Produto entregue com avaria/defeito,Resgate/Entrega,Chat Web,Low,Resolved,4,2026-05-01T16:45:00Z,2026-05-02T16:45:00Z
CASE-500525,CUST-10744,Dificuldade para cancelar assinatura do Clube Livelo,Clube Livelo,Reclame Aqui,Medium,Escalated,3,2026-05-10T00:44:00Z,
CASE-500456,CUST-10657,Produto entregue com avaria/defeito,Resgate/Entrega,Reclame Aqui,Critical,Closed,1,2026-05-10T07:23:00Z,2026-05-18T07:23:00Z
CASE-500560,CUST-10798,Dúvida sobre validade dos pontos expirando,Atendimento,WhatsApp,High,Resolved,5,2026-05-12T06:33:00Z,2026-05-22T06:33:00Z
CASE-500007,CUST-10016,Pontos não creditados após compra parceira,Pontuação/Acúmulo,App Livelo,Medium,Closed,4,2026-05-12T12:47:00Z,2026-05-17T12:47:00Z
CASE-500599,CUST-10852,Produto entregue com avaria/defeito,Resgate/Entrega,Telefone,Low,Resolved,4,2026-05-13T21:01:00Z,2026-05-21T21:01:00Z
CASE-500663,CUST-10942,Atraso na entrega de produto resgatado,Resgate/Entrega,App Livelo,High,Escalated,1,2026-05-17T11:41:00Z,
CASE-500511,CUST-10716,Erro ao transferir pontos para programa aéreo,Pontuação/Acúmulo,Reclame Aqui,Medium,Closed,3,2026-05-19T10:49:00Z,2026-05-27T10:49:00Z
CASE-500272,CUST-10398,Pontos não creditados após compra parceira,Pontuação/Acúmulo,Telefone,Critical,Closed,5,2026-05-19T22:56:00Z,2026-05-22T22:56:00Z
CASE-500642,CUST-10915,Produto entregue com avaria/defeito,Resgate/Entrega,App Livelo,Low,Resolved,4,2026-05-21T05:53:00Z,2026-05-31T05:53:00Z
CASE-500500,CUST-10708,Produto entregue com avaria/defeito,Resgate/Entrega,WhatsApp,High,Closed,2,2026-05-21T18:22:00Z,2026-05-26T18:22:00Z
CASE-500678,CUST-10956,Produto entregue com avaria/defeito,Resgate/Entrega,Reclame Aqui,High,Closed,4,2026-05-22T05:08:00Z,2026-05-23T05:08:00Z
CASE-500543,CUST-10771,Dificuldade para cancelar assinatura do Clube Livelo,Clube Livelo,WhatsApp,Medium,Resolved,1,2026-05-23T13:36:00Z,2026-05-27T13:36:00Z
CASE-500240,CUST-10347,Erro ao transferir pontos para programa aéreo,Pontuação/Acúmulo,WhatsApp,Critical,Escalated,2,2026-05-23T19:48:00Z,
CASE-500350,CUST-10514,Dificuldade para cancelar assinatura do Clube Livelo,Clube Livelo,App Livelo,Low,Closed,4,2026-05-26T15:09:00Z,2026-06-01T15:09:00Z
CASE-500331,CUST-10487,Erro ao transferir pontos para programa aéreo,Pontuação/Acúmulo,Telefone,Critical,Resolved,1,2026-05-26T18:25:00Z,2026-05-30T18:25:00Z
CASE-500703,CUST-10989,Pontos não creditados após compra parceira,Pontuação/Acúmulo,Reclame Aqui,Low,Escalated,2,2026-05-29T18:39:00Z,
CASE-500309,CUST-10460,Cobrança indevida da mensalidade do Clube Livelo,Clube Livelo,App Livelo,High,In Progress,3,2026-05-30T19:13:00Z,
CASE-500577,CUST-10834,Erro ao transferir pontos para programa aéreo,Pontuação/Acúmulo,Reclame Aqui,Critical,Resolved,2,2026-06-01T08:50:00Z,2026-06-05T08:50:00Z
CASE-500590,CUST-10845,Dificuldade para cancelar assinatura do Clube Livelo,Clube Livelo,App Livelo,Critical,Closed,1,2026-06-01T15:13:00Z,2026-06-08T15:13:00Z
CASE-500452,CUST-10653,Atraso na entrega de produto resgatado,Resgate/Entrega,Telefone,High,Escalated,1,2026-06-01T16:53:00Z,
CASE-500672,CUST-10951,Dúvida sobre validade dos pontos expirando,Atendimento,Chat Web,Medium,In Progress,2,2026-06-01T20:03:00Z,
CASE-500342,CUST-10506,Erro ao transferir pontos para programa aéreo,Pontuação/Acúmulo,Reclame Aqui,Low,Closed,3,2026-06-01T20:29:00Z,2026-06-11T20:29:00Z
CASE-500073,CUST-10115,Cobrança indevida da mensalidade do Clube Livelo,Clube Livelo,Chat Web,High,Closed,1,2026-06-02T03:29:00Z,2026-06-08T03:29:00Z
CASE-500340,CUST-10496,Produto entregue com avaria/defeito,Resgate/Entrega,Chat Web,High,Resolved,1,2026-06-02T12:59:00Z,2026-06-04T12:59:00Z
CASE-500148,CUST-10226,Pontos não creditados após compra parceira,Pontuação/Acúmulo,Reclame Aqui,Low,Escalated,5,2026-06-02T16:34:00Z,
CASE-500554,CUST-10791,Alteração de endereço de entrega de pedido,Resgate/Entrega,Telefone,Medium,Closed,4,2026-06-04T00:46:00Z,2026-06-13T00:46:00Z
CASE-500332,CUST-10487,Voucher de Gift Card com código inválido,Resgate/Entrega,WhatsApp,Critical,Escalated,1,2026-06-05T15:19:00Z,
CASE-500574,CUST-10831,Pontos não creditados após compra parceira,Pontuação/Acúmulo,Reclame Aqui,Medium,Closed,5,2026-06-07T01:30:00Z,2026-06-10T01:30:00Z
CASE-500385,CUST-10566,Alteração de endereço de entrega de pedido,Resgate/Entrega,App Livelo,Critical,Closed,3,2026-06-10T11:00:00Z,2026-06-18T11:00:00Z
CASE-500484,CUST-10690,Alteração de endereço de entrega de pedido,Resgate/Entrega,Reclame Aqui,High,Closed,4,2026-06-10T14:57:00Z,2026-06-14T14:57:00Z
CASE-500101,CUST-10153,Cobrança indevida da mensalidade do Clube Livelo,Clube Livelo,Chat Web,Medium,Closed,5,2026-06-11T19:19:00Z,2026-06-13T19:19:00Z
CASE-500509,CUST-10714,Voucher de Gift Card com código inválido,Resgate/Entrega,Chat Web,Critical,Closed,1,2026-06-14T16:39:00Z,2026-06-18T16:39:00Z
CASE-500396,CUST-10586,Dificuldade para cancelar assinatura do Clube Livelo,Clube Livelo,App Livelo,Medium,Closed,5,2026-06-15T03:43:00Z,2026-06-19T03:43:00Z
CASE-500395,CUST-10585,Dificuldade para cancelar assinatura do Clube Livelo,Clube Livelo,Telefone,Low,Closed,3,2026-06-20T04:22:00Z,2026-06-25T04:22:00Z
CASE-500192,CUST-10278,Dúvida sobre validade dos pontos expirando,Atendimento,Reclame Aqui,High,Closed,2,2026-06-23T05:18:00Z,2026-06-28T05:18:00Z
CASE-500596,CUST-10850,Dúvida sobre validade dos pontos expirando,Atendimento,App Livelo,High,Closed,1,2026-06-25T02:00:00Z,2026-06-29T02:00:00Z
CASE-500693,CUST-10974,Alteração de endereço de entrega de pedido,Resgate/Entrega,Telefone,High,Resolved,1,2026-06-25T02:32:00Z,2026-07-02T02:32:00Z
CASE-500345,CUST-10507,Alteração de endereço de entrega de pedido,Resgate/Entrega,App Livelo,Critical,Escalated,2,2026-06-26T21:23:00Z,
CASE-500431,CUST-10621,Erro ao transferir pontos para programa aéreo,Pontuação/Acúmulo,Chat Web,Medium,Resolved,5,2026-06-27T09:32:00Z,2026-07-06T09:32:00Z
CASE-500619,CUST-10888,Atraso na entrega de produto resgatado,Resgate/Entrega,Chat Web,Critical,Resolved,2,2026-06-27T09:44:00Z,2026-07-06T09:44:00Z
CASE-500230,CUST-10337,Voucher de Gift Card com código inválido,Resgate/Entrega,Reclame Aqui,Medium,In Progress,1,2026-06-27T21:21:00Z,
CASE-500307,CUST-10459,Pontos não creditados após compra parceira,Pontuação/Acúmulo,App Livelo,Low,Resolved,5,2026-07-01T03:58:00Z,2026-07-02T03:58:00Z
CASE-500047,CUST-10074,Pontos não creditados após compra parceira,Pontuação/Acúmulo,App Livelo,Medium,Resolved,2,2026-07-02T06:21:00Z,2026-07-12T06:21:00Z
CASE-500570,CUST-10820,Atraso na entrega de produto resgatado,Resgate/Entrega,Chat Web,Medium,Resolved,5,2026-07-02T13:12:00Z,2026-07-08T13:12:00Z
CASE-500710,CUST-10994,Atraso na entrega de produto resgatado,Resgate/Entrega,Telefone,Medium,Resolved,1,2026-07-02T22:54:00Z,2026-07-07T22:54:00Z
CASE-500191,CUST-10276,Alteração de endereço de entrega de pedido,Resgate/Entrega,Telefone,Low,Resolved,3,2026-07-04T19:06:00Z,2026-07-07T19:06:00Z
CASE-500221,CUST-10328,Pontos não creditados após compra parceira,Pontuação/Acúmulo,Telefone,High,Closed,1,2026-07-05T08:10:00Z,2026-07-08T08:10:00Z
CASE-500045,CUST-10069,Alteração de endereço de entrega de pedido,Resgate/Entrega,App Livelo,High,Escalated,1,2026-07-07T13:54:00Z,
CASE-500006,CUST-10015,Dúvida sobre validade dos pontos expirando,Atendimento,Chat Web,High,Closed,5,2026-07-08T02:35:00Z,2026-07-14T02:35:00Z
CASE-500053,CUST-10084,Voucher de Gift Card com código inválido,Resgate/Entrega,WhatsApp,High,In Progress,2,2026-07-08T18:25:00Z,
CASE-500701,CUST-10988,Cobrança indevida da mensalidade do Clube Livelo,Clube Livelo,Chat Web,Medium,In Progress,1,2026-07-10T19:39:00Z,
CASE-500119,CUST-10186,Dificuldade para cancelar assinatura do Clube Livelo,Clube Livelo,WhatsApp,Medium,Resolved,3,2026-07-11T12:50:00Z,2026-07-14T12:50:00Z
CASE-500434,CUST-10625,Voucher de Gift Card com código inválido,Resgate/Entrega,WhatsApp,High,Closed,5,2026-07-13T12:20:00Z,2026-07-21T12:20:00Z
CASE-500031,CUST-10049,Dificuldade para cancelar assinatura do Clube Livelo,Clube Livelo,WhatsApp,Low,Closed,5,2026-07-15T18:03:00Z,2026-07-19T18:03:00Z
CASE-500071,CUST-10109,Solicitação de estorno de taxa de transferência,Financeiro,WhatsApp,High,Escalated,2,2026-07-19T06:23:00Z,
CASE-500343,CUST-10506,Dificuldade para cancelar assinatura do Clube Livelo,Clube Livelo,App Livelo,Low,Closed,5,2026-07-20T04:53:00Z,2026-07-30T04:53:00Z
CASE-500291,CUST-10431,Produto entregue com avaria/defeito,Resgate/Entrega,Chat Web,Critical,Closed,1,2026-07-22T18:09:00Z,2026-07-23T18:09:00Z
CASE-500161,CUST-10238,Dificuldade para cancelar assinatura do Clube Livelo,Clube Livelo,App Livelo,Medium,Closed,4,2026-07-23T20:11:00Z,2026-07-31T20:11:00Z
CASE-500622,CUST-10890,Voucher de Gift Card com código inválido,Resgate/Entrega,WhatsApp,Medium,In Progress,1,2026-07-24T20:21:00Z,
CASE-500014,CUST-10025,Dificuldade para cancelar assinatura do Clube Livelo,Clube Livelo,Reclame Aqui,High,Closed,5,2026-07-25T02:41:00Z,2026-07-30T02:41:00Z
CASE-500598,CUST-10852,Cobrança indevida da mensalidade do Clube Livelo,Clube Livelo,WhatsApp,Low,Closed,3,2026-07-26T22:56:00Z,2026-08-01T22:56:00Z
CASE-500032,CUST-10050,Dúvida sobre validade dos pontos expirando,Atendimento,Reclame Aqui,Low,Closed,3,2026-07-27T14:02:00Z,2026-07-28T14:02:00Z
CASE-500513,CUST-10719,Solicitação de estorno de taxa de transferência,Financeiro,Chat Web,Critical,Closed,5,2026-07-27T21:22:00Z,2026-08-05T21:22:00Z
CASE-500333,CUST-10490,Produto entregue com avaria/defeito,Resgate/Entrega,Reclame Aqui,Medium,Closed,5,2026-07-28T00:14:00Z,2026-08-04T00:14:00Z
CASE-500661,CUST-10938,Atraso na entrega de produto resgatado,Resgate/Entrega,App Livelo,High,Closed,1,2026-07-28T07:27:00Z,2026-08-03T07:27:00Z
CASE-500012,CUST-10022,Alteração de endereço de entrega de pedido,Resgate/Entrega,Telefone,High,Closed,3,2026-07-28T09:14:00Z,2026-07-31T09:14:00Z
