CustomerId,CPF,Name,Email,Phone,BirthDate,Gender,City,State,LiveloTier,CreatedDate
CUST-10001,100.000.001-08,Caio Souza,caio.souza13@example.com,+5511946913810,1980-04-05,Outro,Rio de Janeiro,RJ,Prata,2023-08-28T00:00:00Z
CUST-10002,100.000.002-80,Carla Alves,carla.alves39@example.com,+5511977827638,1966-09-07,Outro,Goiânia,GO,Clube Livelo 10k,2022-08-14T00:00:00Z
CUST-10003,100.000.003-61,Patricia Silva,patricia.silva30@example.com,+5511966722344,1986-05-05,Feminino,Campinas,SP,Prata,2022-04-05T00:00:00Z
CUST-10004,100.000.004-42,Vanessa Ribeiro,vanessa.ribeiro87@example.com,+5511945503389,1967-12-15,Outro,Rio de Janeiro,RJ,Clube Livelo 10k,2022-03-22T00:00:00Z
CUST-10005,100.000.005-23,Vinicius Ribeiro,vinicius.ribeiro83@example.com,+5511935808537,1969-01-22,Feminino,Porto Alegre,RS,Prata,2024-05-25T00:00:00Z
CUST-10006,100.000.006-04,Natan Lima,natan.lima68@example.com,+5511995320121,1988-03-12,Masculino,Curitiba,PR,Clube Livelo 1k,2023-12-20T00:00:00Z
CUST-10007,100.000.007-95,Beatriz Ferreira,beatriz.ferreira78@example.com,+5511942857966,1975-08-13,Masculino,Goiânia,GO,Topázio,2023-12-03T00:00:00Z
CUST-10008,100.000.008-76,Helena Santos,helena.santos50@example.com,+5511963843426,1982-02-07,Outro,Florianópolis,SC,Clube Livelo 5k,2022-08-06T00:00:00Z
CUST-10009,100.000.009-57,Vinicius Almeida,vinicius.almeida28@example.com,+5511945551614,1973-04-24,Outro,Fortaleza,CE,Clube Livelo 1k,2024-02-04T00:00:00Z
CUST-10010,100.000.010-90,Natan Ribeiro,natan.ribeiro38@example.com,+5511928566572,1997-08-03,Feminino,Rio de Janeiro,RJ,Ouro,2023-10-05T00:00:00Z
CUST-10011,100.000.011-71,Beatriz Oliveira,beatriz.oliveira59@example.com,+5511961220073,1994-09-09,Outro,São Paulo,SP,Prata,2023-11-30T00:00:00Z
CUST-10012,100.000.012-52,Marcelo Costa,marcelo.costa24@example.com,+5511949392920,1992-03-15,Feminino,Florianópolis,SC,Clube Livelo 1k,2024-09-22T00:00:00Z
CUST-10013,100.000.013-33,Rodrigo Souza,rodrigo.souza90@example.com,+5511950056581,1997-10-07,Feminino,Campinas,SP,Ouro,2023-07-07T00:00:00Z
CUST-10014,100.000.014-14,Yasmin Silva,yasmin.silva86@example.com,+5511953507489,1996-01-04,Masculino,Porto Alegre,RS,Topázio,2022-03-01T00:00:00Z
CUST-10015,100.000.015-03,Carla Oliveira,carla.oliveira72@example.com,+5511919289546,1999-03-05,Outro,Brasília,DF,Ouro,2022-09-29T00:00:00Z
CUST-10016,100.000.016-86,Olivia Alves,olivia.alves79@example.com,+5511936998038,1984-07-22,Outro,Campinas,SP,Clube Livelo 20k,2024-07-10T00:00:00Z
CUST-10017,100.000.017-67,Helena Pereira,helena.pereira18@example.com,+5511955377076,1966-10-18,Feminino,Recife,PE,Topázio,2022-01-08T00:00:00Z
CUST-10018,100.000.018-48,Helena Oliveira,helena.oliveira14@example.com,+5511954349361,1969-09-08,Masculino,Goiânia,GO,Clube Livelo 20k,2022-08-08T00:00:00Z
CUST-10019,100.000.019-29,Thiago Lopes,thiago.lopes41@example.com,+5511973481353,1991-04-04,Feminino,Goiânia,GO,Clube Livelo 10k,2022-12-29T00:00:00Z
CUST-10020,100.000.020-62,Vanessa Santos,vanessa.santos96@example.com,+5511997705310,1971-01-13,Outro,Campinas,SP,Prata,2022-09-12T00:00:00Z
CUST-10021,100.000.021-43,Paulo Rodrigues,paulo.rodrigues64@example.com,+5511934627347,1982-08-08,Feminino,Brasília,DF,Prata,2022-02-21T00:00:00Z
CUST-10022,100.000.022-24,Renato Silva,renato.silva21@example.com,+5511941726318,1975-07-16,Masculino,Curitiba,PR,Clube Livelo 10k,2024-07-13T00:00:00Z
CUST-10023,100.000.023-05,Ana Martins,ana.martins43@example.com,+5511971070189,1983-07-23,Outro,Fortaleza,CE,Clube Livelo 20k,2022-06-08T00:00:00Z
CUST-10024,100.000.024-96,Bruno Vieira,bruno.vieira79@example.com,+5511918181586,1985-01-02,Outro,Brasília,DF,Ouro,2022-02-28T00:00:00Z
CUST-10025,100.000.025-77,Vanessa Ferreira,vanessa.ferreira18@example.com,+5511989864260,1969-11-28,Feminino,Salvador,BA,Prata,2024-08-22T00:00:00Z
CUST-10026,100.000.026-58,Thiago Barbosa,thiago.barbosa15@example.com,+5511993131979,1970-07-22,Outro,Recife,PE,Clube Livelo 5k,2024-08-15T00:00:00Z
CUST-10027,100.000.027-39,Helena Lima,helena.lima60@example.com,+5511927566185,1984-08-11,Feminino,São Paulo,SP,Clube Livelo 20k,2023-09-29T00:00:00Z
CUST-10028,100.000.028-10,Carla Fernandes,carla.fernandes37@example.com,+5511977898694,1981-03-12,Feminino,Curitiba,PR,Clube Livelo 5k,2022-10-19T00:00:00Z
CUST-10029,100.000.029-09,Diego Gomes,diego.gomes88@example.com,+5511997775215,1998-01-22,Outro,Porto Alegre,RS,Prata,2024-08-19T00:00:00Z
CUST-10030,100.000.030-34,Daniel Souza,daniel.souza80@example.com,+5511930863865,1982-05-20,Feminino,Florianópolis,SC,Clube Livelo 5k,2022-07-28T00:00:00Z
CUST-10031,100.000.031-15,Rodrigo Lopes,rodrigo.lopes42@example.com,+5511916818112,1970-11-14,Masculino,São Paulo,SP,Bronze,2022-12-08T00:00:00Z
CUST-10032,100.000.032-04,Fernanda Almeida,fernanda.almeida80@example.com,+5511967403166,2000-01-04,Feminino,Florianópolis,SC,Ouro,2023-07-13T00:00:00Z
CUST-10033,100.000.033-87,Thiago Fernandes,thiago.fernandes28@example.com,+5511967684996,1973-01-10,Masculino,São Paulo,SP,Clube Livelo 5k,2022-08-04T00:00:00Z
CUST-10034,100.000.034-68,Mariana Fernandes,mariana.fernandes62@example.com,+5511993303777,1974-04-28,Feminino,Belo Horizonte,MG,Clube Livelo 10k,2022-01-26T00:00:00Z
CUST-10035,100.000.035-49,Patricia Carvalho,patricia.carvalho95@example.com,+5511943308443,1982-03-26,Outro,Rio de Janeiro,RJ,Clube Livelo 10k,2024-06-12T00:00:00Z
CUST-10036,100.000.036-20,Helena Alves,helena.alves68@example.com,+5511956930359,1984-04-08,Feminino,Goiânia,GO,Topázio,2023-02-13T00:00:00Z
CUST-10037,100.000.037-00,Marcelo Lima,marcelo.lima54@example.com,+5511996098221,1997-07-22,Outro,Campinas,SP,Bronze,2022-04-29T00:00:00Z
CUST-10038,100.000.038-91,Fernanda Vieira,fernanda.vieira43@example.com,+5511915134794,1971-10-14,Masculino,Florianópolis,SC,Clube Livelo 5k,2023-03-23T00:00:00Z
CUST-10039,100.000.039-72,Daniel Martins,daniel.martins83@example.com,+5511935511941,1981-01-23,Masculino,São Paulo,SP,Topázio,2023-01-08T00:00:00Z
CUST-10040,100.000.040-06,Beatriz Costa,beatriz.costa94@example.com,+5511926726926,1984-09-10,Outro,Salvador,BA,Clube Livelo 5k,2023-02-17T00:00:00Z
CUST-10041,100.000.041-97,Eduardo Alves,eduardo.alves63@example.com,+5511999245317,1989-11-24,Feminino,Recife,PE,Clube Livelo 1k,2023-02-20T00:00:00Z
CUST-10042,100.000.042-78,Juliana Gomes,juliana.gomes36@example.com,+5511967698610,2002-10-21,Masculino,Brasília,DF,Clube Livelo 20k,2023-03-29T00:00:00Z
CUST-10043,100.000.043-59,Rafaela Ferreira,rafaela.ferreira94@example.com,+5511921381064,1983-09-22,Outro,Recife,PE,Clube Livelo 5k,2022-04-06T00:00:00Z
CUST-10044,100.000.044-30,Camila Gomes,camila.gomes38@example.com,+5511936726767,1974-01-02,Feminino,Brasília,DF,Prata,2023-04-12T00:00:00Z
CUST-10045,100.000.045-10,Gabriel Martins,gabriel.martins73@example.com,+5511963640499,1980-03-21,Outro,São Paulo,SP,Prata,2024-03-08T00:00:00Z
CUST-10046,100.000.046-00,Patricia Soares,patricia.soares69@example.com,+5511916740197,2000-04-28,Feminino,Brasília,DF,Ouro,2024-03-31T00:00:00Z
CUST-10047,100.000.047-82,Sofia Barbosa,sofia.barbosa50@example.com,+5511969401199,1997-07-27,Outro,Brasília,DF,Ouro,2024-02-01T00:00:00Z
CUST-10048,100.000.048-63,Igor Pereira,igor.pereira91@example.com,+5511947220099,1998-08-21,Feminino,Porto Alegre,RS,Clube Livelo 20k,2022-03-21T00:00:00Z
CUST-10049,100.000.049-44,Igor Costa,igor.costa50@example.com,+5511982498004,1970-03-05,Feminino,Salvador,BA,Ouro,2023-12-25T00:00:00Z
CUST-10050,100.000.050-88,Olivia Costa,olivia.costa79@example.com,+5511972535301,1991-01-07,Masculino,Salvador,BA,Bronze,2024-05-27T00:00:00Z
CUST-10051,100.000.051-69,Natan Lopes,natan.lopes10@example.com,+5511957212267,1984-07-28,Masculino,Fortaleza,CE,Topázio,2023-05-15T00:00:00Z
CUST-10052,100.000.052-40,Rafaela Silva,rafaela.silva59@example.com,+5511955114543,1990-12-06,Masculino,Belo Horizonte,MG,Bronze,2024-07-17T00:00:00Z
CUST-10053,100.000.053-20,Camila Silva,camila.silva20@example.com,+5511996268397,1992-03-28,Masculino,Belo Horizonte,MG,Bronze,2022-09-24T00:00:00Z
CUST-10054,100.000.054-01,Paulo Costa,paulo.costa53@example.com,+5511960885459,1982-07-09,Feminino,Brasília,DF,Bronze,2024-02-07T00:00:00Z
CUST-10055,100.000.055-92,Helena Oliveira,helena.oliveira93@example.com,+5511915403355,1966-04-07,Feminino,Recife,PE,Ouro,2022-09-02T00:00:00Z
CUST-10056,100.000.056-73,Thiago Alves,thiago.alves69@example.com,+5511944392446,1988-03-20,Outro,Florianópolis,SC,Prata,2024-03-07T00:00:00Z
CUST-10057,100.000.057-54,Daniel Vieira,daniel.vieira13@example.com,+5511951870192,2001-11-13,Masculino,Florianópolis,SC,Topázio,2022-03-19T00:00:00Z
CUST-10058,100.000.058-35,Daniel Gomes,daniel.gomes97@example.com,+5511990585882,1972-10-26,Feminino,Campinas,SP,Clube Livelo 10k,2023-11-09T00:00:00Z
CUST-10059,100.000.059-16,Caio Costa,caio.costa11@example.com,+5511966379329,1996-02-14,Masculino,Goiânia,GO,Clube Livelo 20k,2023-12-26T00:00:00Z
CUST-10060,100.000.060-50,Larissa Soares,larissa.soares93@example.com,+5511946249845,1999-08-15,Masculino,Florianópolis,SC,Clube Livelo 1k,2022-11-27T00:00:00Z
CUST-10061,100.000.061-30,Igor Almeida,igor.almeida41@example.com,+5511972372114,2001-10-22,Masculino,Campinas,SP,Bronze,2023-05-22T00:00:00Z
CUST-10062,100.000.062-11,Rafaela Alves,rafaela.alves55@example.com,+5511944675473,1986-05-20,Outro,Porto Alegre,RS,Bronze,2023-06-14T00:00:00Z
CUST-10063,100.000.063-00,Helena Carvalho,helena.carvalho72@example.com,+5511984514489,1980-12-16,Outro,Florianópolis,SC,Clube Livelo 20k,2023-04-04T00:00:00Z
CUST-10064,100.000.064-83,Juliana Pereira,juliana.pereira61@example.com,+5511942655866,1984-11-19,Masculino,Brasília,DF,Clube Livelo 5k,2023-03-12T00:00:00Z
CUST-10065,100.000.065-64,Lucas Ribeiro,lucas.ribeiro99@example.com,+5511970900658,1982-05-09,Feminino,Rio de Janeiro,RJ,Topázio,2022-11-20T00:00:00Z
CUST-10066,100.000.066-45,Marcelo Ferreira,marcelo.ferreira34@example.com,+5511939042654,1995-05-24,Outro,Fortaleza,CE,Clube Livelo 1k,2022-04-13T00:00:00Z
CUST-10067,100.000.067-26,Helena Ribeiro,helena.ribeiro32@example.com,+5511950569669,1965-12-18,Feminino,Porto Alegre,RS,Bronze,2024-09-24T00:00:00Z
CUST-10068,100.000.068-07,Diego Rodrigues,diego.rodrigues91@example.com,+5511975884623,1971-01-19,Masculino,Brasília,DF,Clube Livelo 20k,2023-03-28T00:00:00Z
CUST-10069,100.000.069-98,Igor Lopes,igor.lopes24@example.com,+5511918770247,1990-08-03,Outro,Goiânia,GO,Bronze,2022-06-05T00:00:00Z
CUST-10070,100.000.070-21,Juliana Oliveira,juliana.oliveira41@example.com,+5511925898299,2000-07-20,Outro,Recife,PE,Topázio,2024-03-05T00:00:00Z
CUST-10071,100.000.071-02,Yasmin Almeida,yasmin.almeida48@example.com,+5511988990506,1992-05-19,Outro,São Paulo,SP,Prata,2024-08-28T00:00:00Z
CUST-10072,100.000.072-93,Igor Oliveira,igor.oliveira30@example.com,+5511942194159,1976-09-03,Feminino,São Paulo,SP,Clube Livelo 10k,2023-04-07T00:00:00Z
CUST-10073,100.000.073-74,Juliana Santos,juliana.santos39@example.com,+5511948668783,1983-12-28,Masculino,Rio de Janeiro,RJ,Topázio,2024-08-04T00:00:00Z
CUST-10074,100.000.074-55,Camila Alves,camila.alves64@example.com,+5511925405014,1999-04-21,Feminino,Porto Alegre,RS,Ouro,2022-03-15T00:00:00Z
CUST-10075,100.000.075-36,Beatriz Vieira,beatriz.vieira46@example.com,+5511968942178,1972-08-23,Masculino,Florianópolis,SC,Clube Livelo 10k,2024-08-23T00:00:00Z
CUST-10076,100.000.076-17,Rafaela Almeida,rafaela.almeida20@example.com,+5511990267122,1967-07-24,Masculino,Recife,PE,Clube Livelo 1k,2022-01-27T00:00:00Z
CUST-10077,100.000.077-06,Thiago Silva,thiago.silva96@example.com,+5511946173157,2001-01-25,Feminino,Brasília,DF,Clube Livelo 20k,2024-07-27T00:00:00Z
CUST-10078,100.000.078-89,Olivia Lopes,olivia.lopes21@example.com,+5511973083727,1987-07-11,Masculino,Goiânia,GO,Prata,2024-05-28T00:00:00Z
CUST-10079,100.000.079-60,Diego Lopes,diego.lopes46@example.com,+5511998930456,1990-09-02,Masculino,Rio de Janeiro,RJ,Clube Livelo 5k,2022-09-16T00:00:00Z
CUST-10080,100.000.080-01,Vanessa Soares,vanessa.soares10@example.com,+5511998269682,1999-08-14,Feminino,Curitiba,PR,Clube Livelo 5k,2023-09-30T00:00:00Z
CUST-10081,100.000.081-84,Marcelo Santos,marcelo.santos36@example.com,+5511945843681,2000-03-10,Masculino,Florianópolis,SC,Clube Livelo 20k,2022-05-05T00:00:00Z
CUST-10082,100.000.082-65,Patricia Pereira,patricia.pereira30@example.com,+5511951708177,2000-01-18,Masculino,Rio de Janeiro,RJ,Topázio,2024-05-11T00:00:00Z
CUST-10083,100.000.083-46,Daniel Rodrigues,daniel.rodrigues73@example.com,+5511949172995,1997-12-09,Masculino,Brasília,DF,Clube Livelo 20k,2022-09-07T00:00:00Z
CUST-10084,100.000.084-27,Natan Alves,natan.alves86@example.com,+5511978214937,1973-02-09,Masculino,Campinas,SP,Clube Livelo 1k,2024-04-20T00:00:00Z
CUST-10085,100.000.085-08,Renato Vieira,renato.vieira84@example.com,+5511998575748,1996-03-15,Outro,Brasília,DF,Clube Livelo 5k,2022-12-07T00:00:00Z
CUST-10086,100.000.086-99,Natan Almeida,natan.almeida51@example.com,+5511935320492,1980-10-13,Feminino,Salvador,BA,Bronze,2022-11-22T00:00:00Z
CUST-10087,100.000.087-70,Natan Rodrigues,natan.rodrigues73@example.com,+5511914968688,1973-09-19,Masculino,Rio de Janeiro,RJ,Clube Livelo 20k,2022-04-13T00:00:00Z
CUST-10088,100.000.088-50,Ana Rodrigues,ana.rodrigues62@example.com,+5511997883261,1974-02-16,Masculino,Campinas,SP,Clube Livelo 10k,2023-10-28T00:00:00Z
CUST-10089,100.000.089-31,Vanessa Fernandes,vanessa.fernandes58@example.com,+5511952501540,1996-09-02,Outro,Rio de Janeiro,RJ,Topázio,2023-10-09T00:00:00Z
CUST-10090,100.000.090-75,Helena Oliveira,helena.oliveira65@example.com,+5511923212812,1971-08-06,Outro,Porto Alegre,RS,Bronze,2022-02-17T00:00:00Z
CUST-10091,100.000.091-56,Juliana Ribeiro,juliana.ribeiro57@example.com,+5511967805802,1974-04-17,Masculino,Recife,PE,Ouro,2022-06-24T00:00:00Z
CUST-10092,100.000.092-37,Vanessa Martins,vanessa.martins89@example.com,+5511942323627,1996-10-05,Feminino,Brasília,DF,Clube Livelo 1k,2023-04-16T00:00:00Z
CUST-10093,100.000.093-18,Vinicius Almeida,vinicius.almeida46@example.com,+5511983363160,1975-02-15,Masculino,Recife,PE,Clube Livelo 1k,2023-10-17T00:00:00Z
CUST-10094,100.000.094-07,Paulo Gomes,paulo.gomes35@example.com,+5511961632653,1995-02-08,Masculino,Recife,PE,Clube Livelo 5k,2023-08-12T00:00:00Z
CUST-10095,100.000.095-80,Ana Martins,ana.martins45@example.com,+5511911086890,2001-11-25,Outro,São Paulo,SP,Clube Livelo 20k,2024-05-02T00:00:00Z
CUST-10096,100.000.096-60,Marcelo Pereira,marcelo.pereira87@example.com,+5511957287718,1979-11-07,Outro,Porto Alegre,RS,Ouro,2023-10-06T00:00:00Z
CUST-10097,100.000.097-41,Juliana Almeida,juliana.almeida14@example.com,+5511987789079,1988-12-05,Feminino,Porto Alegre,RS,Clube Livelo 5k,2024-02-05T00:00:00Z
CUST-10098,100.000.098-22,Eduardo Fernandes,eduardo.fernandes56@example.com,+5511981249799,1997-05-27,Feminino,Porto Alegre,RS,Clube Livelo 20k,2024-09-17T00:00:00Z
CUST-10099,100.000.099-03,Patricia Souza,patricia.souza69@example.com,+5511920106509,1974-04-28,Outro,Florianópolis,SC,Clube Livelo 10k,2024-09-17T00:00:00Z
CUST-10100,100.000.100-81,Mariana Oliveira,mariana.oliveira60@example.com,+5511911868130,1981-09-04,Masculino,Campinas,SP,Clube Livelo 1k,2023-08-22T00:00:00Z
CUST-10101,100.000.101-62,Daniel Pereira,daniel.pereira70@example.com,+5511913358751,2000-06-20,Feminino,Goiânia,GO,Prata,2023-10-13T00:00:00Z
CUST-10102,100.000.102-43,Caio Carvalho,caio.carvalho24@example.com,+5511928760553,1967-01-10,Masculino,Rio de Janeiro,RJ,Prata,2022-08-29T00:00:00Z
CUST-10103,100.000.103-24,Natan Almeida,natan.almeida57@example.com,+5511999991136,1999-07-19,Outro,Florianópolis,SC,Ouro,2024-06-25T00:00:00Z
CUST-10104,100.000.104-05,Renato Lopes,renato.lopes88@example.com,+5511964776386,1982-01-23,Masculino,Curitiba,PR,Clube Livelo 20k,2023-04-01T00:00:00Z
CUST-10105,100.000.105-96,Daniel Ribeiro,daniel.ribeiro79@example.com,+5511996547189,1987-01-13,Masculino,Curitiba,PR,Prata,2024-08-29T00:00:00Z
CUST-10106,100.000.106-77,Carla Alves,carla.alves92@example.com,+5511995831286,1966-01-26,Masculino,Curitiba,PR,Ouro,2024-03-16T00:00:00Z
CUST-10107,100.000.107-58,Renato Fernandes,renato.fernandes36@example.com,+5511988703005,1978-04-11,Feminino,Recife,PE,Bronze,2022-10-11T00:00:00Z
CUST-10108,100.000.108-39,Eduardo Fernandes,eduardo.fernandes42@example.com,+5511933420607,1972-11-28,Feminino,Belo Horizonte,MG,Bronze,2023-01-02T00:00:00Z
CUST-10109,100.000.109-10,Thiago Costa,thiago.costa12@example.com,+5511933386929,1981-01-05,Outro,Salvador,BA,Prata,2024-02-03T00:00:00Z
CUST-10110,100.000.110-53,Marcelo Ribeiro,marcelo.ribeiro75@example.com,+5511989680504,1971-08-17,Feminino,Recife,PE,Bronze,2024-01-15T00:00:00Z
CUST-10111,100.000.111-34,Juliana Almeida,juliana.almeida92@example.com,+5511914180968,1968-08-28,Masculino,Salvador,BA,Prata,2023-05-18T00:00:00Z
CUST-10112,100.000.112-15,Carla Oliveira,carla.oliveira51@example.com,+5511991644298,1974-02-05,Masculino,Recife,PE,Clube Livelo 5k,2023-01-26T00:00:00Z
CUST-10113,100.000.113-04,Juliana Almeida,juliana.almeida74@example.com,+5511991259008,1992-02-26,Outro,Rio de Janeiro,RJ,Topázio,2023-03-17T00:00:00Z
CUST-10114,100.000.114-87,Olivia Costa,olivia.costa68@example.com,+5511963516659,1991-12-04,Masculino,Salvador,BA,Clube Livelo 5k,2023-11-13T00:00:00Z
CUST-10115,100.000.115-68,Camila Lopes,camila.lopes18@example.com,+5511922243983,1970-02-14,Feminino,Florianópolis,SC,Clube Livelo 5k,2024-04-11T00:00:00Z
CUST-10116,100.000.116-49,Thiago Fernandes,thiago.fernandes81@example.com,+5511954244334,1972-07-12,Outro,Salvador,BA,Bronze,2024-09-18T00:00:00Z
CUST-10117,100.000.117-20,Mariana Souza,mariana.souza83@example.com,+5511978103759,1978-03-22,Masculino,Curitiba,PR,Prata,2022-12-25T00:00:00Z
CUST-10118,100.000.118-00,Daniel Lima,daniel.lima83@example.com,+5511940354559,1992-09-25,Outro,Recife,PE,Bronze,2023-09-16T00:00:00Z
CUST-10119,100.000.119-91,Ana Ferreira,ana.ferreira44@example.com,+5511951471222,1986-06-01,Feminino,Belo Horizonte,MG,Clube Livelo 10k,2022-03-13T00:00:00Z
CUST-10120,100.000.120-25,Carla Soares,carla.soares37@example.com,+5511960491958,1991-08-11,Feminino,Campinas,SP,Clube Livelo 1k,2024-01-09T00:00:00Z
CUST-10121,100.000.121-06,Beatriz Oliveira,beatriz.oliveira16@example.com,+5511930881581,1975-10-02,Outro,Rio de Janeiro,RJ,Clube Livelo 1k,2023-03-30T00:00:00Z
CUST-10122,100.000.122-97,Beatriz Almeida,beatriz.almeida63@example.com,+5511946663833,1978-09-04,Masculino,Salvador,BA,Prata,2022-10-18T00:00:00Z
CUST-10123,100.000.123-78,Rafaela Soares,rafaela.soares95@example.com,+5511951395350,1967-04-13,Outro,São Paulo,SP,Bronze,2022-07-29T00:00:00Z
CUST-10124,100.000.124-59,Marcelo Rodrigues,marcelo.rodrigues42@example.com,+5511948848936,1985-02-01,Masculino,Florianópolis,SC,Clube Livelo 10k,2022-06-29T00:00:00Z
CUST-10125,100.000.125-30,Diego Pereira,diego.pereira74@example.com,+5511984990607,1987-02-13,Outro,São Paulo,SP,Clube Livelo 10k,2022-01-20T00:00:00Z
CUST-10126,100.000.126-10,Vanessa Costa,vanessa.costa83@example.com,+5511967617561,2001-07-23,Outro,Salvador,BA,Clube Livelo 1k,2022-04-28T00:00:00Z
CUST-10127,100.000.127-00,Fernanda Barbosa,fernanda.barbosa68@example.com,+5511958567046,1970-07-28,Feminino,Curitiba,PR,Clube Livelo 10k,2023-08-27T00:00:00Z
CUST-10128,100.000.128-82,Natan Gomes,natan.gomes53@example.com,+5511939738898,1986-03-03,Outro,Goiânia,GO,Prata,2023-06-28T00:00:00Z
CUST-10129,100.000.129-63,Mariana Rodrigues,mariana.rodrigues40@example.com,+5511923798190,1974-05-07,Feminino,Recife,PE,Ouro,2024-02-18T00:00:00Z
CUST-10130,100.000.130-05,Fernanda Lopes,fernanda.lopes69@example.com,+5511985663295,2002-08-22,Outro,Goiânia,GO,Clube Livelo 5k,2024-06-03T00:00:00Z
CUST-10131,100.000.131-88,Eduardo Almeida,eduardo.almeida18@example.com,+5511972937522,1993-11-10,Masculino,Recife,PE,Bronze,2022-12-27T00:00:00Z
CUST-10132,100.000.132-69,Paulo Almeida,paulo.almeida14@example.com,+5511917635653,1988-05-03,Outro,Rio de Janeiro,RJ,Clube Livelo 10k,2023-04-19T00:00:00Z
CUST-10133,100.000.133-40,Paulo Vieira,paulo.vieira93@example.com,+5511935265073,1985-10-16,Outro,Belo Horizonte,MG,Bronze,2023-04-07T00:00:00Z
CUST-10134,100.000.134-20,Diego Oliveira,diego.oliveira74@example.com,+5511996721710,1976-01-08,Outro,Brasília,DF,Clube Livelo 20k,2023-06-21T00:00:00Z
CUST-10135,100.000.135-01,Mariana Ribeiro,mariana.ribeiro46@example.com,+5511961998170,1991-06-22,Outro,São Paulo,SP,Clube Livelo 5k,2022-03-09T00:00:00Z
CUST-10136,100.000.136-92,Camila Martins,camila.martins46@example.com,+5511943822301,1974-06-03,Outro,Goiânia,GO,Ouro,2024-07-27T00:00:00Z
CUST-10137,100.000.137-73,Eduardo Barbosa,eduardo.barbosa20@example.com,+5511951551377,2000-07-21,Masculino,Belo Horizonte,MG,Prata,2023-10-24T00:00:00Z
CUST-10138,100.000.138-54,Mariana Silva,mariana.silva56@example.com,+5511951455302,1976-04-11,Masculino,Curitiba,PR,Topázio,2022-05-21T00:00:00Z
CUST-10139,100.000.139-35,Vanessa Souza,vanessa.souza74@example.com,+5511982446804,1998-01-22,Masculino,Recife,PE,Ouro,2023-09-04T00:00:00Z
CUST-10140,100.000.140-79,Fernanda Barbosa,fernanda.barbosa31@example.com,+5511968743530,1967-07-12,Outro,Florianópolis,SC,Topázio,2024-09-19T00:00:00Z
CUST-10141,100.000.141-50,Marcelo Almeida,marcelo.almeida39@example.com,+5511981673763,1980-05-26,Masculino,Curitiba,PR,Clube Livelo 5k,2023-11-26T00:00:00Z
CUST-10142,100.000.142-30,Paulo Gomes,paulo.gomes58@example.com,+5511977498993,1998-07-06,Feminino,Recife,PE,Ouro,2024-06-12T00:00:00Z
CUST-10143,100.000.143-11,Vanessa Ribeiro,vanessa.ribeiro80@example.com,+5511923769360,1998-02-10,Feminino,Belo Horizonte,MG,Clube Livelo 1k,2023-04-06T00:00:00Z
CUST-10144,100.000.144-00,Renato Carvalho,renato.carvalho21@example.com,+5511939801436,1993-06-01,Masculino,São Paulo,SP,Clube Livelo 10k,2023-05-30T00:00:00Z
CUST-10145,100.000.145-83,Carla Ribeiro,carla.ribeiro38@example.com,+5511913783268,1985-02-27,Outro,Goiânia,GO,Clube Livelo 5k,2024-03-21T00:00:00Z
CUST-10146,100.000.146-64,Juliana Lopes,juliana.lopes99@example.com,+5511928628439,1995-08-20,Feminino,Rio de Janeiro,RJ,Bronze,2022-09-20T00:00:00Z
CUST-10147,100.000.147-45,Sofia Barbosa,sofia.barbosa77@example.com,+5511966808292,1972-05-08,Masculino,Rio de Janeiro,RJ,Bronze,2022-09-02T00:00:00Z
CUST-10148,100.000.148-26,Paulo Oliveira,paulo.oliveira24@example.com,+5511977085942,1999-01-21,Outro,Recife,PE,Topázio,2024-01-06T00:00:00Z
CUST-10149,100.000.149-07,Ana Barbosa,ana.barbosa55@example.com,+5511942287985,2001-07-06,Outro,Goiânia,GO,Prata,2023-06-21T00:00:00Z
CUST-10150,100.000.150-40,Rodrigo Fernandes,rodrigo.fernandes74@example.com,+5511978131950,2000-01-13,Masculino,São Paulo,SP,Clube Livelo 10k,2023-01-18T00:00:00Z
CUST-10151,100.000.151-21,Mariana Oliveira,mariana.oliveira54@example.com,+5511942363373,1971-10-24,Masculino,Belo Horizonte,MG,Bronze,2022-12-27T00:00:00Z
CUST-10152,100.000.152-02,Renato Almeida,renato.almeida99@example.com,+5511974227366,1976-03-03,Outro,Brasília,DF,Bronze,2022-10-28T00:00:00Z
CUST-10153,100.000.153-93,Vinicius Santos,vinicius.santos50@example.com,+5511951617680,1997-07-27,Outro,Brasília,DF,Clube Livelo 1k,2022-02-07T00:00:00Z
CUST-10154,100.000.154-74,Juliana Ribeiro,juliana.ribeiro16@example.com,+5511998010774,1986-05-04,Masculino,Salvador,BA,Clube Livelo 10k,2024-02-01T00:00:00Z
CUST-10155,100.000.155-55,Lucas Ferreira,lucas.ferreira73@example.com,+5511976776459,1988-09-09,Feminino,Florianópolis,SC,Clube Livelo 10k,2022-03-22T00:00:00Z
CUST-10156,100.000.156-36,Sofia Gomes,sofia.gomes51@example.com,+5511923770458,1970-06-22,Masculino,Porto Alegre,RS,Clube Livelo 20k,2023-09-10T00:00:00Z
CUST-10157,100.000.157-17,Diego Almeida,diego.almeida54@example.com,+5511970012727,1967-12-28,Masculino,Recife,PE,Clube Livelo 10k,2022-10-09T00:00:00Z
CUST-10158,100.000.158-06,Carla Martins,carla.martins56@example.com,+5511978865239,1975-01-05,Outro,Goiânia,GO,Clube Livelo 20k,2022-02-05T00:00:00Z
CUST-10159,100.000.159-89,Marcelo Ribeiro,marcelo.ribeiro56@example.com,+5511961385847,2001-01-20,Feminino,Goiânia,GO,Clube Livelo 20k,2024-08-29T00:00:00Z
CUST-10160,100.000.160-12,Marcelo Oliveira,marcelo.oliveira83@example.com,+5511928481124,1998-06-13,Masculino,Goiânia,GO,Clube Livelo 1k,2022-09-13T00:00:00Z
CUST-10161,100.000.161-01,Larissa Ferreira,larissa.ferreira73@example.com,+5511979490594,1989-09-04,Masculino,Porto Alegre,RS,Clube Livelo 20k,2022-08-08T00:00:00Z
CUST-10162,100.000.162-84,Diego Lopes,diego.lopes35@example.com,+5511926460116,1973-02-15,Feminino,Florianópolis,SC,Clube Livelo 20k,2022-03-31T00:00:00Z
CUST-10163,100.000.163-65,Camila Ribeiro,camila.ribeiro18@example.com,+5511983819367,1999-05-10,Feminino,Florianópolis,SC,Ouro,2024-03-23T00:00:00Z
CUST-10164,100.000.164-46,Daniel Alves,daniel.alves27@example.com,+5511941774192,1996-01-12,Outro,Recife,PE,Clube Livelo 5k,2023-04-24T00:00:00Z
CUST-10165,100.000.165-27,Eduardo Barbosa,eduardo.barbosa21@example.com,+5511918824561,1984-07-23,Outro,Brasília,DF,Clube Livelo 10k,2024-02-27T00:00:00Z
CUST-10166,100.000.166-08,Carla Rodrigues,carla.rodrigues50@example.com,+5511996213226,1969-08-15,Outro,Fortaleza,CE,Clube Livelo 5k,2022-05-12T00:00:00Z
CUST-10167,100.000.167-99,Caio Vieira,caio.vieira33@example.com,+5511927318510,1992-09-28,Feminino,Rio de Janeiro,RJ,Ouro,2022-11-08T00:00:00Z
CUST-10168,100.000.168-70,Yasmin Pereira,yasmin.pereira54@example.com,+5511979645282,1983-02-09,Feminino,Goiânia,GO,Clube Livelo 1k,2022-05-09T00:00:00Z
CUST-10169,100.000.169-50,Sofia Oliveira,sofia.oliveira74@example.com,+5511996031876,1975-10-19,Feminino,Belo Horizonte,MG,Clube Livelo 5k,2024-05-12T00:00:00Z
CUST-10170,100.000.170-94,Renato Silva,renato.silva20@example.com,+5511916101779,2001-05-21,Feminino,Recife,PE,Clube Livelo 10k,2023-09-25T00:00:00Z
CUST-10171,100.000.171-75,Vinicius Fernandes,vinicius.fernandes47@example.com,+5511996155337,1984-08-08,Outro,Salvador,BA,Clube Livelo 1k,2023-04-10T00:00:00Z
CUST-10172,100.000.172-56,Fernanda Almeida,fernanda.almeida63@example.com,+5511974995086,1994-04-11,Outro,Belo Horizonte,MG,Clube Livelo 5k,2024-06-01T00:00:00Z
CUST-10173,100.000.173-37,Natan Rodrigues,natan.rodrigues57@example.com,+5511979119463,2000-02-11,Feminino,Brasília,DF,Prata,2022-10-01T00:00:00Z
CUST-10174,100.000.174-18,Daniel Santos,daniel.santos47@example.com,+5511961559717,1991-04-28,Feminino,Campinas,SP,Clube Livelo 5k,2022-07-14T00:00:00Z
CUST-10175,100.000.175-07,Rodrigo Almeida,rodrigo.almeida73@example.com,+5511951411602,1996-01-03,Masculino,Fortaleza,CE,Clube Livelo 20k,2024-09-16T00:00:00Z
CUST-10176,100.000.176-80,Mariana Santos,mariana.santos16@example.com,+5511947763008,1996-10-27,Outro,Goiânia,GO,Clube Livelo 20k,2022-10-20T00:00:00Z
CUST-10177,100.000.177-60,Olivia Rodrigues,olivia.rodrigues43@example.com,+5511959093843,1990-06-02,Masculino,São Paulo,SP,Topázio,2023-01-07T00:00:00Z
CUST-10178,100.000.178-41,Natan Soares,natan.soares67@example.com,+5511983800569,1982-10-22,Outro,Rio de Janeiro,RJ,Ouro,2024-09-25T00:00:00Z
CUST-10179,100.000.179-22,Patricia Costa,patricia.costa81@example.com,+5511959070856,1974-04-20,Outro,Salvador,BA,Bronze,2022-02-16T00:00:00Z
CUST-10180,100.000.180-66,Patricia Lopes,patricia.lopes76@example.com,+5511971335966,1974-10-17,Feminino,Campinas,SP,Clube Livelo 5k,2022-06-16T00:00:00Z
CUST-10181,100.000.181-47,Larissa Gomes,larissa.gomes85@example.com,+5511955147280,1997-09-18,Masculino,Florianópolis,SC,Clube Livelo 1k,2023-05-02T00:00:00Z
CUST-10182,100.000.182-28,Lucas Souza,lucas.souza63@example.com,+5511988343175,1984-12-28,Outro,Goiânia,GO,Bronze,2023-09-04T00:00:00Z
CUST-10183,100.000.183-09,Thiago Pereira,thiago.pereira16@example.com,+5511988319168,1995-03-17,Outro,Florianópolis,SC,Clube Livelo 10k,2022-06-01T00:00:00Z
CUST-10184,100.000.184-90,Bruno Vieira,bruno.vieira99@example.com,+5511924749927,1977-01-15,Masculino,Salvador,BA,Ouro,2023-02-27T00:00:00Z
CUST-10185,100.000.185-70,Rodrigo Barbosa,rodrigo.barbosa70@example.com,+5511918359252,1973-09-07,Outro,Campinas,SP,Clube Livelo 20k,2023-06-23T00:00:00Z
CUST-10186,100.000.186-51,Paulo Fernandes,paulo.fernandes53@example.com,+5511983319550,1987-11-25,Outro,Goiânia,GO,Clube Livelo 1k,2023-09-17T00:00:00Z
CUST-10187,100.000.187-32,Igor Fernandes,igor.fernandes48@example.com,+5511940181142,1984-05-23,Feminino,Florianópolis,SC,Clube Livelo 20k,2022-11-21T00:00:00Z
CUST-10188,100.000.188-13,Yasmin Lima,yasmin.lima46@example.com,+5511926357665,2001-11-18,Masculino,Salvador,BA,Clube Livelo 5k,2024-09-04T00:00:00Z
CUST-10189,100.000.189-02,Juliana Santos,juliana.santos46@example.com,+5511920607151,1987-08-21,Masculino,Florianópolis,SC,Clube Livelo 20k,2022-08-08T00:00:00Z
CUST-10190,100.000.190-38,Igor Fernandes,igor.fernandes99@example.com,+5511946456416,1973-02-20,Outro,Recife,PE,Topázio,2022-09-06T00:00:00Z
CUST-10191,100.000.191-19,Helena Pereira,helena.pereira16@example.com,+5511923448342,1991-06-23,Masculino,Rio de Janeiro,RJ,Ouro,2022-01-06T00:00:00Z
CUST-10192,100.000.192-08,Olivia Lopes,olivia.lopes71@example.com,+5511997313825,1977-05-11,Masculino,Goiânia,GO,Bronze,2024-07-18T00:00:00Z
CUST-10193,100.000.193-80,Helena Fernandes,helena.fernandes14@example.com,+5511933496796,1991-03-02,Masculino,Brasília,DF,Ouro,2024-08-17T00:00:00Z
CUST-10194,100.000.194-61,Vinicius Santos,vinicius.santos11@example.com,+5511950049524,2001-10-04,Masculino,Porto Alegre,RS,Clube Livelo 20k,2023-10-19T00:00:00Z
CUST-10195,100.000.195-42,Vinicius Rodrigues,vinicius.rodrigues74@example.com,+5511972816684,1982-04-26,Feminino,Campinas,SP,Ouro,2024-01-19T00:00:00Z
CUST-10196,100.000.196-23,Diego Ferreira,diego.ferreira11@example.com,+5511955246430,1983-10-22,Feminino,Belo Horizonte,MG,Clube Livelo 10k,2024-04-26T00:00:00Z
CUST-10197,100.000.197-04,Carla Martins,carla.martins95@example.com,+5511922802372,1976-03-16,Masculino,Curitiba,PR,Bronze,2022-09-25T00:00:00Z
CUST-10198,100.000.198-95,Marcelo Lima,marcelo.lima52@example.com,+5511950526484,2002-12-19,Feminino,Porto Alegre,RS,Clube Livelo 5k,2023-12-11T00:00:00Z
CUST-10199,100.000.199-76,Paulo Gomes,paulo.gomes30@example.com,+5511964414096,1997-12-25,Masculino,Florianópolis,SC,Prata,2023-10-17T00:00:00Z
CUST-10200,100.000.200-44,Mariana Barbosa,mariana.barbosa38@example.com,+5511939410942,1973-08-05,Masculino,Florianópolis,SC,Clube Livelo 5k,2023-03-02T00:00:00Z
CUST-10201,100.000.201-25,Marcelo Fernandes,marcelo.fernandes95@example.com,+5511939314711,1980-11-25,Outro,Rio de Janeiro,RJ,Clube Livelo 20k,2023-06-25T00:00:00Z
CUST-10202,100.000.202-06,Yasmin Vieira,yasmin.vieira24@example.com,+5511918289024,2000-09-07,Outro,Fortaleza,CE,Ouro,2022-06-18T00:00:00Z
CUST-10203,100.000.203-97,Paulo Souza,paulo.souza97@example.com,+5511937568520,2002-08-03,Outro,Brasília,DF,Bronze,2023-04-10T00:00:00Z
CUST-10204,100.000.204-78,Paulo Vieira,paulo.vieira17@example.com,+5511985000490,1994-11-26,Masculino,Florianópolis,SC,Bronze,2023-02-10T00:00:00Z
CUST-10205,100.000.205-59,Larissa Alves,larissa.alves84@example.com,+5511919801857,1967-07-12,Outro,Rio de Janeiro,RJ,Bronze,2024-08-15T00:00:00Z
CUST-10206,100.000.206-30,Bruno Gomes,bruno.gomes62@example.com,+5511934156684,1973-11-24,Outro,Salvador,BA,Clube Livelo 5k,2024-07-01T00:00:00Z
CUST-10207,100.000.207-10,Natan Oliveira,natan.oliveira97@example.com,+5511998824290,1999-03-21,Masculino,Rio de Janeiro,RJ,Ouro,2023-07-05T00:00:00Z
CUST-10208,100.000.208-00,Larissa Pereira,larissa.pereira10@example.com,+5511913051483,1984-08-22,Outro,Fortaleza,CE,Clube Livelo 10k,2023-06-29T00:00:00Z
CUST-10209,100.000.209-82,Helena Almeida,helena.almeida54@example.com,+5511930820038,1982-04-24,Feminino,São Paulo,SP,Clube Livelo 10k,2023-09-22T00:00:00Z
CUST-10210,100.000.210-16,Helena Alves,helena.alves18@example.com,+5511923542127,1967-08-20,Outro,Florianópolis,SC,Bronze,2022-09-08T00:00:00Z
CUST-10211,100.000.211-05,Paulo Pereira,paulo.pereira79@example.com,+5511939161379,1968-03-17,Masculino,Curitiba,PR,Clube Livelo 5k,2023-08-15T00:00:00Z
CUST-10212,100.000.212-88,Helena Gomes,helena.gomes28@example.com,+5511998612211,1998-04-14,Masculino,Porto Alegre,RS,Bronze,2023-07-25T00:00:00Z
CUST-10213,100.000.213-69,Caio Carvalho,caio.carvalho81@example.com,+5511976521096,1968-06-21,Outro,Salvador,BA,Clube Livelo 5k,2023-12-15T00:00:00Z
CUST-10214,100.000.214-40,Juliana Martins,juliana.martins33@example.com,+5511982199509,1995-04-28,Feminino,Porto Alegre,RS,Ouro,2024-04-05T00:00:00Z
CUST-10215,100.000.215-20,Sofia Carvalho,sofia.carvalho63@example.com,+5511984797762,1998-03-13,Feminino,Porto Alegre,RS,Topázio,2022-12-05T00:00:00Z
CUST-10216,100.000.216-01,Vanessa Ribeiro,vanessa.ribeiro21@example.com,+5511981891784,1977-01-09,Masculino,Goiânia,GO,Bronze,2024-06-13T00:00:00Z
CUST-10217,100.000.217-92,Larissa Fernandes,larissa.fernandes37@example.com,+5511974343201,1978-06-10,Feminino,Curitiba,PR,Topázio,2024-09-12T00:00:00Z
CUST-10218,100.000.218-73,Yasmin Pereira,yasmin.pereira99@example.com,+5511991121400,1978-07-08,Outro,Campinas,SP,Clube Livelo 1k,2023-01-25T00:00:00Z
CUST-10219,100.000.219-54,Juliana Lima,juliana.lima56@example.com,+5511978829070,1996-08-04,Outro,Brasília,DF,Clube Livelo 5k,2024-07-25T00:00:00Z
CUST-10220,100.000.220-98,Olivia Santos,olivia.santos82@example.com,+5511939698906,1974-01-09,Outro,Recife,PE,Clube Livelo 10k,2022-10-30T00:00:00Z
CUST-10221,100.000.221-79,Helena Martins,helena.martins82@example.com,+5511942981324,1996-09-21,Outro,Campinas,SP,Clube Livelo 1k,2024-02-21T00:00:00Z
CUST-10222,100.000.222-50,Paulo Ferreira,paulo.ferreira55@example.com,+5511932718459,1973-12-18,Masculino,Belo Horizonte,MG,Bronze,2023-06-21T00:00:00Z
CUST-10223,100.000.223-30,Renato Santos,renato.santos10@example.com,+5511965350347,1973-11-08,Feminino,Florianópolis,SC,Ouro,2022-01-10T00:00:00Z
CUST-10224,100.000.224-11,Mariana Santos,mariana.santos89@example.com,+5511995594482,1995-11-16,Feminino,São Paulo,SP,Clube Livelo 10k,2022-01-13T00:00:00Z
CUST-10225,100.000.225-00,Sofia Gomes,sofia.gomes12@example.com,+5511977406294,1992-03-04,Feminino,Fortaleza,CE,Ouro,2022-09-04T00:00:00Z
CUST-10226,100.000.226-83,Igor Ribeiro,igor.ribeiro44@example.com,+5511963270536,1970-06-13,Masculino,Recife,PE,Topázio,2023-12-15T00:00:00Z
CUST-10227,100.000.227-64,Caio Santos,caio.santos21@example.com,+5511964395532,1989-07-18,Masculino,São Paulo,SP,Bronze,2023-12-21T00:00:00Z
CUST-10228,100.000.228-45,Vanessa Carvalho,vanessa.carvalho92@example.com,+5511954462389,2001-02-17,Feminino,Curitiba,PR,Topázio,2024-07-11T00:00:00Z
CUST-10229,100.000.229-26,Rafaela Lima,rafaela.lima15@example.com,+5511919978827,1982-09-19,Outro,São Paulo,SP,Ouro,2024-08-09T00:00:00Z
CUST-10230,100.000.230-60,Gabriel Vieira,gabriel.vieira28@example.com,+5511963458386,1969-05-06,Outro,Curitiba,PR,Clube Livelo 10k,2023-11-25T00:00:00Z
CUST-10231,100.000.231-40,Natan Rodrigues,natan.rodrigues98@example.com,+5511920526386,1997-12-12,Feminino,Rio de Janeiro,RJ,Clube Livelo 10k,2022-08-26T00:00:00Z
CUST-10232,100.000.232-21,Beatriz Barbosa,beatriz.barbosa86@example.com,+5511963244581,1985-01-21,Masculino,Brasília,DF,Clube Livelo 20k,2022-08-22T00:00:00Z
CUST-10233,100.000.233-02,Olivia Ferreira,olivia.ferreira97@example.com,+5511988634827,1989-02-25,Outro,Porto Alegre,RS,Topázio,2024-01-01T00:00:00Z
CUST-10234,100.000.234-93,Eduardo Martins,eduardo.martins91@example.com,+5511930706693,1989-06-12,Feminino,Rio de Janeiro,RJ,Bronze,2024-08-23T00:00:00Z
CUST-10235,100.000.235-74,Marcelo Lima,marcelo.lima23@example.com,+5511927784789,1970-03-14,Masculino,Fortaleza,CE,Clube Livelo 10k,2022-04-16T00:00:00Z
CUST-10236,100.000.236-55,Sofia Oliveira,sofia.oliveira86@example.com,+5511990268079,1985-07-01,Masculino,Salvador,BA,Clube Livelo 10k,2024-03-08T00:00:00Z
CUST-10237,100.000.237-36,Vinicius Pereira,vinicius.pereira83@example.com,+5511979941466,1975-11-13,Feminino,Belo Horizonte,MG,Clube Livelo 1k,2022-11-05T00:00:00Z
CUST-10238,100.000.238-17,Carla Ferreira,carla.ferreira65@example.com,+5511947038975,1991-05-16,Feminino,Campinas,SP,Clube Livelo 1k,2024-08-24T00:00:00Z
CUST-10239,100.000.239-06,Beatriz Barbosa,beatriz.barbosa35@example.com,+5511971453148,1971-03-10,Feminino,Salvador,BA,Clube Livelo 5k,2024-05-11T00:00:00Z
CUST-10240,100.000.240-31,Paulo Costa,paulo.costa65@example.com,+5511997380687,1973-05-11,Outro,Florianópolis,SC,Topázio,2023-05-06T00:00:00Z
CUST-10241,100.000.241-12,Lucas Gomes,lucas.gomes98@example.com,+5511994946730,1996-10-26,Feminino,Campinas,SP,Clube Livelo 10k,2022-10-15T00:00:00Z
CUST-10242,100.000.242-01,Mariana Souza,mariana.souza82@example.com,+5511936816708,2002-09-06,Outro,Fortaleza,CE,Bronze,2024-09-02T00:00:00Z
CUST-10243,100.000.243-84,Paulo Gomes,paulo.gomes98@example.com,+5511919282319,1991-11-16,Feminino,Goiânia,GO,Clube Livelo 1k,2022-09-05T00:00:00Z
CUST-10244,100.000.244-65,Diego Carvalho,diego.carvalho58@example.com,+5511919927432,1993-10-16,Outro,Salvador,BA,Clube Livelo 10k,2023-07-11T00:00:00Z
CUST-10245,100.000.245-46,Diego Fernandes,diego.fernandes86@example.com,+5511995655118,1970-02-25,Feminino,Goiânia,GO,Clube Livelo 5k,2022-06-20T00:00:00Z
CUST-10246,100.000.246-27,Thiago Martins,thiago.martins52@example.com,+5511967774765,1971-01-04,Masculino,Curitiba,PR,Topázio,2023-04-02T00:00:00Z
CUST-10247,100.000.247-08,Marcelo Vieira,marcelo.vieira98@example.com,+5511977171380,1974-06-01,Masculino,Rio de Janeiro,RJ,Clube Livelo 1k,2023-03-02T00:00:00Z
CUST-10248,100.000.248-99,Daniel Rodrigues,daniel.rodrigues54@example.com,+5511951861213,1986-08-26,Feminino,Fortaleza,CE,Clube Livelo 20k,2022-12-23T00:00:00Z
CUST-10249,100.000.249-70,Larissa Almeida,larissa.almeida50@example.com,+5511919015987,1984-01-26,Outro,Rio de Janeiro,RJ,Bronze,2024-05-19T00:00:00Z
CUST-10250,100.000.250-03,Camila Ferreira,camila.ferreira41@example.com,+5511979255529,1976-09-06,Masculino,Fortaleza,CE,Clube Livelo 10k,2024-09-08T00:00:00Z
CUST-10251,100.000.251-94,Caio Ferreira,caio.ferreira33@example.com,+5511995963619,1992-07-01,Outro,Recife,PE,Topázio,2023-04-06T00:00:00Z
CUST-10252,100.000.252-75,Ana Alves,ana.alves36@example.com,+5511947358810,1969-10-04,Outro,Belo Horizonte,MG,Clube Livelo 5k,2022-11-30T00:00:00Z
CUST-10253,100.000.253-56,Igor Lopes,igor.lopes77@example.com,+5511995779702,1985-10-13,Outro,Salvador,BA,Prata,2022-12-23T00:00:00Z
CUST-10254,100.000.254-37,Beatriz Ferreira,beatriz.ferreira96@example.com,+5511949922369,2002-02-22,Feminino,Campinas,SP,Prata,2022-09-02T00:00:00Z
CUST-10255,100.000.255-18,Mariana Rodrigues,mariana.rodrigues75@example.com,+5511962138657,1991-10-05,Outro,Salvador,BA,Clube Livelo 10k,2022-07-10T00:00:00Z
CUST-10256,100.000.256-07,Diego Ferreira,diego.ferreira81@example.com,+5511932396311,1996-05-05,Feminino,Campinas,SP,Clube Livelo 20k,2023-09-27T00:00:00Z
CUST-10257,100.000.257-80,Ana Lopes,ana.lopes27@example.com,+5511936189702,1989-09-17,Outro,Brasília,DF,Clube Livelo 10k,2023-12-03T00:00:00Z
CUST-10258,100.000.258-60,Rafaela Ferreira,rafaela.ferreira20@example.com,+5511985886408,1966-04-10,Feminino,Porto Alegre,RS,Topázio,2023-07-05T00:00:00Z
CUST-10259,100.000.259-41,Thiago Lopes,thiago.lopes80@example.com,+5511978559218,1972-10-04,Masculino,Fortaleza,CE,Clube Livelo 5k,2023-07-10T00:00:00Z
CUST-10260,100.000.260-85,Marcelo Almeida,marcelo.almeida79@example.com,+5511939332201,1992-02-24,Outro,Curitiba,PR,Clube Livelo 1k,2024-06-14T00:00:00Z
CUST-10261,100.000.261-66,Igor Ribeiro,igor.ribeiro21@example.com,+5511968930964,1972-04-07,Outro,Recife,PE,Clube Livelo 5k,2024-05-31T00:00:00Z
CUST-10262,100.000.262-47,Fernanda Barbosa,fernanda.barbosa27@example.com,+5511937732020,1978-01-19,Masculino,Fortaleza,CE,Clube Livelo 1k,2023-09-04T00:00:00Z
CUST-10263,100.000.263-28,Diego Gomes,diego.gomes47@example.com,+5511986871268,1982-09-22,Feminino,Belo Horizonte,MG,Clube Livelo 10k,2024-07-29T00:00:00Z
CUST-10264,100.000.264-09,Vanessa Rodrigues,vanessa.rodrigues99@example.com,+5511927809465,1980-03-23,Masculino,Curitiba,PR,Clube Livelo 10k,2023-05-17T00:00:00Z
CUST-10265,100.000.265-90,Caio Carvalho,caio.carvalho58@example.com,+5511970665302,1969-11-26,Feminino,Salvador,BA,Clube Livelo 1k,2023-12-13T00:00:00Z
CUST-10266,100.000.266-70,Paulo Lopes,paulo.lopes51@example.com,+5511988108751,1965-12-03,Outro,Brasília,DF,Clube Livelo 5k,2024-05-20T00:00:00Z
CUST-10267,100.000.267-51,Natan Alves,natan.alves64@example.com,+5511938434222,1996-05-11,Masculino,Campinas,SP,Ouro,2023-08-03T00:00:00Z
CUST-10268,100.000.268-32,Vinicius Santos,vinicius.santos15@example.com,+5511923364695,1994-01-04,Feminino,Brasília,DF,Clube Livelo 20k,2022-01-01T00:00:00Z
CUST-10269,100.000.269-13,Gabriel Rodrigues,gabriel.rodrigues93@example.com,+5511950515702,1975-05-03,Outro,Campinas,SP,Clube Livelo 1k,2022-03-26T00:00:00Z
CUST-10270,100.000.270-57,Bruno Martins,bruno.martins90@example.com,+5511951004756,1979-07-21,Feminino,Florianópolis,SC,Prata,2022-01-02T00:00:00Z
CUST-10271,100.000.271-38,Eduardo Vieira,eduardo.vieira38@example.com,+5511979718627,1993-01-01,Outro,Campinas,SP,Prata,2024-05-30T00:00:00Z
CUST-10272,100.000.272-19,Rafaela Oliveira,rafaela.oliveira39@example.com,+5511961414775,1970-12-26,Feminino,Rio de Janeiro,RJ,Clube Livelo 5k,2023-01-12T00:00:00Z
CUST-10273,100.000.273-08,Natan Rodrigues,natan.rodrigues92@example.com,+5511929173414,1969-09-19,Feminino,Recife,PE,Ouro,2023-03-27T00:00:00Z
CUST-10274,100.000.274-80,Caio Rodrigues,caio.rodrigues62@example.com,+5511992688322,1993-04-03,Feminino,Belo Horizonte,MG,Prata,2023-08-27T00:00:00Z
CUST-10275,100.000.275-61,Olivia Costa,olivia.costa27@example.com,+5511943257324,1982-11-03,Feminino,Fortaleza,CE,Clube Livelo 1k,2024-03-08T00:00:00Z
CUST-10276,100.000.276-42,Vanessa Gomes,vanessa.gomes36@example.com,+5511979491111,1997-04-24,Masculino,Porto Alegre,RS,Bronze,2024-03-13T00:00:00Z
CUST-10277,100.000.277-23,Rafaela Martins,rafaela.martins24@example.com,+5511942357445,1996-11-20,Feminino,Fortaleza,CE,Bronze,2023-01-05T00:00:00Z
CUST-10278,100.000.278-04,Natan Vieira,natan.vieira63@example.com,+5511959044830,1999-11-06,Masculino,Rio de Janeiro,RJ,Bronze,2023-08-25T00:00:00Z
CUST-10279,100.000.279-95,Gabriel Santos,gabriel.santos17@example.com,+5511963415303,1997-05-21,Outro,Fortaleza,CE,Clube Livelo 10k,2023-03-10T00:00:00Z
CUST-10280,100.000.280-29,Caio Fernandes,caio.fernandes78@example.com,+5511992684436,1974-05-03,Masculino,Rio de Janeiro,RJ,Topázio,2024-09-24T00:00:00Z
CUST-10281,100.000.281-00,Lucas Martins,lucas.martins85@example.com,+5511995133532,1969-05-23,Masculino,Florianópolis,SC,Topázio,2022-03-01T00:00:00Z
CUST-10282,100.000.282-90,Daniel Almeida,daniel.almeida88@example.com,+5511991716102,1968-05-22,Outro,Goiânia,GO,Ouro,2022-05-03T00:00:00Z
CUST-10283,100.000.283-71,Diego Silva,diego.silva30@example.com,+5511976627415,1987-09-17,Outro,Porto Alegre,RS,Ouro,2023-01-16T00:00:00Z
CUST-10284,100.000.284-52,Larissa Souza,larissa.souza13@example.com,+5511954964418,1992-05-17,Feminino,Porto Alegre,RS,Prata,2023-05-24T00:00:00Z
CUST-10285,100.000.285-33,Bruno Lopes,bruno.lopes82@example.com,+5511932398441,1988-03-09,Feminino,Recife,PE,Prata,2022-08-22T00:00:00Z
CUST-10286,100.000.286-14,Bruno Silva,bruno.silva41@example.com,+5511916171536,1995-06-13,Feminino,Belo Horizonte,MG,Bronze,2023-07-21T00:00:00Z
CUST-10287,100.000.287-03,Helena Costa,helena.costa41@example.com,+5511965869014,1985-05-27,Feminino,Recife,PE,Clube Livelo 5k,2022-05-03T00:00:00Z
CUST-10288,100.000.288-86,Fernanda Pereira,fernanda.pereira76@example.com,+5511916164431,1990-02-15,Masculino,Porto Alegre,RS,Clube Livelo 5k,2022-03-30T00:00:00Z
CUST-10289,100.000.289-67,Mariana Alves,mariana.alves47@example.com,+5511985672859,1984-12-20,Feminino,Brasília,DF,Clube Livelo 5k,2023-08-29T00:00:00Z
CUST-10290,100.000.290-09,Larissa Fernandes,larissa.fernandes41@example.com,+5511930208677,1965-07-01,Feminino,Fortaleza,CE,Clube Livelo 5k,2023-10-14T00:00:00Z
CUST-10291,100.000.291-81,Lucas Silva,lucas.silva94@example.com,+5511960502752,1984-02-07,Outro,Curitiba,PR,Clube Livelo 10k,2023-05-19T00:00:00Z
CUST-10292,100.000.292-62,Diego Lima,diego.lima21@example.com,+5511915892193,1979-09-14,Outro,Campinas,SP,Clube Livelo 20k,2024-09-24T00:00:00Z
CUST-10293,100.000.293-43,Daniel Soares,daniel.soares27@example.com,+5511995525640,1990-02-19,Outro,São Paulo,SP,Clube Livelo 10k,2023-11-10T00:00:00Z
CUST-10294,100.000.294-24,Juliana Lima,juliana.lima50@example.com,+5511962741214,1985-06-15,Masculino,Curitiba,PR,Prata,2024-08-24T00:00:00Z
CUST-10295,100.000.295-05,Daniel Rodrigues,daniel.rodrigues23@example.com,+5511932062036,1993-08-11,Masculino,Rio de Janeiro,RJ,Clube Livelo 5k,2024-09-14T00:00:00Z
CUST-10296,100.000.296-96,Juliana Almeida,juliana.almeida43@example.com,+5511926094525,1970-03-26,Outro,Porto Alegre,RS,Bronze,2022-08-09T00:00:00Z
CUST-10297,100.000.297-77,Eduardo Oliveira,eduardo.oliveira41@example.com,+5511957746984,1990-09-02,Outro,Porto Alegre,RS,Clube Livelo 1k,2024-04-19T00:00:00Z
CUST-10298,100.000.298-58,Natan Almeida,natan.almeida81@example.com,+5511983835976,1980-02-15,Feminino,Belo Horizonte,MG,Prata,2022-01-13T00:00:00Z
CUST-10299,100.000.299-39,Eduardo Alves,eduardo.alves61@example.com,+5511959961172,1970-10-19,Masculino,Rio de Janeiro,RJ,Bronze,2022-03-08T00:00:00Z
CUST-10300,100.000.300-07,Patricia Rodrigues,patricia.rodrigues21@example.com,+5511954499873,1972-01-15,Feminino,Belo Horizonte,MG,Clube Livelo 10k,2024-04-21T00:00:00Z
CUST-10301,100.000.301-98,Ana Martins,ana.martins97@example.com,+5511967265875,1976-06-07,Feminino,Porto Alegre,RS,Clube Livelo 1k,2023-04-02T00:00:00Z
CUST-10302,100.000.302-79,Beatriz Barbosa,beatriz.barbosa88@example.com,+5511942988674,1983-08-14,Outro,Brasília,DF,Bronze,2022-03-31T00:00:00Z
CUST-10303,100.000.303-50,Olivia Alves,olivia.alves92@example.com,+5511980573568,1980-11-26,Outro,São Paulo,SP,Clube Livelo 10k,2024-03-11T00:00:00Z
CUST-10304,100.000.304-30,Sofia Lopes,sofia.lopes54@example.com,+5511985920407,1997-06-13,Masculino,Belo Horizonte,MG,Bronze,2022-11-23T00:00:00Z
CUST-10305,100.000.305-11,Vinicius Lima,vinicius.lima17@example.com,+5511973308406,1998-06-25,Outro,Curitiba,PR,Ouro,2022-04-13T00:00:00Z
CUST-10306,100.000.306-00,Igor Fernandes,igor.fernandes17@example.com,+5511939448924,2001-07-12,Feminino,Belo Horizonte,MG,Topázio,2023-08-30T00:00:00Z
CUST-10307,100.000.307-83,Yasmin Vieira,yasmin.vieira13@example.com,+5511957201978,2001-10-05,Outro,Curitiba,PR,Clube Livelo 20k,2023-07-10T00:00:00Z
CUST-10308,100.000.308-64,Bruno Oliveira,bruno.oliveira17@example.com,+5511941222178,1979-01-17,Masculino,São Paulo,SP,Clube Livelo 5k,2024-07-28T00:00:00Z
CUST-10309,100.000.309-45,Lucas Ferreira,lucas.ferreira51@example.com,+5511917993466,1966-03-19,Outro,Belo Horizonte,MG,Prata,2024-05-16T00:00:00Z
CUST-10310,100.000.310-89,Carla Ribeiro,carla.ribeiro94@example.com,+5511963095937,2002-02-11,Masculino,Campinas,SP,Ouro,2024-09-26T00:00:00Z
CUST-10311,100.000.311-60,Patricia Lopes,patricia.lopes93@example.com,+5511952585056,1976-12-18,Outro,Recife,PE,Clube Livelo 5k,2022-08-17T00:00:00Z
CUST-10312,100.000.312-40,Natan Gomes,natan.gomes98@example.com,+5511949529438,1973-03-24,Feminino,Florianópolis,SC,Clube Livelo 10k,2024-05-21T00:00:00Z
CUST-10313,100.000.313-21,Bruno Ferreira,bruno.ferreira87@example.com,+5511952710350,1979-11-19,Feminino,Brasília,DF,Ouro,2022-12-06T00:00:00Z
CUST-10314,100.000.314-02,Mariana Costa,mariana.costa31@example.com,+5511995387542,1970-12-22,Outro,Florianópolis,SC,Clube Livelo 5k,2023-04-03T00:00:00Z
CUST-10315,100.000.315-93,Helena Oliveira,helena.oliveira54@example.com,+5511944448045,1971-12-01,Feminino,Salvador,BA,Clube Livelo 20k,2024-01-21T00:00:00Z
CUST-10316,100.000.316-74,Vinicius Carvalho,vinicius.carvalho73@example.com,+5511960829941,1987-09-13,Feminino,Brasília,DF,Topázio,2022-06-16T00:00:00Z
CUST-10317,100.000.317-55,Juliana Silva,juliana.silva50@example.com,+5511945047967,1971-02-11,Feminino,Salvador,BA,Ouro,2024-01-20T00:00:00Z
CUST-10318,100.000.318-36,Lucas Barbosa,lucas.barbosa88@example.com,+5511974791834,1966-07-21,Feminino,Recife,PE,Clube Livelo 10k,2022-06-10T00:00:00Z
CUST-10319,100.000.319-17,Gabriel Alves,gabriel.alves62@example.com,+5511984371711,1999-05-22,Masculino,Porto Alegre,RS,Topázio,2022-04-09T00:00:00Z
CUST-10320,100.000.320-50,Sofia Lopes,sofia.lopes29@example.com,+5511917315517,1988-01-14,Feminino,Porto Alegre,RS,Clube Livelo 20k,2022-07-24T00:00:00Z
CUST-10321,100.000.321-31,Fernanda Gomes,fernanda.gomes20@example.com,+5511973561576,1972-05-26,Masculino,Brasília,DF,Clube Livelo 20k,2024-07-05T00:00:00Z
CUST-10322,100.000.322-12,Caio Fernandes,caio.fernandes59@example.com,+5511934814337,1988-07-12,Feminino,Brasília,DF,Bronze,2022-09-27T00:00:00Z
CUST-10323,100.000.323-01,Helena Lima,helena.lima82@example.com,+5511918273096,1974-12-22,Feminino,Rio de Janeiro,RJ,Clube Livelo 5k,2024-04-07T00:00:00Z
CUST-10324,100.000.324-84,Helena Fernandes,helena.fernandes17@example.com,+5511961956500,1998-07-18,Outro,Brasília,DF,Topázio,2023-05-03T00:00:00Z
CUST-10325,100.000.325-65,Vinicius Santos,vinicius.santos74@example.com,+5511986667841,1998-10-22,Outro,Belo Horizonte,MG,Prata,2024-08-30T00:00:00Z
CUST-10326,100.000.326-46,Fernanda Alves,fernanda.alves34@example.com,+5511926936398,1967-07-03,Outro,Salvador,BA,Topázio,2024-04-22T00:00:00Z
CUST-10327,100.000.327-27,Igor Costa,igor.costa18@example.com,+5511921680625,1989-09-13,Outro,Campinas,SP,Clube Livelo 1k,2023-06-17T00:00:00Z
CUST-10328,100.000.328-08,Patricia Barbosa,patricia.barbosa85@example.com,+5511980137085,1991-02-14,Feminino,Belo Horizonte,MG,Prata,2024-08-05T00:00:00Z
CUST-10329,100.000.329-99,Patricia Gomes,patricia.gomes78@example.com,+5511956153339,1991-05-13,Outro,Brasília,DF,Clube Livelo 20k,2022-02-08T00:00:00Z
CUST-10330,100.000.330-22,Eduardo Barbosa,eduardo.barbosa87@example.com,+5511963917932,1967-07-11,Outro,Curitiba,PR,Bronze,2024-02-03T00:00:00Z
CUST-10331,100.000.331-03,Vinicius Ribeiro,vinicius.ribeiro12@example.com,+5511955347617,1984-05-09,Masculino,Florianópolis,SC,Prata,2024-09-22T00:00:00Z
CUST-10332,100.000.332-94,Juliana Almeida,juliana.almeida51@example.com,+5511946160937,1991-10-21,Feminino,Curitiba,PR,Clube Livelo 20k,2022-08-05T00:00:00Z
CUST-10333,100.000.333-75,Larissa Lopes,larissa.lopes76@example.com,+5511960185378,1968-09-26,Feminino,Rio de Janeiro,RJ,Clube Livelo 1k,2023-12-28T00:00:00Z
CUST-10334,100.000.334-56,Marcelo Soares,marcelo.soares82@example.com,+5511913885356,1976-04-27,Feminino,São Paulo,SP,Topázio,2022-02-03T00:00:00Z
CUST-10335,100.000.335-37,Diego Alves,diego.alves45@example.com,+5511959439358,1994-09-13,Outro,Rio de Janeiro,RJ,Bronze,2022-09-05T00:00:00Z
CUST-10336,100.000.336-18,Paulo Ferreira,paulo.ferreira70@example.com,+5511988769733,2000-06-12,Feminino,Porto Alegre,RS,Prata,2022-10-19T00:00:00Z
CUST-10337,100.000.337-07,Fernanda Vieira,fernanda.vieira37@example.com,+5511939709238,1979-11-07,Masculino,Goiânia,GO,Clube Livelo 10k,2023-06-10T00:00:00Z
CUST-10338,100.000.338-80,Rafaela Rodrigues,rafaela.rodrigues92@example.com,+5511933246598,1965-04-09,Outro,Porto Alegre,RS,Clube Livelo 1k,2023-03-10T00:00:00Z
CUST-10339,100.000.339-60,Paulo Lima,paulo.lima37@example.com,+5511972639147,1984-11-17,Outro,Salvador,BA,Prata,2022-01-08T00:00:00Z
CUST-10340,100.000.340-02,Sofia Barbosa,sofia.barbosa87@example.com,+5511947940248,1984-11-04,Masculino,Rio de Janeiro,RJ,Clube Livelo 5k,2022-10-11T00:00:00Z
CUST-10341,100.000.341-85,Igor Gomes,igor.gomes34@example.com,+5511930123169,1998-04-02,Outro,Salvador,BA,Clube Livelo 5k,2023-11-29T00:00:00Z
CUST-10342,100.000.342-66,Caio Lopes,caio.lopes47@example.com,+5511944819604,1991-07-13,Outro,São Paulo,SP,Topázio,2022-12-18T00:00:00Z
CUST-10343,100.000.343-47,Camila Fernandes,camila.fernandes91@example.com,+5511973852097,1987-09-10,Feminino,Goiânia,GO,Ouro,2022-10-28T00:00:00Z
CUST-10344,100.000.344-28,Larissa Lima,larissa.lima81@example.com,+5511934571018,1986-11-03,Feminino,Campinas,SP,Topázio,2024-02-02T00:00:00Z
CUST-10345,100.000.345-09,Patricia Costa,patricia.costa57@example.com,+5511944971668,2002-05-15,Feminino,Brasília,DF,Bronze,2024-06-06T00:00:00Z
CUST-10346,100.000.346-90,Beatriz Oliveira,beatriz.oliveira70@example.com,+5511936111227,1997-02-28,Outro,Salvador,BA,Clube Livelo 1k,2023-02-28T00:00:00Z
CUST-10347,100.000.347-70,Eduardo Alves,eduardo.alves53@example.com,+5511964920799,2001-08-05,Masculino,Florianópolis,SC,Ouro,2024-03-08T00:00:00Z
CUST-10348,100.000.348-51,Caio Ferreira,caio.ferreira50@example.com,+5511995161010,1968-01-15,Masculino,Curitiba,PR,Ouro,2023-08-14T00:00:00Z
CUST-10349,100.000.349-32,Patricia Oliveira,patricia.oliveira26@example.com,+5511992474074,1992-11-14,Masculino,Salvador,BA,Clube Livelo 20k,2023-01-28T00:00:00Z
CUST-10350,100.000.350-76,Gabriel Ribeiro,gabriel.ribeiro11@example.com,+5511953246714,1998-04-01,Outro,São Paulo,SP,Topázio,2022-08-20T00:00:00Z
CUST-10351,100.000.351-57,Juliana Rodrigues,juliana.rodrigues23@example.com,+5511961479273,1997-10-10,Feminino,Rio de Janeiro,RJ,Bronze,2022-11-02T00:00:00Z
CUST-10352,100.000.352-38,Larissa Soares,larissa.soares86@example.com,+5511980345879,1986-07-22,Feminino,Campinas,SP,Clube Livelo 20k,2023-01-03T00:00:00Z
CUST-10353,100.000.353-19,Yasmin Martins,yasmin.martins12@example.com,+5511940657783,1979-12-05,Feminino,Florianópolis,SC,Bronze,2023-08-27T00:00:00Z
CUST-10354,100.000.354-08,Mariana Santos,mariana.santos58@example.com,+5511995942441,1981-09-20,Feminino,Recife,PE,Bronze,2023-11-09T00:00:00Z
CUST-10355,100.000.355-80,Bruno Souza,bruno.souza63@example.com,+5511969634854,1989-02-18,Masculino,Brasília,DF,Ouro,2022-07-30T00:00:00Z
CUST-10356,100.000.356-61,Juliana Carvalho,juliana.carvalho94@example.com,+5511923553285,1998-05-20,Outro,Florianópolis,SC,Ouro,2023-03-05T00:00:00Z
CUST-10357,100.000.357-42,Rodrigo Barbosa,rodrigo.barbosa25@example.com,+5511947944260,1972-02-16,Feminino,Recife,PE,Topázio,2024-03-07T00:00:00Z
CUST-10358,100.000.358-23,Gabriel Ribeiro,gabriel.ribeiro62@example.com,+5511949641367,1975-01-18,Masculino,Curitiba,PR,Clube Livelo 20k,2022-12-05T00:00:00Z
CUST-10359,100.000.359-04,Camila Oliveira,camila.oliveira24@example.com,+5511987061479,1996-03-03,Outro,Rio de Janeiro,RJ,Prata,2024-07-15T00:00:00Z
CUST-10360,100.000.360-48,Paulo Gomes,paulo.gomes43@example.com,+5511972314252,1968-02-27,Feminino,São Paulo,SP,Clube Livelo 1k,2023-01-04T00:00:00Z
CUST-10361,100.000.361-29,Olivia Souza,olivia.souza22@example.com,+5511916159129,1965-03-22,Outro,Belo Horizonte,MG,Clube Livelo 5k,2023-01-02T00:00:00Z
CUST-10362,100.000.362-00,Igor Oliveira,igor.oliveira57@example.com,+5511955999465,1976-02-13,Masculino,Brasília,DF,Clube Livelo 1k,2024-05-05T00:00:00Z
CUST-10363,100.000.363-90,Patricia Carvalho,patricia.carvalho93@example.com,+5511932384662,1972-03-23,Outro,São Paulo,SP,Ouro,2022-04-17T00:00:00Z
CUST-10364,100.000.364-71,Rafaela Vieira,rafaela.vieira96@example.com,+5511968809216,1976-10-13,Masculino,Recife,PE,Bronze,2024-06-02T00:00:00Z
CUST-10365,100.000.365-52,Rafaela Lopes,rafaela.lopes24@example.com,+5511965201639,1993-01-03,Masculino,Goiânia,GO,Clube Livelo 5k,2022-01-13T00:00:00Z
CUST-10366,100.000.366-33,Marcelo Vieira,marcelo.vieira82@example.com,+5511940062746,1986-09-17,Outro,Florianópolis,SC,Prata,2023-03-20T00:00:00Z
CUST-10367,100.000.367-14,Rafaela Ribeiro,rafaela.ribeiro94@example.com,+5511996087848,1989-03-27,Outro,Recife,PE,Bronze,2022-01-12T00:00:00Z
CUST-10368,100.000.368-03,Rodrigo Lopes,rodrigo.lopes73@example.com,+5511932200132,1969-08-11,Feminino,Campinas,SP,Clube Livelo 1k,2022-02-21T00:00:00Z
CUST-10369,100.000.369-86,Caio Martins,caio.martins61@example.com,+5511941541166,1970-08-15,Outro,Brasília,DF,Prata,2024-05-27T00:00:00Z
CUST-10370,100.000.370-10,Daniel Lopes,daniel.lopes93@example.com,+5511912384932,1971-07-14,Feminino,Fortaleza,CE,Bronze,2024-04-25T00:00:00Z
CUST-10371,100.000.371-09,Beatriz Gomes,beatriz.gomes75@example.com,+5511985475000,1978-11-22,Masculino,Campinas,SP,Clube Livelo 5k,2024-04-25T00:00:00Z
CUST-10372,100.000.372-81,Vanessa Almeida,vanessa.almeida52@example.com,+5511985182173,1995-12-22,Masculino,Florianópolis,SC,Clube Livelo 20k,2022-04-27T00:00:00Z
CUST-10373,100.000.373-62,Ana Costa,ana.costa55@example.com,+5511995048563,1983-09-17,Masculino,Florianópolis,SC,Prata,2022-02-16T00:00:00Z
CUST-10374,100.000.374-43,Eduardo Carvalho,eduardo.carvalho23@example.com,+5511944130133,1977-04-04,Masculino,Curitiba,PR,Clube Livelo 20k,2024-04-24T00:00:00Z
CUST-10375,100.000.375-24,Daniel Carvalho,daniel.carvalho15@example.com,+5511994992096,2002-02-25,Masculino,Brasília,DF,Ouro,2024-09-13T00:00:00Z
CUST-10376,100.000.376-05,Larissa Santos,larissa.santos80@example.com,+5511968090825,2002-08-17,Feminino,Florianópolis,SC,Ouro,2024-01-19T00:00:00Z
CUST-10377,100.000.377-96,Natan Barbosa,natan.barbosa87@example.com,+5511953197138,1997-07-14,Outro,Florianópolis,SC,Topázio,2022-10-08T00:00:00Z
CUST-10378,100.000.378-77,Juliana Almeida,juliana.almeida27@example.com,+5511928546206,1991-10-23,Outro,Fortaleza,CE,Clube Livelo 1k,2024-05-13T00:00:00Z
CUST-10379,100.000.379-58,Diego Fernandes,diego.fernandes90@example.com,+5511939171224,1977-04-20,Outro,Porto Alegre,RS,Clube Livelo 5k,2024-08-01T00:00:00Z
CUST-10380,100.000.380-91,Rodrigo Fernandes,rodrigo.fernandes98@example.com,+5511995480242,1985-12-04,Masculino,Fortaleza,CE,Clube Livelo 20k,2023-08-20T00:00:00Z
CUST-10381,100.000.381-72,Camila Fernandes,camila.fernandes46@example.com,+5511966691738,1965-09-04,Feminino,Salvador,BA,Ouro,2022-02-24T00:00:00Z
CUST-10382,100.000.382-53,Igor Ferreira,igor.ferreira46@example.com,+5511943629729,1974-01-23,Masculino,Curitiba,PR,Bronze,2023-01-03T00:00:00Z
CUST-10383,100.000.383-34,Beatriz Fernandes,beatriz.fernandes38@example.com,+5511996854901,2000-07-08,Outro,Florianópolis,SC,Clube Livelo 1k,2023-12-11T00:00:00Z
CUST-10384,100.000.384-15,Natan Carvalho,natan.carvalho97@example.com,+5511951963706,2000-01-01,Outro,Porto Alegre,RS,Topázio,2023-09-28T00:00:00Z
CUST-10385,100.000.385-04,Renato Pereira,renato.pereira91@example.com,+5511996923747,1988-10-18,Outro,Recife,PE,Topázio,2024-03-05T00:00:00Z
CUST-10386,100.000.386-87,Juliana Almeida,juliana.almeida32@example.com,+5511919995059,1976-03-24,Outro,Rio de Janeiro,RJ,Clube Livelo 10k,2022-02-11T00:00:00Z
CUST-10387,100.000.387-68,Igor Rodrigues,igor.rodrigues30@example.com,+5511988381281,1981-01-11,Masculino,Florianópolis,SC,Ouro,2022-02-10T00:00:00Z
CUST-10388,100.000.388-49,Beatriz Santos,beatriz.santos90@example.com,+5511992625597,1984-08-26,Outro,Fortaleza,CE,Clube Livelo 5k,2022-03-16T00:00:00Z
CUST-10389,100.000.389-20,Rodrigo Pereira,rodrigo.pereira33@example.com,+5511979874593,1969-09-06,Masculino,Fortaleza,CE,Clube Livelo 10k,2022-04-05T00:00:00Z
CUST-10390,100.000.390-63,Camila Costa,camila.costa52@example.com,+5511958425464,1983-04-25,Outro,Fortaleza,CE,Clube Livelo 20k,2023-07-29T00:00:00Z
CUST-10391,100.000.391-44,Daniel Ribeiro,daniel.ribeiro67@example.com,+5511942258945,1980-01-22,Masculino,Salvador,BA,Prata,2023-01-31T00:00:00Z
CUST-10392,100.000.392-25,Ana Soares,ana.soares57@example.com,+5511979029393,1997-08-16,Feminino,Porto Alegre,RS,Topázio,2022-11-25T00:00:00Z
CUST-10393,100.000.393-06,Fernanda Fernandes,fernanda.fernandes78@example.com,+5511910983894,1969-04-22,Outro,Curitiba,PR,Clube Livelo 10k,2024-05-05T00:00:00Z
CUST-10394,100.000.394-97,Renato Carvalho,renato.carvalho92@example.com,+5511919679848,1974-01-15,Outro,Campinas,SP,Bronze,2022-03-31T00:00:00Z
CUST-10395,100.000.395-78,Patricia Lima,patricia.lima81@example.com,+5511919454577,2001-04-09,Masculino,Salvador,BA,Clube Livelo 20k,2023-10-08T00:00:00Z
CUST-10396,100.000.396-59,Ana Martins,ana.martins96@example.com,+5511925878730,1999-01-21,Outro,Recife,PE,Prata,2024-02-14T00:00:00Z
CUST-10397,100.000.397-30,Diego Oliveira,diego.oliveira55@example.com,+5511977489633,1971-05-26,Outro,Porto Alegre,RS,Prata,2022-10-16T00:00:00Z
CUST-10398,100.000.398-10,Natan Martins,natan.martins94@example.com,+5511914136476,1995-03-18,Feminino,Belo Horizonte,MG,Clube Livelo 10k,2024-03-26T00:00:00Z
CUST-10399,100.000.399-00,Juliana Rodrigues,juliana.rodrigues48@example.com,+5511996965116,1988-01-18,Outro,Belo Horizonte,MG,Prata,2022-02-12T00:00:00Z
CUST-10400,100.000.400-70,Natan Fernandes,natan.fernandes80@example.com,+5511921425533,1984-04-24,Outro,Florianópolis,SC,Clube Livelo 5k,2022-08-05T00:00:00Z
CUST-10401,100.000.401-50,Eduardo Ferreira,eduardo.ferreira33@example.com,+5511939633659,1981-04-04,Feminino,Goiânia,GO,Bronze,2024-05-21T00:00:00Z
CUST-10402,100.000.402-31,Paulo Fernandes,paulo.fernandes19@example.com,+5511949010740,1969-05-04,Feminino,Florianópolis,SC,Clube Livelo 20k,2024-09-01T00:00:00Z
CUST-10403,100.000.403-12,Camila Pereira,camila.pereira22@example.com,+5511948270459,1969-04-11,Masculino,Brasília,DF,Clube Livelo 5k,2023-09-24T00:00:00Z
CUST-10404,100.000.404-01,Eduardo Vieira,eduardo.vieira82@example.com,+5511958921480,1985-07-06,Feminino,Campinas,SP,Topázio,2024-03-15T00:00:00Z
CUST-10405,100.000.405-84,Igor Ribeiro,igor.ribeiro27@example.com,+5511954501625,1995-08-15,Masculino,Porto Alegre,RS,Clube Livelo 20k,2023-07-19T00:00:00Z
CUST-10406,100.000.406-65,Carla Lima,carla.lima27@example.com,+5511982292089,1977-05-24,Outro,Rio de Janeiro,RJ,Prata,2024-07-02T00:00:00Z
CUST-10407,100.000.407-46,Caio Silva,caio.silva84@example.com,+5511987698748,1990-10-07,Feminino,Fortaleza,CE,Clube Livelo 1k,2023-07-11T00:00:00Z
CUST-10408,100.000.408-27,Rafaela Rodrigues,rafaela.rodrigues56@example.com,+5511962680236,1979-10-24,Masculino,Belo Horizonte,MG,Clube Livelo 20k,2023-05-29T00:00:00Z
CUST-10409,100.000.409-08,Mariana Soares,mariana.soares11@example.com,+5511998943201,1980-10-22,Feminino,Fortaleza,CE,Ouro,2023-04-02T00:00:00Z
CUST-10410,100.000.410-41,Thiago Rodrigues,thiago.rodrigues71@example.com,+5511958156722,1967-04-25,Masculino,Curitiba,PR,Prata,2022-09-28T00:00:00Z
CUST-10411,100.000.411-22,Camila Alves,camila.alves76@example.com,+5511958486337,1989-08-15,Feminino,São Paulo,SP,Clube Livelo 5k,2022-04-16T00:00:00Z
CUST-10412,100.000.412-03,Caio Lima,caio.lima43@example.com,+5511987662596,1999-10-06,Masculino,Goiânia,GO,Clube Livelo 10k,2023-01-10T00:00:00Z
CUST-10413,100.000.413-94,Rodrigo Lima,rodrigo.lima58@example.com,+5511939917031,1998-07-12,Masculino,Brasília,DF,Clube Livelo 20k,2024-06-27T00:00:00Z
CUST-10414,100.000.414-75,Vinicius Rodrigues,vinicius.rodrigues66@example.com,+5511932227237,1979-02-17,Outro,Porto Alegre,RS,Topázio,2022-06-03T00:00:00Z
CUST-10415,100.000.415-56,Beatriz Souza,beatriz.souza94@example.com,+5511940916561,1991-06-24,Feminino,Brasília,DF,Clube Livelo 20k,2023-05-06T00:00:00Z
CUST-10416,100.000.416-37,Caio Carvalho,caio.carvalho12@example.com,+5511942704875,1967-03-19,Outro,Belo Horizonte,MG,Ouro,2023-10-07T00:00:00Z
CUST-10417,100.000.417-18,Eduardo Santos,eduardo.santos31@example.com,+5511944663022,1976-09-13,Outro,Recife,PE,Bronze,2024-06-18T00:00:00Z
CUST-10418,100.000.418-07,Carla Alves,carla.alves67@example.com,+5511991406527,1995-08-06,Feminino,Salvador,BA,Ouro,2024-03-24T00:00:00Z
CUST-10419,100.000.419-80,Beatriz Soares,beatriz.soares43@example.com,+5511932511225,1986-08-20,Outro,Rio de Janeiro,RJ,Topázio,2023-01-23T00:00:00Z
CUST-10420,100.000.420-13,Ana Alves,ana.alves76@example.com,+5511977693989,1991-03-20,Feminino,Belo Horizonte,MG,Clube Livelo 20k,2024-07-12T00:00:00Z
CUST-10421,100.000.421-02,Vinicius Fernandes,vinicius.fernandes74@example.com,+5511925772785,1970-08-22,Feminino,Recife,PE,Bronze,2024-07-07T00:00:00Z
CUST-10422,100.000.422-85,Rodrigo Carvalho,rodrigo.carvalho57@example.com,+5511915830187,1998-07-08,Masculino,Salvador,BA,Clube Livelo 5k,2023-08-27T00:00:00Z
CUST-10423,100.000.423-66,Daniel Carvalho,daniel.carvalho27@example.com,+5511944160831,1995-04-28,Feminino,Porto Alegre,RS,Clube Livelo 10k,2022-09-21T00:00:00Z
CUST-10424,100.000.424-47,Thiago Soares,thiago.soares25@example.com,+5511979761254,1965-07-21,Feminino,Florianópolis,SC,Clube Livelo 5k,2023-02-23T00:00:00Z
CUST-10425,100.000.425-28,Olivia Vieira,olivia.vieira42@example.com,+5511945071480,1999-07-19,Masculino,Recife,PE,Clube Livelo 1k,2023-11-28T00:00:00Z
CUST-10426,100.000.426-09,Olivia Fernandes,olivia.fernandes81@example.com,+5511974755726,1976-06-18,Outro,Brasília,DF,Clube Livelo 1k,2022-11-11T00:00:00Z
CUST-10427,100.000.427-90,Larissa Rodrigues,larissa.rodrigues94@example.com,+5511925983420,1979-08-26,Outro,Belo Horizonte,MG,Prata,2022-08-08T00:00:00Z
CUST-10428,100.000.428-70,Patricia Fernandes,patricia.fernandes88@example.com,+5511916986408,1975-07-21,Feminino,Rio de Janeiro,RJ,Ouro,2023-04-28T00:00:00Z
CUST-10429,100.000.429-51,Carla Oliveira,carla.oliveira43@example.com,+5511939765498,1988-02-20,Feminino,Florianópolis,SC,Clube Livelo 10k,2024-08-11T00:00:00Z
CUST-10430,100.000.430-95,Caio Soares,caio.soares46@example.com,+5511990191410,1968-03-21,Masculino,Brasília,DF,Bronze,2022-07-26T00:00:00Z
CUST-10431,100.000.431-76,Juliana Alves,juliana.alves14@example.com,+5511990465529,1997-09-23,Feminino,Recife,PE,Ouro,2023-11-22T00:00:00Z
CUST-10432,100.000.432-57,Caio Silva,caio.silva30@example.com,+5511921655844,1982-07-12,Outro,Salvador,BA,Clube Livelo 10k,2023-08-24T00:00:00Z
CUST-10433,100.000.433-38,Larissa Oliveira,larissa.oliveira21@example.com,+5511983765077,1983-12-27,Outro,Recife,PE,Clube Livelo 5k,2022-12-22T00:00:00Z
CUST-10434,100.000.434-19,Helena Barbosa,helena.barbosa34@example.com,+5511971036720,1990-10-01,Masculino,Belo Horizonte,MG,Clube Livelo 10k,2023-06-03T00:00:00Z
CUST-10435,100.000.435-08,Rodrigo Gomes,rodrigo.gomes53@example.com,+5511925704681,1997-05-18,Outro,Porto Alegre,RS,Clube Livelo 20k,2024-09-16T00:00:00Z
CUST-10436,100.000.436-80,Marcelo Pereira,marcelo.pereira53@example.com,+5511971585593,1994-10-28,Feminino,Brasília,DF,Prata,2022-09-22T00:00:00Z
CUST-10437,100.000.437-61,Camila Pereira,camila.pereira50@example.com,+5511965354876,1987-09-18,Feminino,Florianópolis,SC,Clube Livelo 1k,2022-09-12T00:00:00Z
CUST-10438,100.000.438-42,Camila Costa,camila.costa19@example.com,+5511984430642,1976-08-11,Masculino,Curitiba,PR,Clube Livelo 1k,2022-07-07T00:00:00Z
CUST-10439,100.000.439-23,Rafaela Alves,rafaela.alves40@example.com,+5511942488275,1981-04-08,Feminino,Curitiba,PR,Clube Livelo 5k,2022-06-09T00:00:00Z
CUST-10440,100.000.440-67,Yasmin Oliveira,yasmin.oliveira96@example.com,+5511999043272,1996-10-01,Outro,São Paulo,SP,Clube Livelo 20k,2023-01-16T00:00:00Z
CUST-10441,100.000.441-48,Vinicius Vieira,vinicius.vieira45@example.com,+5511975874779,1976-09-09,Masculino,Curitiba,PR,Ouro,2022-02-25T00:00:00Z
CUST-10442,100.000.442-29,Rafaela Fernandes,rafaela.fernandes14@example.com,+5511977441081,1987-07-28,Outro,Belo Horizonte,MG,Clube Livelo 20k,2024-09-26T00:00:00Z
CUST-10443,100.000.443-00,Paulo Costa,paulo.costa98@example.com,+5511911129926,1965-11-07,Masculino,Recife,PE,Prata,2022-11-30T00:00:00Z
CUST-10444,100.000.444-90,Fernanda Fernandes,fernanda.fernandes43@example.com,+5511941828278,1982-08-20,Masculino,Campinas,SP,Ouro,2023-05-26T00:00:00Z
CUST-10445,100.000.445-71,Diego Ribeiro,diego.ribeiro56@example.com,+5511963766628,1982-08-06,Outro,Belo Horizonte,MG,Topázio,2024-04-13T00:00:00Z
CUST-10446,100.000.446-52,Patricia Pereira,patricia.pereira81@example.com,+5511968011418,1989-04-05,Outro,Belo Horizonte,MG,Clube Livelo 20k,2024-04-05T00:00:00Z
CUST-10447,100.000.447-33,Rafaela Rodrigues,rafaela.rodrigues90@example.com,+5511979391501,1999-12-11,Masculino,Porto Alegre,RS,Clube Livelo 1k,2023-07-30T00:00:00Z
CUST-10448,100.000.448-14,Natan Souza,natan.souza98@example.com,+5511931923376,1968-04-27,Masculino,Brasília,DF,Prata,2023-04-06T00:00:00Z
CUST-10449,100.000.449-03,Mariana Ribeiro,mariana.ribeiro81@example.com,+5511984825240,1981-06-01,Masculino,Rio de Janeiro,RJ,Clube Livelo 5k,2024-06-07T00:00:00Z
CUST-10450,100.000.450-39,Gabriel Vieira,gabriel.vieira83@example.com,+5511997223468,1999-03-25,Masculino,Campinas,SP,Clube Livelo 5k,2023-11-21T00:00:00Z
CUST-10451,100.000.451-10,Vinicius Oliveira,vinicius.oliveira58@example.com,+5511992364557,1983-08-21,Feminino,Belo Horizonte,MG,Clube Livelo 5k,2023-03-08T00:00:00Z
CUST-10452,100.000.452-09,Natan Oliveira,natan.oliveira20@example.com,+5511931743203,1986-04-11,Masculino,Goiânia,GO,Clube Livelo 1k,2023-12-29T00:00:00Z
CUST-10453,100.000.453-81,Igor Almeida,igor.almeida56@example.com,+5511988775038,1998-08-14,Feminino,Belo Horizonte,MG,Bronze,2022-05-09T00:00:00Z
CUST-10454,100.000.454-62,Larissa Oliveira,larissa.oliveira36@example.com,+5511932402343,1990-02-04,Feminino,Brasília,DF,Bronze,2022-01-27T00:00:00Z
CUST-10455,100.000.455-43,Marcelo Oliveira,marcelo.oliveira23@example.com,+5511945225746,1974-02-21,Masculino,Porto Alegre,RS,Topázio,2022-09-11T00:00:00Z
CUST-10456,100.000.456-24,Caio Rodrigues,caio.rodrigues26@example.com,+5511980698159,1975-01-02,Outro,Campinas,SP,Clube Livelo 5k,2024-06-03T00:00:00Z
CUST-10457,100.000.457-05,Yasmin Lima,yasmin.lima80@example.com,+5511969706076,1973-12-18,Feminino,Recife,PE,Clube Livelo 20k,2023-10-09T00:00:00Z
CUST-10458,100.000.458-96,Olivia Soares,olivia.soares91@example.com,+5511995836028,1999-05-12,Masculino,Fortaleza,CE,Topázio,2024-04-04T00:00:00Z
CUST-10459,100.000.459-77,Mariana Carvalho,mariana.carvalho43@example.com,+5511930900054,1984-01-01,Outro,Belo Horizonte,MG,Clube Livelo 5k,2022-10-21T00:00:00Z
CUST-10460,100.000.460-00,Diego Lopes,diego.lopes71@example.com,+5511950213043,1965-07-26,Masculino,Recife,PE,Topázio,2024-03-26T00:00:00Z
CUST-10461,100.000.461-91,Gabriel Carvalho,gabriel.carvalho81@example.com,+5511968667423,1990-04-06,Outro,Florianópolis,SC,Clube Livelo 10k,2024-04-28T00:00:00Z
CUST-10462,100.000.462-72,Carla Carvalho,carla.carvalho90@example.com,+5511942153442,1998-10-26,Outro,Goiânia,GO,Clube Livelo 1k,2022-10-19T00:00:00Z
CUST-10463,100.000.463-53,Patricia Lima,patricia.lima62@example.com,+5511935233016,1969-03-05,Masculino,Rio de Janeiro,RJ,Clube Livelo 20k,2023-09-25T00:00:00Z
CUST-10464,100.000.464-34,Rafaela Alves,rafaela.alves51@example.com,+5511912603206,1974-01-18,Feminino,Belo Horizonte,MG,Prata,2022-10-16T00:00:00Z
CUST-10465,100.000.465-15,Larissa Silva,larissa.silva39@example.com,+5511922106034,1974-01-16,Feminino,Campinas,SP,Clube Livelo 10k,2022-11-16T00:00:00Z
CUST-10466,100.000.466-04,Mariana Almeida,mariana.almeida99@example.com,+5511914259684,1986-02-27,Feminino,São Paulo,SP,Clube Livelo 1k,2024-03-05T00:00:00Z
CUST-10467,100.000.467-87,Rafaela Ferreira,rafaela.ferreira34@example.com,+5511943565097,1989-01-04,Outro,Curitiba,PR,Clube Livelo 10k,2024-02-29T00:00:00Z
CUST-10468,100.000.468-68,Larissa Santos,larissa.santos35@example.com,+5511971852177,1971-09-22,Feminino,Brasília,DF,Clube Livelo 10k,2023-11-29T00:00:00Z
CUST-10469,100.000.469-49,Fernanda Santos,fernanda.santos80@example.com,+5511979917538,1972-05-16,Outro,Porto Alegre,RS,Topázio,2023-01-05T00:00:00Z
CUST-10470,100.000.470-82,Daniel Pereira,daniel.pereira91@example.com,+5511968272190,1985-01-06,Masculino,Recife,PE,Prata,2023-02-10T00:00:00Z
CUST-10471,100.000.471-63,Bruno Vieira,bruno.vieira98@example.com,+5511973789750,1974-06-25,Feminino,Curitiba,PR,Ouro,2023-05-27T00:00:00Z
CUST-10472,100.000.472-44,Lucas Santos,lucas.santos17@example.com,+5511957716774,1974-12-18,Feminino,Belo Horizonte,MG,Clube Livelo 20k,2022-08-27T00:00:00Z
CUST-10473,100.000.473-25,Patricia Ribeiro,patricia.ribeiro66@example.com,+5511935899364,1966-12-13,Masculino,Florianópolis,SC,Ouro,2022-09-14T00:00:00Z
CUST-10474,100.000.474-06,Diego Almeida,diego.almeida81@example.com,+5511949555923,1999-12-16,Feminino,Recife,PE,Ouro,2023-07-11T00:00:00Z
CUST-10475,100.000.475-97,Igor Barbosa,igor.barbosa80@example.com,+5511931520928,1969-09-05,Masculino,Porto Alegre,RS,Clube Livelo 1k,2023-07-09T00:00:00Z
CUST-10476,100.000.476-78,Marcelo Soares,marcelo.soares58@example.com,+5511934901990,1966-10-28,Masculino,Recife,PE,Topázio,2022-11-25T00:00:00Z
CUST-10477,100.000.477-59,Renato Martins,renato.martins34@example.com,+5511980339453,1996-09-05,Outro,Porto Alegre,RS,Clube Livelo 5k,2023-02-24T00:00:00Z
CUST-10478,100.000.478-30,Daniel Soares,daniel.soares94@example.com,+5511918949617,1967-03-06,Feminino,Curitiba,PR,Prata,2023-05-13T00:00:00Z
CUST-10479,100.000.479-10,Thiago Martins,thiago.martins94@example.com,+5511975754558,1998-10-23,Outro,Porto Alegre,RS,Bronze,2023-01-11T00:00:00Z
CUST-10480,100.000.480-54,Ana Alves,ana.alves93@example.com,+5511975955329,1970-08-26,Outro,São Paulo,SP,Clube Livelo 5k,2023-07-26T00:00:00Z
CUST-10481,100.000.481-35,Renato Ribeiro,renato.ribeiro17@example.com,+5511992803389,1982-09-02,Outro,Rio de Janeiro,RJ,Clube Livelo 1k,2022-03-21T00:00:00Z
CUST-10482,100.000.482-16,Daniel Souza,daniel.souza39@example.com,+5511981358338,1989-04-07,Outro,Goiânia,GO,Topázio,2023-08-07T00:00:00Z
CUST-10483,100.000.483-05,Sofia Fernandes,sofia.fernandes63@example.com,+5511924161873,2001-06-22,Masculino,Florianópolis,SC,Clube Livelo 10k,2024-06-23T00:00:00Z
CUST-10484,100.000.484-88,Sofia Martins,sofia.martins74@example.com,+5511955300210,1975-09-20,Masculino,Campinas,SP,Clube Livelo 5k,2023-07-18T00:00:00Z
CUST-10485,100.000.485-69,Vanessa Ribeiro,vanessa.ribeiro62@example.com,+5511994992144,1992-12-11,Outro,Curitiba,PR,Topázio,2023-01-20T00:00:00Z
CUST-10486,100.000.486-40,Mariana Almeida,mariana.almeida67@example.com,+5511963296593,1965-12-02,Masculino,Recife,PE,Bronze,2023-06-15T00:00:00Z
CUST-10487,100.000.487-20,Ana Gomes,ana.gomes38@example.com,+5511938833029,1985-01-25,Outro,Porto Alegre,RS,Ouro,2022-04-07T00:00:00Z
CUST-10488,100.000.488-01,Eduardo Rodrigues,eduardo.rodrigues43@example.com,+5511959269031,2002-04-08,Masculino,Porto Alegre,RS,Prata,2023-08-08T00:00:00Z
CUST-10489,100.000.489-92,Larissa Oliveira,larissa.oliveira51@example.com,+5511974764506,1976-08-27,Outro,Florianópolis,SC,Prata,2023-09-02T00:00:00Z
CUST-10490,100.000.490-26,Larissa Vieira,larissa.vieira58@example.com,+5511920533057,1968-06-12,Masculino,Salvador,BA,Prata,2024-06-09T00:00:00Z
CUST-10491,100.000.491-07,Yasmin Silva,yasmin.silva91@example.com,+5511994851591,1989-01-10,Outro,São Paulo,SP,Clube Livelo 5k,2023-07-07T00:00:00Z
CUST-10492,100.000.492-98,Rodrigo Pereira,rodrigo.pereira29@example.com,+5511916780654,1990-08-25,Outro,Recife,PE,Prata,2022-08-16T00:00:00Z
CUST-10493,100.000.493-79,Eduardo Rodrigues,eduardo.rodrigues53@example.com,+5511921079017,1995-10-24,Feminino,Fortaleza,CE,Clube Livelo 10k,2022-09-26T00:00:00Z
CUST-10494,100.000.494-50,Olivia Rodrigues,olivia.rodrigues27@example.com,+5511974548325,2000-04-16,Masculino,Goiânia,GO,Topázio,2023-07-29T00:00:00Z
CUST-10495,100.000.495-30,Helena Pereira,helena.pereira19@example.com,+5511945736421,1992-06-22,Outro,Rio de Janeiro,RJ,Prata,2023-11-19T00:00:00Z
CUST-10496,100.000.496-11,Mariana Alves,mariana.alves51@example.com,+5511956241350,1966-05-06,Masculino,Recife,PE,Clube Livelo 20k,2023-10-01T00:00:00Z
CUST-10497,100.000.497-00,Yasmin Pereira,yasmin.pereira35@example.com,+5511960173377,1974-12-28,Feminino,Rio de Janeiro,RJ,Bronze,2022-09-06T00:00:00Z
CUST-10498,100.000.498-83,Vanessa Gomes,vanessa.gomes11@example.com,+5511956073103,1972-05-15,Masculino,São Paulo,SP,Clube Livelo 5k,2022-08-03T00:00:00Z
CUST-10499,100.000.499-64,Gabriel Fernandes,gabriel.fernandes76@example.com,+5511944716489,2000-08-20,Outro,Belo Horizonte,MG,Bronze,2023-01-21T00:00:00Z
CUST-10500,100.000.500-32,Bruno Lima,bruno.lima31@example.com,+5511918067834,1983-04-26,Outro,Recife,PE,Clube Livelo 1k,2022-02-24T00:00:00Z
CUST-10501,100.000.501-13,Carla Martins,carla.martins94@example.com,+5511946414662,1988-02-01,Masculino,Goiânia,GO,Clube Livelo 10k,2022-08-25T00:00:00Z
CUST-10502,100.000.502-02,Diego Souza,diego.souza50@example.com,+5511975050252,1999-02-06,Feminino,Fortaleza,CE,Clube Livelo 20k,2023-07-29T00:00:00Z
CUST-10503,100.000.503-85,Bruno Pereira,bruno.pereira77@example.com,+5511950926679,1986-08-13,Outro,Belo Horizonte,MG,Bronze,2022-12-22T00:00:00Z
CUST-10504,100.000.504-66,Caio Gomes,caio.gomes40@example.com,+5511977276832,1982-01-21,Masculino,Salvador,BA,Bronze,2024-08-24T00:00:00Z
CUST-10505,100.000.505-47,Helena Rodrigues,helena.rodrigues53@example.com,+5511962726977,1973-02-24,Masculino,Fortaleza,CE,Topázio,2023-03-04T00:00:00Z
CUST-10506,100.000.506-28,Olivia Gomes,olivia.gomes87@example.com,+5511954195849,1993-09-05,Feminino,Goiânia,GO,Ouro,2023-08-18T00:00:00Z
CUST-10507,100.000.507-09,Vanessa Rodrigues,vanessa.rodrigues49@example.com,+5511980303981,1973-07-25,Feminino,Goiânia,GO,Ouro,2022-11-22T00:00:00Z
CUST-10508,100.000.508-90,Larissa Souza,larissa.souza33@example.com,+5511952627226,1974-12-01,Masculino,Salvador,BA,Clube Livelo 10k,2022-11-07T00:00:00Z
CUST-10509,100.000.509-70,Eduardo Alves,eduardo.alves23@example.com,+5511927655789,1976-01-25,Outro,Recife,PE,Clube Livelo 1k,2023-09-13T00:00:00Z
CUST-10510,100.000.510-04,Beatriz Pereira,beatriz.pereira39@example.com,+5511913501001,1987-02-23,Masculino,Belo Horizonte,MG,Clube Livelo 20k,2023-12-31T00:00:00Z
CUST-10511,100.000.511-95,Vanessa Martins,vanessa.martins72@example.com,+5511973598657,1973-03-07,Feminino,São Paulo,SP,Clube Livelo 10k,2024-02-22T00:00:00Z
CUST-10512,100.000.512-76,Olivia Pereira,olivia.pereira95@example.com,+5511937223861,1978-02-06,Masculino,Recife,PE,Clube Livelo 20k,2023-12-06T00:00:00Z
CUST-10513,100.000.513-57,Vinicius Pereira,vinicius.pereira64@example.com,+5511964340297,1967-10-24,Masculino,Florianópolis,SC,Clube Livelo 5k,2023-02-08T00:00:00Z
CUST-10514,100.000.514-38,Beatriz Fernandes,beatriz.fernandes77@example.com,+5511996086421,1967-09-04,Masculino,Brasília,DF,Bronze,2024-06-17T00:00:00Z
CUST-10515,100.000.515-19,Sofia Martins,sofia.martins15@example.com,+5511984853354,1989-09-25,Outro,São Paulo,SP,Topázio,2022-10-26T00:00:00Z
CUST-10516,100.000.516-08,Marcelo Gomes,marcelo.gomes69@example.com,+5511932345453,1992-05-20,Feminino,Florianópolis,SC,Ouro,2023-04-20T00:00:00Z
CUST-10517,100.000.517-80,Carla Soares,carla.soares24@example.com,+5511934128507,2002-12-18,Feminino,Salvador,BA,Clube Livelo 10k,2022-11-28T00:00:00Z
CUST-10518,100.000.518-61,Paulo Vieira,paulo.vieira35@example.com,+5511971026547,1970-05-11,Outro,Goiânia,GO,Ouro,2024-01-06T00:00:00Z
CUST-10519,100.000.519-42,Daniel Almeida,daniel.almeida91@example.com,+5511958713437,1970-09-23,Masculino,Florianópolis,SC,Ouro,2023-01-23T00:00:00Z
CUST-10520,100.000.520-86,Marcelo Ferreira,marcelo.ferreira52@example.com,+5511985898994,1974-03-28,Feminino,Belo Horizonte,MG,Bronze,2023-03-06T00:00:00Z
CUST-10521,100.000.521-67,Juliana Ferreira,juliana.ferreira25@example.com,+5511927659164,1977-01-20,Masculino,São Paulo,SP,Clube Livelo 20k,2023-05-25T00:00:00Z
CUST-10522,100.000.522-48,Patricia Silva,patricia.silva87@example.com,+5511976231992,1980-04-19,Outro,Brasília,DF,Clube Livelo 20k,2023-02-24T00:00:00Z
CUST-10523,100.000.523-29,Beatriz Silva,beatriz.silva41@example.com,+5511983462947,1982-10-21,Outro,Curitiba,PR,Bronze,2022-07-09T00:00:00Z
CUST-10524,100.000.524-00,Bruno Rodrigues,bruno.rodrigues14@example.com,+5511999522760,2001-10-10,Masculino,Rio de Janeiro,RJ,Bronze,2022-04-22T00:00:00Z
CUST-10525,100.000.525-90,Fernanda Gomes,fernanda.gomes88@example.com,+5511998707799,2001-09-06,Masculino,Florianópolis,SC,Clube Livelo 5k,2024-08-11T00:00:00Z
CUST-10526,100.000.526-71,Lucas Ribeiro,lucas.ribeiro58@example.com,+5511919082067,1992-09-03,Masculino,Brasília,DF,Ouro,2022-05-05T00:00:00Z
CUST-10527,100.000.527-52,Lucas Soares,lucas.soares62@example.com,+5511980416822,1978-12-07,Outro,São Paulo,SP,Prata,2023-08-09T00:00:00Z
CUST-10528,100.000.528-33,Carla Lopes,carla.lopes98@example.com,+5511991171931,1983-07-20,Masculino,Porto Alegre,RS,Clube Livelo 5k,2024-08-07T00:00:00Z
CUST-10529,100.000.529-14,Rafaela Soares,rafaela.soares90@example.com,+5511976805681,1996-03-20,Feminino,Florianópolis,SC,Clube Livelo 1k,2022-07-18T00:00:00Z
CUST-10530,100.000.530-58,Paulo Souza,paulo.souza36@example.com,+5511992585240,1991-07-02,Masculino,Campinas,SP,Topázio,2022-01-12T00:00:00Z
CUST-10531,100.000.531-39,Igor Oliveira,igor.oliveira49@example.com,+5511950303435,1997-09-11,Feminino,Rio de Janeiro,RJ,Clube Livelo 5k,2022-12-16T00:00:00Z
CUST-10532,100.000.532-10,Beatriz Silva,beatriz.silva32@example.com,+5511936040330,1986-06-22,Masculino,Brasília,DF,Bronze,2023-10-24T00:00:00Z
CUST-10533,100.000.533-09,Caio Almeida,caio.almeida78@example.com,+5511954977656,1994-07-24,Feminino,Fortaleza,CE,Clube Livelo 1k,2023-08-02T00:00:00Z
CUST-10534,100.000.534-81,Sofia Fernandes,sofia.fernandes12@example.com,+5511937952515,2001-11-11,Masculino,Rio de Janeiro,RJ,Ouro,2022-10-15T00:00:00Z
CUST-10535,100.000.535-62,Natan Fernandes,natan.fernandes31@example.com,+5511986635858,1989-03-20,Feminino,Porto Alegre,RS,Clube Livelo 5k,2023-12-28T00:00:00Z
CUST-10536,100.000.536-43,Carla Lopes,carla.lopes40@example.com,+5511959873103,1993-05-07,Outro,Porto Alegre,RS,Ouro,2022-04-25T00:00:00Z
CUST-10537,100.000.537-24,Marcelo Alves,marcelo.alves21@example.com,+5511969562350,1997-01-26,Masculino,Fortaleza,CE,Ouro,2022-07-14T00:00:00Z
CUST-10538,100.000.538-05,Larissa Soares,larissa.soares49@example.com,+5511953934556,1974-02-27,Outro,Goiânia,GO,Ouro,2022-07-30T00:00:00Z
CUST-10539,100.000.539-96,Natan Soares,natan.soares24@example.com,+5511910551617,1984-01-22,Outro,Rio de Janeiro,RJ,Clube Livelo 5k,2023-04-24T00:00:00Z
CUST-10540,100.000.540-20,Rodrigo Gomes,rodrigo.gomes12@example.com,+5511987518768,1984-11-07,Masculino,Curitiba,PR,Topázio,2022-10-21T00:00:00Z
CUST-10541,100.000.541-00,Marcelo Almeida,marcelo.almeida95@example.com,+5511925790828,1982-03-06,Masculino,Rio de Janeiro,RJ,Bronze,2024-09-08T00:00:00Z
CUST-10542,100.000.542-91,Daniel Alves,daniel.alves79@example.com,+5511957018904,2000-06-09,Feminino,Florianópolis,SC,Clube Livelo 1k,2023-08-11T00:00:00Z
CUST-10543,100.000.543-72,Juliana Barbosa,juliana.barbosa53@example.com,+5511982555030,1993-01-05,Feminino,Brasília,DF,Bronze,2022-04-19T00:00:00Z
CUST-10544,100.000.544-53,Olivia Martins,olivia.martins32@example.com,+5511990010054,2002-11-27,Outro,Florianópolis,SC,Clube Livelo 20k,2023-09-24T00:00:00Z
CUST-10545,100.000.545-34,Renato Alves,renato.alves95@example.com,+5511981603135,1970-08-19,Feminino,Rio de Janeiro,RJ,Clube Livelo 20k,2022-04-10T00:00:00Z
CUST-10546,100.000.546-15,Rafaela Pereira,rafaela.pereira38@example.com,+5511929289997,1981-06-13,Feminino,Florianópolis,SC,Clube Livelo 5k,2024-03-18T00:00:00Z
CUST-10547,100.000.547-04,Paulo Lopes,paulo.lopes13@example.com,+5511918773168,1995-02-12,Masculino,Brasília,DF,Ouro,2022-10-17T00:00:00Z
CUST-10548,100.000.548-87,Thiago Rodrigues,thiago.rodrigues75@example.com,+5511923815327,1990-12-26,Feminino,Campinas,SP,Prata,2024-03-22T00:00:00Z
CUST-10549,100.000.549-68,Natan Vieira,natan.vieira62@example.com,+5511942021033,1980-09-06,Masculino,Salvador,BA,Prata,2022-12-15T00:00:00Z
CUST-10550,100.000.550-00,Olivia Carvalho,olivia.carvalho82@example.com,+5511955929418,1999-12-08,Feminino,Goiânia,GO,Prata,2024-01-28T00:00:00Z
CUST-10551,100.000.551-82,Renato Lopes,renato.lopes24@example.com,+5511989478790,1994-06-18,Feminino,Brasília,DF,Ouro,2022-11-12T00:00:00Z
CUST-10552,100.000.552-63,Beatriz Souza,beatriz.souza97@example.com,+5511990048179,1989-06-16,Outro,Goiânia,GO,Bronze,2022-04-03T00:00:00Z
CUST-10553,100.000.553-44,Vinicius Vieira,vinicius.vieira91@example.com,+5511910024741,1974-11-05,Masculino,Fortaleza,CE,Clube Livelo 1k,2023-02-04T00:00:00Z
CUST-10554,100.000.554-25,Gabriel Alves,gabriel.alves97@example.com,+5511952493026,1984-10-26,Outro,Porto Alegre,RS,Clube Livelo 10k,2024-01-06T00:00:00Z
CUST-10555,100.000.555-06,Carla Vieira,carla.vieira11@example.com,+5511992072899,1997-07-28,Feminino,Porto Alegre,RS,Bronze,2023-01-14T00:00:00Z
CUST-10556,100.000.556-97,Ana Fernandes,ana.fernandes55@example.com,+5511924723458,1983-01-08,Masculino,Florianópolis,SC,Clube Livelo 10k,2023-10-03T00:00:00Z
CUST-10557,100.000.557-78,Natan Martins,natan.martins65@example.com,+5511983164605,1978-11-06,Masculino,Belo Horizonte,MG,Topázio,2023-07-23T00:00:00Z
CUST-10558,100.000.558-59,Renato Carvalho,renato.carvalho29@example.com,+5511948717904,1973-03-01,Feminino,Goiânia,GO,Bronze,2022-05-28T00:00:00Z
CUST-10559,100.000.559-30,Camila Carvalho,camila.carvalho27@example.com,+5511921363335,1973-11-26,Masculino,Brasília,DF,Clube Livelo 10k,2023-10-01T00:00:00Z
CUST-10560,100.000.560-73,Olivia Fernandes,olivia.fernandes67@example.com,+5511961635535,1987-04-06,Masculino,Recife,PE,Bronze,2023-08-15T00:00:00Z
CUST-10561,100.000.561-54,Diego Soares,diego.soares44@example.com,+5511965141717,1999-10-12,Feminino,São Paulo,SP,Clube Livelo 20k,2023-12-23T00:00:00Z
CUST-10562,100.000.562-35,Rafaela Oliveira,rafaela.oliveira28@example.com,+5511980653292,1982-08-17,Feminino,Fortaleza,CE,Prata,2022-09-09T00:00:00Z
CUST-10563,100.000.563-16,Camila Fernandes,camila.fernandes84@example.com,+5511951943002,1968-06-18,Feminino,Brasília,DF,Clube Livelo 20k,2023-06-09T00:00:00Z
CUST-10564,100.000.564-05,Larissa Costa,larissa.costa63@example.com,+5511957367387,1983-05-06,Feminino,Florianópolis,SC,Clube Livelo 1k,2024-01-15T00:00:00Z
CUST-10565,100.000.565-88,Bruno Lopes,bruno.lopes84@example.com,+5511932693431,2001-01-22,Masculino,Florianópolis,SC,Bronze,2022-10-21T00:00:00Z
CUST-10566,100.000.566-69,Rodrigo Oliveira,rodrigo.oliveira45@example.com,+5511943829709,1973-10-09,Masculino,Porto Alegre,RS,Bronze,2024-01-30T00:00:00Z
CUST-10567,100.000.567-40,Yasmin Vieira,yasmin.vieira29@example.com,+5511998470372,1993-06-26,Feminino,Porto Alegre,RS,Topázio,2023-05-12T00:00:00Z
CUST-10568,100.000.568-20,Vanessa Santos,vanessa.santos53@example.com,+5511921328172,1974-10-27,Feminino,Brasília,DF,Clube Livelo 10k,2024-02-28T00:00:00Z
CUST-10569,100.000.569-01,Larissa Ferreira,larissa.ferreira36@example.com,+5511987545284,1987-01-21,Masculino,Rio de Janeiro,RJ,Bronze,2022-06-21T00:00:00Z
CUST-10570,100.000.570-45,Juliana Lopes,juliana.lopes78@example.com,+5511941361490,1989-11-23,Masculino,Brasília,DF,Clube Livelo 1k,2022-05-29T00:00:00Z
CUST-10571,100.000.571-26,Ana Gomes,ana.gomes67@example.com,+5511961271721,1985-09-22,Feminino,Rio de Janeiro,RJ,Clube Livelo 5k,2024-09-06T00:00:00Z
CUST-10572,100.000.572-07,Yasmin Lima,yasmin.lima52@example.com,+5511946282557,1982-02-09,Outro,Recife,PE,Clube Livelo 10k,2023-04-18T00:00:00Z
CUST-10573,100.000.573-98,Larissa Vieira,larissa.vieira34@example.com,+5511979786819,1986-11-23,Feminino,Campinas,SP,Bronze,2023-11-20T00:00:00Z
CUST-10574,100.000.574-79,Ana Carvalho,ana.carvalho22@example.com,+5511980499776,1971-11-15,Masculino,Curitiba,PR,Clube Livelo 1k,2022-09-15T00:00:00Z
CUST-10575,100.000.575-50,Beatriz Oliveira,beatriz.oliveira17@example.com,+5511989743930,1978-10-21,Feminino,Florianópolis,SC,Prata,2022-03-30T00:00:00Z
CUST-10576,100.000.576-30,Natan Vieira,natan.vieira33@example.com,+5511924877375,1976-05-10,Masculino,Goiânia,GO,Prata,2023-10-17T00:00:00Z
CUST-10577,100.000.577-11,Marcelo Carvalho,marcelo.carvalho98@example.com,+5511999600963,1985-05-06,Feminino,Porto Alegre,RS,Bronze,2023-01-27T00:00:00Z
CUST-10578,100.000.578-00,Igor Lima,igor.lima32@example.com,+5511969132953,1969-08-07,Outro,Salvador,BA,Ouro,2023-10-23T00:00:00Z
CUST-10579,100.000.579-83,Sofia Carvalho,sofia.carvalho37@example.com,+5511992405160,1971-08-23,Masculino,Rio de Janeiro,RJ,Bronze,2022-03-16T00:00:00Z
CUST-10580,100.000.580-17,Marcelo Almeida,marcelo.almeida12@example.com,+5511976800348,1974-11-21,Feminino,São Paulo,SP,Clube Livelo 10k,2022-09-30T00:00:00Z
CUST-10581,100.000.581-06,Vinicius Martins,vinicius.martins83@example.com,+5511910497109,1997-12-25,Masculino,Brasília,DF,Clube Livelo 10k,2023-02-18T00:00:00Z
CUST-10582,100.000.582-89,Sofia Pereira,sofia.pereira10@example.com,+5511961596498,1995-02-19,Outro,Campinas,SP,Clube Livelo 5k,2023-11-30T00:00:00Z
CUST-10583,100.000.583-60,Caio Oliveira,caio.oliveira56@example.com,+5511981756326,1986-02-27,Masculino,Porto Alegre,RS,Topázio,2022-06-30T00:00:00Z
CUST-10584,100.000.584-40,Camila Alves,camila.alves48@example.com,+5511962358969,1971-11-23,Masculino,Brasília,DF,Prata,2024-06-25T00:00:00Z
CUST-10585,100.000.585-21,Eduardo Santos,eduardo.santos34@example.com,+5511913404379,2002-04-16,Masculino,Rio de Janeiro,RJ,Clube Livelo 1k,2023-05-27T00:00:00Z
CUST-10586,100.000.586-02,Ana Santos,ana.santos53@example.com,+5511917523501,1986-12-02,Masculino,Rio de Janeiro,RJ,Topázio,2024-04-06T00:00:00Z
CUST-10587,100.000.587-93,Paulo Fernandes,paulo.fernandes29@example.com,+5511987758465,1979-02-02,Outro,Belo Horizonte,MG,Clube Livelo 20k,2023-11-01T00:00:00Z
CUST-10588,100.000.588-74,Bruno Pereira,bruno.pereira99@example.com,+5511997078639,1973-01-06,Outro,São Paulo,SP,Clube Livelo 1k,2024-04-20T00:00:00Z
CUST-10589,100.000.589-55,Beatriz Ferreira,beatriz.ferreira85@example.com,+5511918584245,1971-02-16,Outro,Recife,PE,Topázio,2022-03-06T00:00:00Z
CUST-10590,100.000.590-99,Lucas Martins,lucas.martins51@example.com,+5511926213828,2001-09-05,Masculino,Curitiba,PR,Bronze,2023-08-31T00:00:00Z
CUST-10591,100.000.591-70,Daniel Lima,daniel.lima28@example.com,+5511965721070,1975-12-12,Outro,Belo Horizonte,MG,Clube Livelo 20k,2022-09-07T00:00:00Z
CUST-10592,100.000.592-50,Eduardo Souza,eduardo.souza90@example.com,+5511992200507,1989-03-01,Masculino,Rio de Janeiro,RJ,Bronze,2022-01-08T00:00:00Z
CUST-10593,100.000.593-31,Diego Vieira,diego.vieira46@example.com,+5511965864403,1995-12-05,Feminino,Belo Horizonte,MG,Clube Livelo 1k,2023-06-20T00:00:00Z
CUST-10594,100.000.594-12,Fernanda Barbosa,fernanda.barbosa98@example.com,+5511915049433,1976-12-16,Outro,Rio de Janeiro,RJ,Clube Livelo 1k,2022-12-23T00:00:00Z
CUST-10595,100.000.595-01,Helena Alves,helena.alves25@example.com,+5511981162107,1971-10-12,Outro,Fortaleza,CE,Topázio,2023-04-21T00:00:00Z
CUST-10596,100.000.596-84,Igor Santos,igor.santos34@example.com,+5511925123535,1974-11-28,Masculino,Brasília,DF,Ouro,2022-06-13T00:00:00Z
CUST-10597,100.000.597-65,Bruno Ribeiro,bruno.ribeiro46@example.com,+5511938130660,1992-05-11,Outro,Brasília,DF,Bronze,2022-04-17T00:00:00Z
CUST-10598,100.000.598-46,Fernanda Ferreira,fernanda.ferreira13@example.com,+5511975103838,1997-02-03,Feminino,Florianópolis,SC,Clube Livelo 20k,2023-08-30T00:00:00Z
CUST-10599,100.000.599-27,Gabriel Costa,gabriel.costa39@example.com,+5511924781783,1985-04-04,Feminino,Florianópolis,SC,Clube Livelo 10k,2024-06-09T00:00:00Z
CUST-10600,100.000.600-03,Carla Lopes,carla.lopes84@example.com,+5511975016103,1968-07-05,Feminino,Recife,PE,Clube Livelo 20k,2022-07-02T00:00:00Z
CUST-10601,100.000.601-86,Paulo Alves,paulo.alves90@example.com,+5511958129159,1982-04-11,Feminino,São Paulo,SP,Bronze,2022-10-15T00:00:00Z
CUST-10602,100.000.602-67,Paulo Carvalho,paulo.carvalho31@example.com,+5511956113991,1979-05-20,Feminino,Goiânia,GO,Ouro,2023-08-15T00:00:00Z
CUST-10603,100.000.603-48,Carla Carvalho,carla.carvalho76@example.com,+5511975661110,1978-10-16,Masculino,Porto Alegre,RS,Bronze,2024-01-18T00:00:00Z
CUST-10604,100.000.604-29,Helena Costa,helena.costa65@example.com,+5511987774748,1979-10-05,Outro,São Paulo,SP,Clube Livelo 10k,2022-02-15T00:00:00Z
CUST-10605,100.000.605-00,Larissa Soares,larissa.soares14@example.com,+5511967136170,1998-07-16,Outro,Rio de Janeiro,RJ,Clube Livelo 20k,2023-05-23T00:00:00Z
CUST-10606,100.000.606-90,Marcelo Silva,marcelo.silva98@example.com,+5511964575354,1978-03-12,Masculino,Curitiba,PR,Prata,2022-01-17T00:00:00Z
CUST-10607,100.000.607-71,Fernanda Almeida,fernanda.almeida83@example.com,+5511988337534,1966-08-15,Feminino,Florianópolis,SC,Clube Livelo 10k,2022-07-09T00:00:00Z
CUST-10608,100.000.608-52,Caio Almeida,caio.almeida91@example.com,+5511910183025,1969-07-23,Masculino,Fortaleza,CE,Bronze,2022-10-31T00:00:00Z
CUST-10609,100.000.609-33,Diego Barbosa,diego.barbosa79@example.com,+5511987205978,1978-11-03,Outro,Campinas,SP,Bronze,2023-06-12T00:00:00Z
CUST-10610,100.000.610-77,Vinicius Santos,vinicius.santos24@example.com,+5511961399349,1988-08-20,Feminino,Campinas,SP,Clube Livelo 5k,2022-06-29T00:00:00Z
CUST-10611,100.000.611-58,Sofia Alves,sofia.alves27@example.com,+5511954953500,1980-09-04,Outro,Brasília,DF,Topázio,2024-02-11T00:00:00Z
CUST-10612,100.000.612-39,Lucas Ribeiro,lucas.ribeiro44@example.com,+5511977587480,1992-05-02,Feminino,Campinas,SP,Clube Livelo 5k,2023-04-09T00:00:00Z
CUST-10613,100.000.613-10,Renato Souza,renato.souza70@example.com,+5511981391010,1999-05-15,Outro,Campinas,SP,Prata,2022-07-12T00:00:00Z
CUST-10614,100.000.614-09,Carla Oliveira,carla.oliveira60@example.com,+5511933999716,1983-02-04,Feminino,Porto Alegre,RS,Prata,2023-12-15T00:00:00Z
CUST-10615,100.000.615-81,Vanessa Alves,vanessa.alves76@example.com,+5511994191586,1966-05-14,Outro,Fortaleza,CE,Ouro,2023-05-01T00:00:00Z
CUST-10616,100.000.616-62,Larissa Silva,larissa.silva47@example.com,+5511935375292,1969-01-28,Feminino,Fortaleza,CE,Clube Livelo 5k,2023-02-26T00:00:00Z
CUST-10617,100.000.617-43,Rafaela Vieira,rafaela.vieira95@example.com,+5511981157706,2000-08-15,Masculino,Recife,PE,Ouro,2024-07-08T00:00:00Z
CUST-10618,100.000.618-24,Patricia Lima,patricia.lima39@example.com,+5511974994010,1988-05-25,Feminino,Belo Horizonte,MG,Clube Livelo 5k,2022-10-19T00:00:00Z
CUST-10619,100.000.619-05,Beatriz Ferreira,beatriz.ferreira78@example.com,+5511948285148,1976-03-27,Outro,Florianópolis,SC,Ouro,2022-06-15T00:00:00Z
CUST-10620,100.000.620-49,Lucas Vieira,lucas.vieira26@example.com,+5511969175071,1981-06-06,Feminino,Fortaleza,CE,Bronze,2023-11-13T00:00:00Z
CUST-10621,100.000.621-20,Eduardo Ribeiro,eduardo.ribeiro67@example.com,+5511982459667,1975-09-10,Feminino,São Paulo,SP,Clube Livelo 10k,2024-08-11T00:00:00Z
CUST-10622,100.000.622-00,Paulo Costa,paulo.costa29@example.com,+5511910576371,1999-09-11,Outro,Florianópolis,SC,Clube Livelo 1k,2023-05-01T00:00:00Z
CUST-10623,100.000.623-91,Camila Rodrigues,camila.rodrigues82@example.com,+5511969338400,1986-12-04,Outro,Brasília,DF,Bronze,2022-05-23T00:00:00Z
CUST-10624,100.000.624-72,Juliana Silva,juliana.silva61@example.com,+5511992882398,1979-08-12,Feminino,Campinas,SP,Bronze,2023-09-15T00:00:00Z
CUST-10625,100.000.625-53,Rodrigo Pereira,rodrigo.pereira45@example.com,+5511936268513,1966-02-18,Masculino,Goiânia,GO,Prata,2024-09-26T00:00:00Z
CUST-10626,100.000.626-34,Rafaela Costa,rafaela.costa87@example.com,+5511991212170,1997-01-22,Masculino,Salvador,BA,Ouro,2024-01-04T00:00:00Z
CUST-10627,100.000.627-15,Natan Ribeiro,natan.ribeiro11@example.com,+5511948205125,1987-06-10,Masculino,Fortaleza,CE,Prata,2022-08-09T00:00:00Z
CUST-10628,100.000.628-04,Larissa Carvalho,larissa.carvalho66@example.com,+5511948739802,1975-12-14,Outro,Salvador,BA,Ouro,2024-05-05T00:00:00Z
CUST-10629,100.000.629-87,Eduardo Alves,eduardo.alves48@example.com,+5511973701495,1998-06-03,Outro,Salvador,BA,Prata,2022-01-07T00:00:00Z
CUST-10630,100.000.630-10,Olivia Ferreira,olivia.ferreira81@example.com,+5511972024691,2001-03-07,Feminino,Salvador,BA,Clube Livelo 1k,2023-07-22T00:00:00Z
CUST-10631,100.000.631-00,Renato Vieira,renato.vieira48@example.com,+5511976317044,2000-12-15,Feminino,São Paulo,SP,Bronze,2022-06-07T00:00:00Z
CUST-10632,100.000.632-82,Daniel Gomes,daniel.gomes63@example.com,+5511934074943,1996-12-21,Feminino,São Paulo,SP,Prata,2024-02-23T00:00:00Z
CUST-10633,100.000.633-63,Beatriz Ribeiro,beatriz.ribeiro84@example.com,+5511974489726,2001-07-28,Masculino,Goiânia,GO,Clube Livelo 20k,2024-09-24T00:00:00Z
CUST-10634,100.000.634-44,Mariana Soares,mariana.soares83@example.com,+5511912354860,1981-03-19,Feminino,Belo Horizonte,MG,Clube Livelo 5k,2023-04-18T00:00:00Z
CUST-10635,100.000.635-25,Mariana Ferreira,mariana.ferreira16@example.com,+5511946597195,1988-07-21,Masculino,São Paulo,SP,Clube Livelo 1k,2022-10-26T00:00:00Z
CUST-10636,100.000.636-06,Rodrigo Alves,rodrigo.alves90@example.com,+5511934595062,1971-10-25,Feminino,Fortaleza,CE,Clube Livelo 5k,2024-06-12T00:00:00Z
CUST-10637,100.000.637-97,Igor Ribeiro,igor.ribeiro22@example.com,+5511981728681,2002-06-27,Feminino,São Paulo,SP,Ouro,2023-06-15T00:00:00Z
CUST-10638,100.000.638-78,Olivia Costa,olivia.costa30@example.com,+5511923746292,1978-03-17,Feminino,Curitiba,PR,Prata,2023-03-04T00:00:00Z
CUST-10639,100.000.639-59,Daniel Rodrigues,daniel.rodrigues12@example.com,+5511974359847,1987-05-23,Masculino,Belo Horizonte,MG,Clube Livelo 20k,2024-06-30T00:00:00Z
CUST-10640,100.000.640-92,Marcelo Costa,marcelo.costa32@example.com,+5511950894029,1966-12-27,Feminino,Curitiba,PR,Ouro,2024-05-27T00:00:00Z
CUST-10641,100.000.641-73,Juliana Rodrigues,juliana.rodrigues36@example.com,+5511927477597,1970-07-23,Feminino,Rio de Janeiro,RJ,Bronze,2024-03-04T00:00:00Z
CUST-10642,100.000.642-54,Bruno Alves,bruno.alves23@example.com,+5511914401363,1997-10-02,Masculino,Rio de Janeiro,RJ,Clube Livelo 1k,2022-02-14T00:00:00Z
CUST-10643,100.000.643-35,Marcelo Souza,marcelo.souza25@example.com,+5511990771151,1978-10-07,Feminino,Goiânia,GO,Clube Livelo 5k,2022-01-30T00:00:00Z
CUST-10644,100.000.644-16,Thiago Ribeiro,thiago.ribeiro55@example.com,+5511931549640,1997-12-20,Feminino,Fortaleza,CE,Prata,2022-04-12T00:00:00Z
CUST-10645,100.000.645-05,Rodrigo Alves,rodrigo.alves34@example.com,+5511947830178,1975-09-01,Outro,Rio de Janeiro,RJ,Topázio,2024-07-31T00:00:00Z
CUST-10646,100.000.646-88,Mariana Vieira,mariana.vieira33@example.com,+5511969010948,1971-03-27,Masculino,Salvador,BA,Clube Livelo 10k,2022-08-08T00:00:00Z
CUST-10647,100.000.647-69,Daniel Costa,daniel.costa25@example.com,+5511972532267,1972-09-05,Masculino,Campinas,SP,Clube Livelo 1k,2023-07-25T00:00:00Z
CUST-10648,100.000.648-40,Lucas Lopes,lucas.lopes24@example.com,+5511961644447,1983-08-20,Outro,Porto Alegre,RS,Clube Livelo 20k,2022-08-20T00:00:00Z
CUST-10649,100.000.649-20,Vanessa Carvalho,vanessa.carvalho34@example.com,+5511919342782,1995-11-12,Feminino,São Paulo,SP,Clube Livelo 20k,2023-11-20T00:00:00Z
CUST-10650,100.000.650-64,Rodrigo Oliveira,rodrigo.oliveira25@example.com,+5511929242468,1990-07-23,Outro,Rio de Janeiro,RJ,Ouro,2022-03-08T00:00:00Z
CUST-10651,100.000.651-45,Lucas Alves,lucas.alves86@example.com,+5511964262755,1972-04-27,Masculino,Florianópolis,SC,Clube Livelo 20k,2022-10-13T00:00:00Z
CUST-10652,100.000.652-26,Thiago Lima,thiago.lima92@example.com,+5511963718703,1987-08-22,Outro,Salvador,BA,Clube Livelo 20k,2023-06-08T00:00:00Z
CUST-10653,100.000.653-07,Daniel Souza,daniel.souza42@example.com,+5511975678288,1996-04-21,Feminino,São Paulo,SP,Prata,2024-01-26T00:00:00Z
CUST-10654,100.000.654-98,Rafaela Silva,rafaela.silva32@example.com,+5511961356129,1985-03-10,Outro,Recife,PE,Prata,2024-02-18T00:00:00Z
CUST-10655,100.000.655-79,Marcelo Lopes,marcelo.lopes69@example.com,+5511937102821,1983-11-16,Masculino,Fortaleza,CE,Clube Livelo 1k,2023-07-10T00:00:00Z
CUST-10656,100.000.656-50,Sofia Silva,sofia.silva14@example.com,+5511967768169,1972-07-15,Masculino,Salvador,BA,Clube Livelo 20k,2023-04-16T00:00:00Z
CUST-10657,100.000.657-30,Sofia Gomes,sofia.gomes31@example.com,+5511975965276,1992-03-10,Outro,Salvador,BA,Clube Livelo 20k,2024-02-22T00:00:00Z
CUST-10658,100.000.658-11,Camila Fernandes,camila.fernandes97@example.com,+5511982396020,2001-08-16,Outro,Belo Horizonte,MG,Bronze,2023-02-05T00:00:00Z
CUST-10659,100.000.659-00,Natan Barbosa,natan.barbosa96@example.com,+5511957347151,1983-06-02,Feminino,Recife,PE,Bronze,2022-05-12T00:00:00Z
CUST-10660,100.000.660-36,Patricia Vieira,patricia.vieira13@example.com,+5511993906615,1986-07-04,Masculino,Campinas,SP,Clube Livelo 5k,2023-02-26T00:00:00Z
CUST-10661,100.000.661-17,Helena Pereira,helena.pereira92@example.com,+5511951889289,2002-02-23,Feminino,Porto Alegre,RS,Prata,2022-12-12T00:00:00Z
CUST-10662,100.000.662-06,Lucas Santos,lucas.santos68@example.com,+5511998284097,1992-10-17,Masculino,Porto Alegre,RS,Bronze,2023-12-14T00:00:00Z
CUST-10663,100.000.663-89,Lucas Martins,lucas.martins83@example.com,+5511962385285,1985-10-04,Masculino,Rio de Janeiro,RJ,Topázio,2022-12-11T00:00:00Z
CUST-10664,100.000.664-60,Fernanda Barbosa,fernanda.barbosa48@example.com,+5511958765904,1992-04-16,Outro,Rio de Janeiro,RJ,Topázio,2022-10-22T00:00:00Z
CUST-10665,100.000.665-40,Thiago Martins,thiago.martins38@example.com,+5511993828673,1970-12-28,Outro,Rio de Janeiro,RJ,Clube Livelo 5k,2022-10-07T00:00:00Z
CUST-10666,100.000.666-21,Rafaela Carvalho,rafaela.carvalho36@example.com,+5511956616029,1969-11-27,Masculino,Fortaleza,CE,Clube Livelo 1k,2023-03-20T00:00:00Z
CUST-10667,100.000.667-02,Gabriel Carvalho,gabriel.carvalho61@example.com,+5511943724189,1997-08-22,Outro,Belo Horizonte,MG,Bronze,2023-10-05T00:00:00Z
CUST-10668,100.000.668-93,Thiago Lopes,thiago.lopes37@example.com,+5511998691908,1994-05-21,Outro,Recife,PE,Clube Livelo 10k,2024-08-15T00:00:00Z
CUST-10669,100.000.669-74,Rodrigo Alves,rodrigo.alves56@example.com,+5511972073912,1974-04-05,Outro,Goiânia,GO,Clube Livelo 1k,2024-05-14T00:00:00Z
CUST-10670,100.000.670-08,Vanessa Oliveira,vanessa.oliveira91@example.com,+5511937321097,1991-05-27,Masculino,Goiânia,GO,Ouro,2022-09-20T00:00:00Z
CUST-10671,100.000.671-99,Natan Pereira,natan.pereira24@example.com,+5511930127592,1977-01-08,Masculino,Brasília,DF,Clube Livelo 20k,2023-07-28T00:00:00Z
CUST-10672,100.000.672-70,Caio Santos,caio.santos35@example.com,+5511931388734,1982-03-01,Masculino,Porto Alegre,RS,Ouro,2023-10-22T00:00:00Z
CUST-10673,100.000.673-50,Patricia Silva,patricia.silva17@example.com,+5511921264832,1985-10-10,Feminino,Salvador,BA,Clube Livelo 5k,2023-11-19T00:00:00Z
CUST-10674,100.000.674-31,Natan Rodrigues,natan.rodrigues40@example.com,+5511925023307,2001-12-17,Feminino,Fortaleza,CE,Clube Livelo 1k,2023-05-24T00:00:00Z
CUST-10675,100.000.675-12,Beatriz Souza,beatriz.souza50@example.com,+5511954196006,2002-12-13,Outro,Florianópolis,SC,Topázio,2024-08-15T00:00:00Z
CUST-10676,100.000.676-01,Daniel Ferreira,daniel.ferreira37@example.com,+5511946849119,1993-07-09,Outro,São Paulo,SP,Clube Livelo 20k,2023-07-01T00:00:00Z
CUST-10677,100.000.677-84,Lucas Fernandes,lucas.fernandes64@example.com,+5511973733841,1980-05-26,Feminino,Campinas,SP,Clube Livelo 20k,2024-01-03T00:00:00Z
CUST-10678,100.000.678-65,Ana Barbosa,ana.barbosa14@example.com,+5511998882124,1968-12-26,Outro,Curitiba,PR,Clube Livelo 1k,2023-07-20T00:00:00Z
CUST-10679,100.000.679-46,Vinicius Souza,vinicius.souza78@example.com,+5511941726640,1993-07-01,Masculino,Porto Alegre,RS,Clube Livelo 1k,2022-04-03T00:00:00Z
CUST-10680,100.000.680-80,Juliana Alves,juliana.alves30@example.com,+5511968900892,1985-11-14,Feminino,Porto Alegre,RS,Prata,2024-04-22T00:00:00Z
CUST-10681,100.000.681-60,Rafaela Carvalho,rafaela.carvalho52@example.com,+5511966689004,1971-03-23,Masculino,Fortaleza,CE,Prata,2022-12-27T00:00:00Z
CUST-10682,100.000.682-41,Larissa Costa,larissa.costa68@example.com,+5511913670974,1968-11-21,Feminino,Goiânia,GO,Clube Livelo 20k,2024-03-21T00:00:00Z
CUST-10683,100.000.683-22,Natan Alves,natan.alves90@example.com,+5511951009896,1985-10-03,Feminino,Belo Horizonte,MG,Topázio,2023-06-13T00:00:00Z
CUST-10684,100.000.684-03,Vanessa Barbosa,vanessa.barbosa97@example.com,+5511965071708,1985-08-16,Outro,Belo Horizonte,MG,Clube Livelo 1k,2022-06-27T00:00:00Z
CUST-10685,100.000.685-94,Patricia Gomes,patricia.gomes35@example.com,+5511921327835,1991-06-06,Masculino,Salvador,BA,Topázio,2022-01-22T00:00:00Z
CUST-10686,100.000.686-75,Caio Barbosa,caio.barbosa90@example.com,+5511940696566,1970-08-07,Masculino,Florianópolis,SC,Ouro,2022-02-20T00:00:00Z
CUST-10687,100.000.687-56,Beatriz Lima,beatriz.lima29@example.com,+5511921953600,1988-03-19,Feminino,São Paulo,SP,Clube Livelo 10k,2024-03-02T00:00:00Z
CUST-10688,100.000.688-37,Renato Lopes,renato.lopes25@example.com,+5511940129725,1978-04-28,Masculino,Porto Alegre,RS,Clube Livelo 20k,2023-01-27T00:00:00Z
CUST-10689,100.000.689-18,Beatriz Alves,beatriz.alves46@example.com,+5511935415894,1991-03-14,Feminino,São Paulo,SP,Clube Livelo 1k,2024-09-26T00:00:00Z
CUST-10690,100.000.690-51,Paulo Pereira,paulo.pereira57@example.com,+5511988235926,1994-02-01,Masculino,Belo Horizonte,MG,Clube Livelo 5k,2024-09-24T00:00:00Z
CUST-10691,100.000.691-32,Diego Martins,diego.martins64@example.com,+5511990154282,1981-02-04,Outro,São Paulo,SP,Bronze,2022-12-07T00:00:00Z
CUST-10692,100.000.692-13,Yasmin Ribeiro,yasmin.ribeiro87@example.com,+5511990293348,1967-01-09,Outro,Recife,PE,Clube Livelo 10k,2022-11-06T00:00:00Z
CUST-10693,100.000.693-02,Eduardo Fernandes,eduardo.fernandes15@example.com,+5511987911634,1976-05-06,Outro,Brasília,DF,Clube Livelo 5k,2024-06-17T00:00:00Z
CUST-10694,100.000.694-85,Lucas Soares,lucas.soares65@example.com,+5511929031501,1981-02-11,Feminino,Belo Horizonte,MG,Clube Livelo 20k,2024-06-11T00:00:00Z
CUST-10695,100.000.695-66,Larissa Ribeiro,larissa.ribeiro65@example.com,+5511947973618,1981-10-27,Masculino,Fortaleza,CE,Clube Livelo 5k,2023-03-23T00:00:00Z
CUST-10696,100.000.696-47,Larissa Lopes,larissa.lopes29@example.com,+5511984581396,1993-01-07,Feminino,São Paulo,SP,Topázio,2022-07-07T00:00:00Z
CUST-10697,100.000.697-28,Fernanda Almeida,fernanda.almeida65@example.com,+5511925572483,1996-01-15,Masculino,Florianópolis,SC,Clube Livelo 20k,2023-04-14T00:00:00Z
CUST-10698,100.000.698-09,Daniel Ribeiro,daniel.ribeiro21@example.com,+5511937344675,1983-03-27,Feminino,Florianópolis,SC,Clube Livelo 1k,2023-07-31T00:00:00Z
CUST-10699,100.000.699-90,Gabriel Vieira,gabriel.vieira10@example.com,+5511980600592,2001-03-14,Feminino,Curitiba,PR,Clube Livelo 20k,2023-11-25T00:00:00Z
CUST-10700,100.000.700-68,Ana Gomes,ana.gomes97@example.com,+5511926373347,1990-06-19,Feminino,Campinas,SP,Ouro,2022-01-30T00:00:00Z
CUST-10701,100.000.701-49,Paulo Lima,paulo.lima86@example.com,+5511998316111,1965-06-02,Outro,Recife,PE,Clube Livelo 20k,2022-11-29T00:00:00Z
CUST-10702,100.000.702-20,Eduardo Alves,eduardo.alves16@example.com,+5511996388439,1983-06-26,Feminino,Florianópolis,SC,Prata,2023-07-15T00:00:00Z
CUST-10703,100.000.703-00,Carla Martins,carla.martins42@example.com,+5511933892205,1980-07-03,Feminino,Curitiba,PR,Ouro,2023-02-02T00:00:00Z
CUST-10704,100.000.704-91,Caio Rodrigues,caio.rodrigues25@example.com,+5511950070254,1996-07-24,Masculino,Goiânia,GO,Ouro,2023-01-03T00:00:00Z
CUST-10705,100.000.705-72,Rodrigo Alves,rodrigo.alves72@example.com,+5511969786268,1989-08-09,Outro,Recife,PE,Clube Livelo 10k,2022-04-03T00:00:00Z
CUST-10706,100.000.706-53,Beatriz Ferreira,beatriz.ferreira65@example.com,+5511994649276,1992-02-02,Outro,Campinas,SP,Clube Livelo 20k,2023-11-24T00:00:00Z
CUST-10707,100.000.707-34,Yasmin Lopes,yasmin.lopes77@example.com,+5511994498056,1998-02-10,Masculino,Salvador,BA,Prata,2024-07-17T00:00:00Z
CUST-10708,100.000.708-15,Eduardo Rodrigues,eduardo.rodrigues97@example.com,+5511950320166,1980-09-14,Masculino,Recife,PE,Bronze,2023-07-19T00:00:00Z
CUST-10709,100.000.709-04,Rodrigo Souza,rodrigo.souza75@example.com,+5511967030927,1991-02-15,Outro,Florianópolis,SC,Clube Livelo 1k,2022-12-30T00:00:00Z
CUST-10710,100.000.710-30,Marcelo Soares,marcelo.soares12@example.com,+5511925292162,1994-03-26,Feminino,Salvador,BA,Bronze,2022-03-27T00:00:00Z
CUST-10711,100.000.711-10,Lucas Vieira,lucas.vieira68@example.com,+5511999960756,1993-10-26,Masculino,Campinas,SP,Ouro,2022-08-05T00:00:00Z
CUST-10712,100.000.712-00,Igor Souza,igor.souza65@example.com,+5511981722733,1966-01-13,Feminino,São Paulo,SP,Ouro,2023-11-03T00:00:00Z
CUST-10713,100.000.713-82,Vanessa Barbosa,vanessa.barbosa72@example.com,+5511950641125,1988-12-22,Outro,Goiânia,GO,Clube Livelo 10k,2024-04-03T00:00:00Z
CUST-10714,100.000.714-63,Eduardo Silva,eduardo.silva34@example.com,+5511925020641,1966-12-07,Feminino,Curitiba,PR,Clube Livelo 20k,2023-10-27T00:00:00Z
CUST-10715,100.000.715-44,Olivia Fernandes,olivia.fernandes34@example.com,+5511921555280,1984-08-05,Masculino,Salvador,BA,Bronze,2022-04-30T00:00:00Z
CUST-10716,100.000.716-25,Larissa Almeida,larissa.almeida72@example.com,+5511973282209,1966-08-19,Feminino,Curitiba,PR,Clube Livelo 1k,2023-08-07T00:00:00Z
CUST-10717,100.000.717-06,Bruno Costa,bruno.costa11@example.com,+5511923779264,1992-07-28,Masculino,Florianópolis,SC,Clube Livelo 1k,2022-02-07T00:00:00Z
CUST-10718,100.000.718-97,Rodrigo Vieira,rodrigo.vieira88@example.com,+5511975485030,1979-12-02,Outro,São Paulo,SP,Clube Livelo 10k,2023-08-14T00:00:00Z
CUST-10719,100.000.719-78,Igor Carvalho,igor.carvalho70@example.com,+5511925695520,1996-10-21,Masculino,Brasília,DF,Clube Livelo 10k,2022-01-22T00:00:00Z
CUST-10720,100.000.720-01,Rafaela Ribeiro,rafaela.ribeiro66@example.com,+5511941152352,1997-04-19,Outro,Campinas,SP,Clube Livelo 20k,2022-05-15T00:00:00Z
CUST-10721,100.000.721-92,Olivia Ribeiro,olivia.ribeiro70@example.com,+5511931746728,1978-05-23,Outro,Rio de Janeiro,RJ,Clube Livelo 20k,2022-05-13T00:00:00Z
CUST-10722,100.000.722-73,Beatriz Lopes,beatriz.lopes22@example.com,+5511965832475,1996-05-08,Feminino,Fortaleza,CE,Bronze,2022-01-19T00:00:00Z
CUST-10723,100.000.723-54,Mariana Ferreira,mariana.ferreira32@example.com,+5511977575794,1967-02-11,Masculino,Rio de Janeiro,RJ,Topázio,2022-05-04T00:00:00Z
CUST-10724,100.000.724-35,Igor Costa,igor.costa55@example.com,+5511916264794,2000-05-05,Outro,Fortaleza,CE,Prata,2023-12-25T00:00:00Z
CUST-10725,100.000.725-16,Patricia Almeida,patricia.almeida24@example.com,+5511924212564,1971-09-02,Outro,Rio de Janeiro,RJ,Ouro,2023-10-08T00:00:00Z
CUST-10726,100.000.726-05,Yasmin Ribeiro,yasmin.ribeiro30@example.com,+5511949208083,1993-09-16,Outro,Rio de Janeiro,RJ,Ouro,2023-10-25T00:00:00Z
CUST-10727,100.000.727-88,Daniel Alves,daniel.alves66@example.com,+5511965800998,1965-04-27,Masculino,Campinas,SP,Clube Livelo 1k,2023-06-02T00:00:00Z
CUST-10728,100.000.728-69,Mariana Carvalho,mariana.carvalho56@example.com,+5511994482060,1980-03-25,Outro,Salvador,BA,Topázio,2022-05-22T00:00:00Z
CUST-10729,100.000.729-40,Yasmin Carvalho,yasmin.carvalho68@example.com,+5511979277190,1988-01-15,Feminino,São Paulo,SP,Prata,2022-03-28T00:00:00Z
CUST-10730,100.000.730-83,Marcelo Ferreira,marcelo.ferreira65@example.com,+5511918250139,1990-01-22,Outro,Belo Horizonte,MG,Bronze,2023-10-09T00:00:00Z
CUST-10731,100.000.731-64,Juliana Carvalho,juliana.carvalho61@example.com,+5511984304333,1984-12-24,Masculino,Campinas,SP,Bronze,2024-04-26T00:00:00Z
CUST-10732,100.000.732-45,Beatriz Rodrigues,beatriz.rodrigues99@example.com,+5511964215650,1993-11-07,Outro,Recife,PE,Clube Livelo 20k,2023-12-16T00:00:00Z
CUST-10733,100.000.733-26,Marcelo Alves,marcelo.alves48@example.com,+5511921311994,1967-09-11,Masculino,Florianópolis,SC,Ouro,2023-06-17T00:00:00Z
CUST-10734,100.000.734-07,Gabriel Oliveira,gabriel.oliveira75@example.com,+5511984059443,1984-09-11,Outro,Belo Horizonte,MG,Bronze,2022-01-29T00:00:00Z
CUST-10735,100.000.735-98,Thiago Lima,thiago.lima40@example.com,+5511950794416,1992-09-04,Outro,São Paulo,SP,Clube Livelo 5k,2022-09-23T00:00:00Z
CUST-10736,100.000.736-79,Daniel Santos,daniel.santos93@example.com,+5511926743635,1993-05-19,Outro,São Paulo,SP,Clube Livelo 20k,2022-12-14T00:00:00Z
CUST-10737,100.000.737-50,Thiago Fernandes,thiago.fernandes86@example.com,+5511941385191,1987-05-10,Outro,Florianópolis,SC,Ouro,2024-01-02T00:00:00Z
CUST-10738,100.000.738-30,Daniel Costa,daniel.costa76@example.com,+5511988164250,1977-06-15,Feminino,Belo Horizonte,MG,Clube Livelo 10k,2024-04-28T00:00:00Z
CUST-10739,100.000.739-11,Bruno Carvalho,bruno.carvalho26@example.com,+5511973921605,1978-08-03,Masculino,Goiânia,GO,Clube Livelo 10k,2023-08-26T00:00:00Z
CUST-10740,100.000.740-55,Vanessa Lima,vanessa.lima84@example.com,+5511976951467,1992-08-23,Masculino,Florianópolis,SC,Clube Livelo 10k,2024-04-23T00:00:00Z
CUST-10741,100.000.741-36,Eduardo Lopes,eduardo.lopes68@example.com,+5511927365785,1997-09-04,Outro,Curitiba,PR,Clube Livelo 20k,2023-04-30T00:00:00Z
CUST-10742,100.000.742-17,Sofia Ribeiro,sofia.ribeiro25@example.com,+5511990745413,1991-02-04,Masculino,Recife,PE,Clube Livelo 1k,2022-02-11T00:00:00Z
CUST-10743,100.000.743-06,Mariana Gomes,mariana.gomes57@example.com,+5511950702879,1983-08-01,Feminino,Belo Horizonte,MG,Clube Livelo 10k,2022-02-19T00:00:00Z
CUST-10744,100.000.744-89,Vinicius Gomes,vinicius.gomes37@example.com,+5511934572196,1996-01-04,Outro,Campinas,SP,Prata,2024-06-10T00:00:00Z
CUST-10745,100.000.745-60,Thiago Gomes,thiago.gomes82@example.com,+5511970716667,1986-07-16,Outro,Recife,PE,Ouro,2024-02-20T00:00:00Z
CUST-10746,100.000.746-40,Marcelo Almeida,marcelo.almeida95@example.com,+5511970273791,1974-12-11,Feminino,Recife,PE,Clube Livelo 10k,2023-02-01T00:00:00Z
CUST-10747,100.000.747-21,Lucas Fernandes,lucas.fernandes15@example.com,+5511999985448,1993-12-09,Outro,Rio de Janeiro,RJ,Ouro,2023-12-26T00:00:00Z
CUST-10748,100.000.748-02,Sofia Souza,sofia.souza92@example.com,+5511985075065,1970-04-20,Outro,Recife,PE,Bronze,2024-09-07T00:00:00Z
CUST-10749,100.000.749-93,Marcelo Lopes,marcelo.lopes74@example.com,+5511912505049,1972-11-18,Feminino,São Paulo,SP,Clube Livelo 1k,2024-03-16T00:00:00Z
CUST-10750,100.000.750-27,Paulo Oliveira,paulo.oliveira78@example.com,+5511991450675,1985-07-19,Feminino,Brasília,DF,Bronze,2022-12-15T00:00:00Z
CUST-10751,100.000.751-08,Ana Soares,ana.soares50@example.com,+5511961272646,1981-02-04,Feminino,Fortaleza,CE,Ouro,2022-10-20T00:00:00Z
CUST-10752,100.000.752-99,Marcelo Oliveira,marcelo.oliveira29@example.com,+5511951177222,1991-11-06,Feminino,Recife,PE,Clube Livelo 5k,2022-07-05T00:00:00Z
CUST-10753,100.000.753-70,Juliana Martins,juliana.martins22@example.com,+5511952955238,1974-07-11,Masculino,Salvador,BA,Prata,2022-02-23T00:00:00Z
CUST-10754,100.000.754-50,Thiago Pereira,thiago.pereira73@example.com,+5511978265991,1997-07-04,Masculino,São Paulo,SP,Clube Livelo 5k,2023-04-21T00:00:00Z
CUST-10755,100.000.755-31,Rafaela Silva,rafaela.silva62@example.com,+5511995032473,1979-01-09,Outro,Recife,PE,Prata,2022-09-10T00:00:00Z
CUST-10756,100.000.756-12,Juliana Vieira,juliana.vieira62@example.com,+5511969858725,1970-11-17,Feminino,Belo Horizonte,MG,Clube Livelo 5k,2023-07-08T00:00:00Z
CUST-10757,100.000.757-01,Sofia Carvalho,sofia.carvalho81@example.com,+5511970631785,1967-01-27,Masculino,Recife,PE,Clube Livelo 1k,2023-10-31T00:00:00Z
CUST-10758,100.000.758-84,Bruno Lopes,bruno.lopes44@example.com,+5511990244451,1981-11-13,Masculino,Goiânia,GO,Topázio,2023-08-23T00:00:00Z
CUST-10759,100.000.759-65,Bruno Ferreira,bruno.ferreira78@example.com,+5511985575530,1969-05-03,Masculino,Florianópolis,SC,Prata,2024-04-30T00:00:00Z
CUST-10760,100.000.760-07,Igor Carvalho,igor.carvalho36@example.com,+5511991932582,1997-06-22,Masculino,Goiânia,GO,Clube Livelo 1k,2024-02-10T00:00:00Z
CUST-10761,100.000.761-80,Helena Costa,helena.costa53@example.com,+5511938269460,1994-10-11,Feminino,Florianópolis,SC,Ouro,2023-10-24T00:00:00Z
CUST-10762,100.000.762-60,Rafaela Silva,rafaela.silva11@example.com,+5511933291610,1991-09-23,Outro,Brasília,DF,Clube Livelo 10k,2023-07-06T00:00:00Z
CUST-10763,100.000.763-41,Sofia Silva,sofia.silva95@example.com,+5511969750614,1972-06-27,Masculino,Recife,PE,Clube Livelo 5k,2023-02-01T00:00:00Z
CUST-10764,100.000.764-22,Daniel Almeida,daniel.almeida57@example.com,+5511935902794,1993-01-08,Outro,São Paulo,SP,Clube Livelo 1k,2023-11-28T00:00:00Z
CUST-10765,100.000.765-03,Gabriel Oliveira,gabriel.oliveira88@example.com,+5511993917830,1984-12-08,Feminino,Brasília,DF,Clube Livelo 5k,2022-02-07T00:00:00Z
CUST-10766,100.000.766-94,Gabriel Silva,gabriel.silva35@example.com,+5511995689443,1990-02-28,Masculino,Recife,PE,Clube Livelo 20k,2022-06-24T00:00:00Z
CUST-10767,100.000.767-75,Camila Barbosa,camila.barbosa82@example.com,+5511933559082,1969-10-05,Outro,Rio de Janeiro,RJ,Ouro,2022-09-23T00:00:00Z
CUST-10768,100.000.768-56,Vinicius Soares,vinicius.soares45@example.com,+5511935749878,1966-12-22,Outro,Recife,PE,Clube Livelo 1k,2023-11-29T00:00:00Z
CUST-10769,100.000.769-37,Ana Carvalho,ana.carvalho92@example.com,+5511997245556,1968-06-14,Masculino,Porto Alegre,RS,Prata,2023-11-28T00:00:00Z
CUST-10770,100.000.770-70,Mariana Soares,mariana.soares15@example.com,+5511940138350,1968-05-14,Outro,Brasília,DF,Clube Livelo 5k,2022-01-06T00:00:00Z
CUST-10771,100.000.771-51,Carla Vieira,carla.vieira13@example.com,+5511940283277,1992-02-08,Feminino,Belo Horizonte,MG,Clube Livelo 5k,2022-11-15T00:00:00Z
CUST-10772,100.000.772-32,Ana Lopes,ana.lopes65@example.com,+5511913224383,2002-11-11,Masculino,Curitiba,PR,Prata,2023-04-30T00:00:00Z
CUST-10773,100.000.773-13,Renato Santos,renato.santos52@example.com,+5511979749603,1980-02-25,Outro,Recife,PE,Clube Livelo 20k,2024-02-22T00:00:00Z
CUST-10774,100.000.774-02,Thiago Souza,thiago.souza20@example.com,+5511918145263,1967-07-11,Outro,Rio de Janeiro,RJ,Ouro,2022-03-05T00:00:00Z
CUST-10775,100.000.775-85,Bruno Gomes,bruno.gomes88@example.com,+5511994045156,1992-02-04,Outro,São Paulo,SP,Bronze,2022-10-29T00:00:00Z
CUST-10776,100.000.776-66,Daniel Barbosa,daniel.barbosa62@example.com,+5511941287760,1965-08-13,Masculino,Salvador,BA,Prata,2022-12-14T00:00:00Z
CUST-10777,100.000.777-47,Paulo Soares,paulo.soares52@example.com,+5511988894973,1977-02-04,Feminino,Recife,PE,Prata,2023-08-31T00:00:00Z
CUST-10778,100.000.778-28,Vinicius Vieira,vinicius.vieira26@example.com,+5511995545512,1997-05-12,Masculino,Brasília,DF,Clube Livelo 20k,2022-07-10T00:00:00Z
CUST-10779,100.000.779-09,Bruno Rodrigues,bruno.rodrigues49@example.com,+5511988453254,1992-09-21,Masculino,Porto Alegre,RS,Ouro,2022-05-31T00:00:00Z
CUST-10780,100.000.780-42,Lucas Gomes,lucas.gomes57@example.com,+5511911084726,1998-10-22,Outro,Belo Horizonte,MG,Bronze,2022-09-01T00:00:00Z
CUST-10781,100.000.781-23,Vanessa Santos,vanessa.santos64@example.com,+5511956146216,1977-04-21,Feminino,Rio de Janeiro,RJ,Clube Livelo 5k,2022-07-13T00:00:00Z
CUST-10782,100.000.782-04,Beatriz Costa,beatriz.costa84@example.com,+5511985980240,1986-10-10,Masculino,Campinas,SP,Ouro,2022-04-18T00:00:00Z
CUST-10783,100.000.783-95,Rafaela Pereira,rafaela.pereira10@example.com,+5511995733862,1979-12-08,Masculino,Recife,PE,Topázio,2022-09-02T00:00:00Z
CUST-10784,100.000.784-76,Patricia Martins,patricia.martins36@example.com,+5511963729043,1976-01-12,Feminino,Rio de Janeiro,RJ,Clube Livelo 5k,2022-01-31T00:00:00Z
CUST-10785,100.000.785-57,Juliana Almeida,juliana.almeida34@example.com,+5511994736292,2002-06-02,Feminino,Curitiba,PR,Topázio,2022-10-18T00:00:00Z
CUST-10786,100.000.786-38,Larissa Ferreira,larissa.ferreira53@example.com,+5511984424395,1980-03-07,Feminino,Belo Horizonte,MG,Clube Livelo 1k,2024-07-21T00:00:00Z
CUST-10787,100.000.787-19,Natan Souza,natan.souza53@example.com,+5511938217583,1984-08-08,Masculino,Campinas,SP,Ouro,2024-08-21T00:00:00Z
CUST-10788,100.000.788-08,Vinicius Carvalho,vinicius.carvalho18@example.com,+5511925903904,1974-03-26,Feminino,Curitiba,PR,Clube Livelo 10k,2023-12-13T00:00:00Z
CUST-10789,100.000.789-80,Olivia Pereira,olivia.pereira15@example.com,+5511992681879,2002-04-28,Outro,Porto Alegre,RS,Ouro,2022-12-02T00:00:00Z
CUST-10790,100.000.790-14,Vanessa Rodrigues,vanessa.rodrigues75@example.com,+5511988394188,1996-04-24,Feminino,Brasília,DF,Prata,2022-06-21T00:00:00Z
CUST-10791,100.000.791-03,Mariana Lopes,mariana.lopes76@example.com,+5511972312899,1976-06-23,Masculino,Fortaleza,CE,Clube Livelo 20k,2024-01-03T00:00:00Z
CUST-10792,100.000.792-86,Igor Vieira,igor.vieira61@example.com,+5511995645083,2002-11-02,Feminino,Curitiba,PR,Topázio,2023-04-08T00:00:00Z
CUST-10793,100.000.793-67,Gabriel Gomes,gabriel.gomes64@example.com,+5511960611218,2001-03-27,Masculino,Porto Alegre,RS,Prata,2022-05-18T00:00:00Z
CUST-10794,100.000.794-48,Paulo Soares,paulo.soares55@example.com,+5511940893911,2002-01-15,Outro,Recife,PE,Clube Livelo 5k,2023-03-13T00:00:00Z
CUST-10795,100.000.795-29,Olivia Ribeiro,olivia.ribeiro73@example.com,+5511952549761,1982-07-01,Feminino,Brasília,DF,Topázio,2022-09-29T00:00:00Z
CUST-10796,100.000.796-00,Vinicius Oliveira,vinicius.oliveira47@example.com,+5511977345747,1997-09-21,Feminino,Porto Alegre,RS,Topázio,2022-04-11T00:00:00Z
CUST-10797,100.000.797-90,Bruno Fernandes,bruno.fernandes35@example.com,+5511954796219,1977-11-11,Masculino,Porto Alegre,RS,Clube Livelo 1k,2022-07-15T00:00:00Z
CUST-10798,100.000.798-71,Vanessa Fernandes,vanessa.fernandes43@example.com,+5511911145397,1984-05-27,Masculino,Salvador,BA,Clube Livelo 10k,2024-04-21T00:00:00Z
CUST-10799,100.000.799-52,Rafaela Soares,rafaela.soares29@example.com,+5511963352256,1979-04-24,Outro,Curitiba,PR,Clube Livelo 20k,2022-08-28T00:00:00Z
CUST-10800,100.000.800-20,Marcelo Almeida,marcelo.almeida69@example.com,+5511955722553,1970-06-28,Feminino,Salvador,BA,Clube Livelo 10k,2022-08-03T00:00:00Z
CUST-10801,100.000.801-01,Ana Ribeiro,ana.ribeiro27@example.com,+5511987511871,1973-05-24,Feminino,Brasília,DF,Clube Livelo 5k,2022-12-14T00:00:00Z
CUST-10802,100.000.802-92,Camila Martins,camila.martins98@example.com,+5511982155988,1984-06-19,Feminino,Recife,PE,Bronze,2024-08-02T00:00:00Z
CUST-10803,100.000.803-73,Thiago Barbosa,thiago.barbosa87@example.com,+5511987024699,1990-07-07,Masculino,Rio de Janeiro,RJ,Clube Livelo 10k,2022-07-12T00:00:00Z
CUST-10804,100.000.804-54,Thiago Almeida,thiago.almeida91@example.com,+5511950888822,1970-03-04,Outro,Fortaleza,CE,Ouro,2022-02-02T00:00:00Z
CUST-10805,100.000.805-35,Rafaela Silva,rafaela.silva33@example.com,+5511936709158,1969-07-10,Feminino,Curitiba,PR,Clube Livelo 1k,2023-11-07T00:00:00Z
CUST-10806,100.000.806-16,Bruno Ribeiro,bruno.ribeiro76@example.com,+5511911482715,1975-06-28,Masculino,Salvador,BA,Ouro,2022-04-24T00:00:00Z
CUST-10807,100.000.807-05,Rafaela Oliveira,rafaela.oliveira59@example.com,+5511937713235,1973-04-10,Masculino,Florianópolis,SC,Clube Livelo 20k,2022-06-12T00:00:00Z
CUST-10808,100.000.808-88,Thiago Alves,thiago.alves74@example.com,+5511971600090,1982-04-01,Feminino,Brasília,DF,Prata,2024-04-24T00:00:00Z
CUST-10809,100.000.809-69,Rodrigo Costa,rodrigo.costa82@example.com,+5511975895351,1994-08-19,Feminino,Florianópolis,SC,Prata,2022-10-22T00:00:00Z
CUST-10810,100.000.810-00,Mariana Gomes,mariana.gomes60@example.com,+5511992279159,1976-07-08,Feminino,Recife,PE,Clube Livelo 10k,2023-04-14T00:00:00Z
CUST-10811,100.000.811-83,Diego Vieira,diego.vieira22@example.com,+5511962821563,1967-04-28,Feminino,Porto Alegre,RS,Clube Livelo 1k,2023-11-14T00:00:00Z
CUST-10812,100.000.812-64,Yasmin Lopes,yasmin.lopes62@example.com,+5511984198767,1972-06-03,Feminino,Fortaleza,CE,Clube Livelo 5k,2023-02-24T00:00:00Z
CUST-10813,100.000.813-45,Gabriel Soares,gabriel.soares15@example.com,+5511972031070,1966-02-21,Outro,Goiânia,GO,Clube Livelo 20k,2023-01-26T00:00:00Z
CUST-10814,100.000.814-26,Vanessa Alves,vanessa.alves60@example.com,+5511915070029,1965-05-04,Outro,Belo Horizonte,MG,Clube Livelo 5k,2023-11-18T00:00:00Z
CUST-10815,100.000.815-07,Paulo Oliveira,paulo.oliveira20@example.com,+5511983608832,1980-12-15,Feminino,Brasília,DF,Clube Livelo 1k,2024-05-11T00:00:00Z
CUST-10816,100.000.816-98,Beatriz Souza,beatriz.souza32@example.com,+5511949479427,1972-09-24,Masculino,Belo Horizonte,MG,Prata,2023-11-19T00:00:00Z
CUST-10817,100.000.817-79,Eduardo Almeida,eduardo.almeida55@example.com,+5511933882733,1978-12-02,Outro,Fortaleza,CE,Topázio,2023-03-29T00:00:00Z
CUST-10818,100.000.818-50,Caio Souza,caio.souza59@example.com,+5511951382580,1993-01-20,Feminino,São Paulo,SP,Clube Livelo 10k,2024-02-25T00:00:00Z
CUST-10819,100.000.819-30,Mariana Pereira,mariana.pereira35@example.com,+5511922265679,1966-07-01,Feminino,Campinas,SP,Topázio,2023-11-28T00:00:00Z
CUST-10820,100.000.820-74,Vinicius Souza,vinicius.souza95@example.com,+5511932532859,1975-01-14,Outro,Rio de Janeiro,RJ,Clube Livelo 5k,2022-11-27T00:00:00Z
CUST-10821,100.000.821-55,Beatriz Alves,beatriz.alves79@example.com,+5511963024581,1992-02-08,Feminino,Rio de Janeiro,RJ,Clube Livelo 5k,2022-11-28T00:00:00Z
CUST-10822,100.000.822-36,Caio Costa,caio.costa11@example.com,+5511962235749,1978-08-08,Feminino,Goiânia,GO,Clube Livelo 1k,2023-10-28T00:00:00Z
CUST-10823,100.000.823-17,Carla Alves,carla.alves62@example.com,+5511950471241,1996-02-23,Outro,Recife,PE,Ouro,2022-09-15T00:00:00Z
CUST-10824,100.000.824-06,Lucas Martins,lucas.martins96@example.com,+5511927841755,1986-03-21,Outro,Campinas,SP,Clube Livelo 20k,2022-03-11T00:00:00Z
CUST-10825,100.000.825-89,Yasmin Vieira,yasmin.vieira67@example.com,+5511961321020,1997-11-24,Feminino,Fortaleza,CE,Bronze,2022-08-27T00:00:00Z
CUST-10826,100.000.826-60,Juliana Pereira,juliana.pereira64@example.com,+5511942688154,1970-01-05,Masculino,Brasília,DF,Clube Livelo 1k,2022-07-26T00:00:00Z
CUST-10827,100.000.827-40,Caio Santos,caio.santos40@example.com,+5511990272292,1993-12-11,Feminino,Porto Alegre,RS,Clube Livelo 5k,2023-10-22T00:00:00Z
CUST-10828,100.000.828-21,Rodrigo Carvalho,rodrigo.carvalho92@example.com,+5511948715788,1966-04-28,Outro,Campinas,SP,Clube Livelo 5k,2022-09-06T00:00:00Z
CUST-10829,100.000.829-02,Yasmin Pereira,yasmin.pereira97@example.com,+5511939855935,1989-09-11,Feminino,Brasília,DF,Bronze,2022-03-08T00:00:00Z
CUST-10830,100.000.830-46,Gabriel Santos,gabriel.santos91@example.com,+5511928996104,1978-03-03,Feminino,Recife,PE,Topázio,2022-08-30T00:00:00Z
CUST-10831,100.000.831-27,Larissa Almeida,larissa.almeida49@example.com,+5511932033022,1977-04-14,Feminino,Recife,PE,Topázio,2022-11-07T00:00:00Z
CUST-10832,100.000.832-08,Caio Alves,caio.alves44@example.com,+5511974581639,1970-06-13,Masculino,Belo Horizonte,MG,Clube Livelo 20k,2023-03-28T00:00:00Z
CUST-10833,100.000.833-99,Larissa Carvalho,larissa.carvalho29@example.com,+5511974693042,1966-07-14,Feminino,Porto Alegre,RS,Ouro,2023-07-21T00:00:00Z
CUST-10834,100.000.834-70,Natan Almeida,natan.almeida49@example.com,+5511970881578,1983-07-18,Outro,Brasília,DF,Prata,2022-12-08T00:00:00Z
CUST-10835,100.000.835-50,Gabriel Rodrigues,gabriel.rodrigues34@example.com,+5511910561104,1965-09-24,Outro,Campinas,SP,Clube Livelo 20k,2023-02-19T00:00:00Z
CUST-10836,100.000.836-31,Larissa Ribeiro,larissa.ribeiro59@example.com,+5511975706438,1984-11-19,Feminino,Salvador,BA,Bronze,2024-08-01T00:00:00Z
CUST-10837,100.000.837-12,Fernanda Alves,fernanda.alves65@example.com,+5511944260204,1987-09-23,Masculino,Goiânia,GO,Clube Livelo 5k,2023-12-15T00:00:00Z
CUST-10838,100.000.838-01,Yasmin Carvalho,yasmin.carvalho41@example.com,+5511942528051,1995-01-27,Masculino,Goiânia,GO,Bronze,2023-12-16T00:00:00Z
CUST-10839,100.000.839-84,Igor Barbosa,igor.barbosa68@example.com,+5511929779316,1981-04-20,Outro,Goiânia,GO,Ouro,2022-01-13T00:00:00Z
CUST-10840,100.000.840-18,Caio Martins,caio.martins60@example.com,+5511988673120,1970-09-07,Masculino,Belo Horizonte,MG,Clube Livelo 10k,2022-09-16T00:00:00Z
CUST-10841,100.000.841-07,Sofia Martins,sofia.martins85@example.com,+5511951336223,1991-12-28,Feminino,Rio de Janeiro,RJ,Clube Livelo 5k,2024-04-13T00:00:00Z
CUST-10842,100.000.842-80,Yasmin Martins,yasmin.martins99@example.com,+5511951352528,1965-03-27,Masculino,São Paulo,SP,Prata,2022-03-13T00:00:00Z
CUST-10843,100.000.843-60,Rodrigo Carvalho,rodrigo.carvalho93@example.com,+5511948700374,1992-03-06,Masculino,Belo Horizonte,MG,Ouro,2022-07-22T00:00:00Z
CUST-10844,100.000.844-41,Daniel Almeida,daniel.almeida82@example.com,+5511938531115,1976-04-02,Outro,Belo Horizonte,MG,Topázio,2022-09-23T00:00:00Z
CUST-10845,100.000.845-22,Paulo Barbosa,paulo.barbosa23@example.com,+5511995420677,1975-02-10,Feminino,Salvador,BA,Prata,2022-10-11T00:00:00Z
CUST-10846,100.000.846-03,Thiago Pereira,thiago.pereira71@example.com,+5511975121683,1971-01-02,Masculino,São Paulo,SP,Bronze,2022-04-10T00:00:00Z
CUST-10847,100.000.847-94,Natan Barbosa,natan.barbosa76@example.com,+5511945679876,1996-08-25,Masculino,Recife,PE,Clube Livelo 10k,2022-12-11T00:00:00Z
CUST-10848,100.000.848-75,Lucas Pereira,lucas.pereira56@example.com,+5511999265296,1990-07-20,Feminino,Campinas,SP,Clube Livelo 5k,2024-04-05T00:00:00Z
CUST-10849,100.000.849-56,Vanessa Martins,vanessa.martins27@example.com,+5511913446768,1972-09-09,Outro,Curitiba,PR,Clube Livelo 5k,2023-04-08T00:00:00Z
CUST-10850,100.000.850-90,Rodrigo Carvalho,rodrigo.carvalho94@example.com,+5511935224200,1965-11-27,Masculino,São Paulo,SP,Clube Livelo 5k,2024-06-13T00:00:00Z
CUST-10851,100.000.851-70,Camila Almeida,camila.almeida39@example.com,+5511991438353,1996-07-24,Outro,Rio de Janeiro,RJ,Clube Livelo 5k,2023-03-15T00:00:00Z
CUST-10852,100.000.852-51,Camila Souza,camila.souza59@example.com,+5511949441620,1977-12-05,Outro,Recife,PE,Bronze,2022-05-11T00:00:00Z
CUST-10853,100.000.853-32,Juliana Fernandes,juliana.fernandes69@example.com,+5511932555671,1993-02-16,Outro,Fortaleza,CE,Topázio,2022-09-07T00:00:00Z
CUST-10854,100.000.854-13,Daniel Carvalho,daniel.carvalho13@example.com,+5511931506414,1985-07-25,Masculino,Curitiba,PR,Clube Livelo 1k,2023-11-13T00:00:00Z
CUST-10855,100.000.855-02,Camila Rodrigues,camila.rodrigues78@example.com,+5511995033398,1996-02-26,Outro,Campinas,SP,Topázio,2024-08-12T00:00:00Z
CUST-10856,100.000.856-85,Carla Costa,carla.costa58@example.com,+5511961224263,2000-07-26,Feminino,Curitiba,PR,Clube Livelo 1k,2022-04-29T00:00:00Z
CUST-10857,100.000.857-66,Carla Costa,carla.costa85@example.com,+5511935253920,1972-10-12,Feminino,Campinas,SP,Clube Livelo 10k,2023-08-14T00:00:00Z
CUST-10858,100.000.858-47,Bruno Vieira,bruno.vieira78@example.com,+5511935482265,1989-07-11,Masculino,Goiânia,GO,Ouro,2023-06-17T00:00:00Z
CUST-10859,100.000.859-28,Helena Souza,helena.souza60@example.com,+5511911233262,1999-08-11,Feminino,Porto Alegre,RS,Topázio,2023-05-27T00:00:00Z
CUST-10860,100.000.860-61,Beatriz Gomes,beatriz.gomes28@example.com,+5511999301859,1967-10-11,Masculino,Fortaleza,CE,Prata,2022-10-08T00:00:00Z
CUST-10861,100.000.861-42,Rafaela Alves,rafaela.alves73@example.com,+5511949123810,1989-01-26,Masculino,Belo Horizonte,MG,Topázio,2024-05-18T00:00:00Z
CUST-10862,100.000.862-23,Diego Santos,diego.santos32@example.com,+5511975431766,1990-05-27,Outro,Belo Horizonte,MG,Bronze,2023-07-16T00:00:00Z
CUST-10863,100.000.863-04,Camila Lopes,camila.lopes54@example.com,+5511962527814,1990-02-17,Outro,Porto Alegre,RS,Clube Livelo 1k,2023-12-15T00:00:00Z
CUST-10864,100.000.864-95,Natan Souza,natan.souza26@example.com,+5511953408507,2002-01-28,Outro,Porto Alegre,RS,Clube Livelo 20k,2023-11-02T00:00:00Z
CUST-10865,100.000.865-76,Paulo Lopes,paulo.lopes47@example.com,+5511929437798,1978-04-26,Outro,Curitiba,PR,Bronze,2023-01-06T00:00:00Z
CUST-10866,100.000.866-57,Daniel Rodrigues,daniel.rodrigues58@example.com,+5511967325876,1975-01-04,Masculino,Brasília,DF,Ouro,2024-08-25T00:00:00Z
CUST-10867,100.000.867-38,Caio Costa,caio.costa85@example.com,+5511968226527,1974-11-24,Masculino,Curitiba,PR,Bronze,2022-05-02T00:00:00Z
CUST-10868,100.000.868-19,Juliana Barbosa,juliana.barbosa32@example.com,+5511997616925,1989-12-26,Outro,Goiânia,GO,Prata,2024-03-07T00:00:00Z
CUST-10869,100.000.869-08,Igor Almeida,igor.almeida57@example.com,+5511911557250,1972-02-03,Feminino,Brasília,DF,Topázio,2022-01-24T00:00:00Z
CUST-10870,100.000.870-33,Rafaela Lima,rafaela.lima98@example.com,+5511922690720,2002-03-13,Masculino,Goiânia,GO,Clube Livelo 10k,2022-11-02T00:00:00Z
CUST-10871,100.000.871-14,Lucas Oliveira,lucas.oliveira78@example.com,+5511934815495,1990-12-01,Masculino,Fortaleza,CE,Clube Livelo 20k,2022-03-07T00:00:00Z
CUST-10872,100.000.872-03,Sofia Souza,sofia.souza36@example.com,+5511998393430,1972-03-28,Outro,Florianópolis,SC,Ouro,2022-01-06T00:00:00Z
CUST-10873,100.000.873-86,Daniel Santos,daniel.santos26@example.com,+5511987186069,1978-11-06,Feminino,Fortaleza,CE,Clube Livelo 1k,2024-05-21T00:00:00Z
CUST-10874,100.000.874-67,Daniel Soares,daniel.soares48@example.com,+5511958796148,1999-03-14,Outro,São Paulo,SP,Topázio,2022-11-04T00:00:00Z
CUST-10875,100.000.875-48,Vinicius Gomes,vinicius.gomes94@example.com,+5511981686010,1993-03-19,Masculino,Florianópolis,SC,Clube Livelo 5k,2023-06-20T00:00:00Z
CUST-10876,100.000.876-29,Beatriz Fernandes,beatriz.fernandes75@example.com,+5511938164181,1971-11-27,Feminino,Curitiba,PR,Bronze,2022-07-12T00:00:00Z
CUST-10877,100.000.877-00,Eduardo Barbosa,eduardo.barbosa80@example.com,+5511938996393,2002-06-09,Feminino,Florianópolis,SC,Clube Livelo 10k,2022-03-18T00:00:00Z
CUST-10878,100.000.878-90,Natan Ferreira,natan.ferreira61@example.com,+5511971212377,1970-05-22,Masculino,Florianópolis,SC,Ouro,2023-07-03T00:00:00Z
CUST-10879,100.000.879-71,Caio Alves,caio.alves57@example.com,+5511985650769,1997-10-06,Masculino,Belo Horizonte,MG,Clube Livelo 5k,2024-03-17T00:00:00Z
CUST-10880,100.000.880-05,Beatriz Pereira,beatriz.pereira19@example.com,+5511946255595,1972-09-04,Outro,Fortaleza,CE,Clube Livelo 10k,2022-03-09T00:00:00Z
CUST-10881,100.000.881-96,Mariana Costa,mariana.costa44@example.com,+5511929640030,1979-05-01,Feminino,Salvador,BA,Topázio,2023-01-23T00:00:00Z
CUST-10882,100.000.882-77,Fernanda Soares,fernanda.soares49@example.com,+5511989031028,1996-02-17,Masculino,Florianópolis,SC,Clube Livelo 1k,2023-07-19T00:00:00Z
CUST-10883,100.000.883-58,Vinicius Santos,vinicius.santos31@example.com,+5511952680752,1989-03-12,Outro,Goiânia,GO,Clube Livelo 10k,2023-05-04T00:00:00Z
CUST-10884,100.000.884-39,Ana Soares,ana.soares29@example.com,+5511998256603,1973-03-13,Outro,Florianópolis,SC,Clube Livelo 1k,2022-02-24T00:00:00Z
CUST-10885,100.000.885-10,Diego Pereira,diego.pereira96@example.com,+5511991698732,1991-12-15,Feminino,Brasília,DF,Clube Livelo 5k,2024-03-28T00:00:00Z
CUST-10886,100.000.886-09,Igor Carvalho,igor.carvalho76@example.com,+5511940704198,1984-11-28,Feminino,Porto Alegre,RS,Clube Livelo 10k,2024-02-29T00:00:00Z
CUST-10887,100.000.887-81,Caio Oliveira,caio.oliveira19@example.com,+5511942217185,1970-03-19,Feminino,Rio de Janeiro,RJ,Clube Livelo 1k,2023-07-22T00:00:00Z
CUST-10888,100.000.888-62,Olivia Soares,olivia.soares27@example.com,+5511974378331,1996-09-22,Outro,Fortaleza,CE,Prata,2023-02-20T00:00:00Z
CUST-10889,100.000.889-43,Yasmin Silva,yasmin.silva64@example.com,+5511981715863,1987-04-24,Outro,Fortaleza,CE,Bronze,2023-09-14T00:00:00Z
CUST-10890,100.000.890-87,Camila Soares,camila.soares38@example.com,+5511933463164,1969-06-27,Feminino,Fortaleza,CE,Clube Livelo 5k,2024-09-02T00:00:00Z
CUST-10891,100.000.891-68,Natan Ferreira,natan.ferreira57@example.com,+5511925197944,1986-11-08,Outro,Rio de Janeiro,RJ,Clube Livelo 1k,2022-11-03T00:00:00Z
CUST-10892,100.000.892-49,Gabriel Silva,gabriel.silva90@example.com,+5511986348673,1990-04-10,Outro,Fortaleza,CE,Bronze,2024-08-15T00:00:00Z
CUST-10893,100.000.893-20,Vanessa Lopes,vanessa.lopes17@example.com,+5511957747160,1965-10-15,Masculino,Porto Alegre,RS,Clube Livelo 5k,2022-04-20T00:00:00Z
CUST-10894,100.000.894-00,Natan Ribeiro,natan.ribeiro11@example.com,+5511923601326,1992-08-07,Feminino,Fortaleza,CE,Ouro,2023-02-25T00:00:00Z
CUST-10895,100.000.895-91,Ana Rodrigues,ana.rodrigues94@example.com,+5511943572518,1979-08-13,Masculino,Porto Alegre,RS,Clube Livelo 5k,2023-03-15T00:00:00Z
CUST-10896,100.000.896-72,Patricia Lima,patricia.lima23@example.com,+5511968864146,1993-03-05,Masculino,Florianópolis,SC,Clube Livelo 10k,2022-01-06T00:00:00Z
CUST-10897,100.000.897-53,Daniel Alves,daniel.alves46@example.com,+5511915403110,1973-07-14,Outro,Campinas,SP,Bronze,2022-06-14T00:00:00Z
CUST-10898,100.000.898-34,Camila Lima,camila.lima25@example.com,+5511966518457,1996-09-16,Outro,Florianópolis,SC,Ouro,2022-11-29T00:00:00Z
CUST-10899,100.000.899-15,Rodrigo Martins,rodrigo.martins26@example.com,+5511924728084,1971-01-05,Feminino,Campinas,SP,Bronze,2024-02-25T00:00:00Z
CUST-10900,100.000.900-93,Camila Costa,camila.costa64@example.com,+5511990139636,1965-07-16,Masculino,Porto Alegre,RS,Clube Livelo 20k,2022-03-26T00:00:00Z
CUST-10901,100.000.901-74,Beatriz Rodrigues,beatriz.rodrigues75@example.com,+5511935079956,1980-05-25,Feminino,Porto Alegre,RS,Topázio,2023-11-14T00:00:00Z
CUST-10902,100.000.902-55,Rafaela Souza,rafaela.souza99@example.com,+5511977422120,1976-04-28,Outro,Goiânia,GO,Ouro,2022-08-23T00:00:00Z
CUST-10903,100.000.903-36,Bruno Lima,bruno.lima34@example.com,+5511929623857,1992-01-20,Feminino,Rio de Janeiro,RJ,Bronze,2023-01-25T00:00:00Z
CUST-10904,100.000.904-17,Diego Pereira,diego.pereira38@example.com,+5511955121027,1992-08-02,Outro,Salvador,BA,Bronze,2022-11-08T00:00:00Z
CUST-10905,100.000.905-06,Igor Ribeiro,igor.ribeiro63@example.com,+5511943147569,1985-01-06,Feminino,São Paulo,SP,Bronze,2023-11-08T00:00:00Z
CUST-10906,100.000.906-89,Juliana Lopes,juliana.lopes45@example.com,+5511991405981,1971-07-06,Masculino,Brasília,DF,Clube Livelo 5k,2022-12-09T00:00:00Z
CUST-10907,100.000.907-60,Camila Silva,camila.silva97@example.com,+5511984057077,1973-06-12,Outro,Campinas,SP,Clube Livelo 5k,2022-09-01T00:00:00Z
CUST-10908,100.000.908-40,Thiago Martins,thiago.martins21@example.com,+5511924276138,1973-11-24,Outro,Rio de Janeiro,RJ,Bronze,2023-08-24T00:00:00Z
CUST-10909,100.000.909-21,Gabriel Almeida,gabriel.almeida22@example.com,+5511920050169,1999-10-11,Masculino,Florianópolis,SC,Clube Livelo 20k,2024-02-19T00:00:00Z
CUST-10910,100.000.910-65,Bruno Rodrigues,bruno.rodrigues34@example.com,+5511966131539,2000-12-09,Outro,Campinas,SP,Clube Livelo 5k,2023-04-05T00:00:00Z
CUST-10911,100.000.911-46,Yasmin Carvalho,yasmin.carvalho18@example.com,+5511974803086,1991-09-17,Feminino,Belo Horizonte,MG,Clube Livelo 1k,2023-12-15T00:00:00Z
CUST-10912,100.000.912-27,Bruno Vieira,bruno.vieira17@example.com,+5511935526992,1990-08-22,Outro,Fortaleza,CE,Prata,2022-06-19T00:00:00Z
CUST-10913,100.000.913-08,Natan Fernandes,natan.fernandes59@example.com,+5511963801036,1982-04-06,Feminino,Belo Horizonte,MG,Topázio,2023-08-30T00:00:00Z
CUST-10914,100.000.914-99,Paulo Soares,paulo.soares77@example.com,+5511944740194,1984-04-10,Outro,Porto Alegre,RS,Prata,2022-06-25T00:00:00Z
CUST-10915,100.000.915-70,Helena Gomes,helena.gomes15@example.com,+5511995847718,1974-05-05,Masculino,São Paulo,SP,Topázio,2024-04-23T00:00:00Z
CUST-10916,100.000.916-50,Ana Ribeiro,ana.ribeiro90@example.com,+5511991223137,1988-06-03,Outro,Fortaleza,CE,Clube Livelo 1k,2024-01-10T00:00:00Z
CUST-10917,100.000.917-31,Juliana Costa,juliana.costa17@example.com,+5511994014298,1965-06-08,Outro,Porto Alegre,RS,Ouro,2022-09-20T00:00:00Z
CUST-10918,100.000.918-12,Camila Vieira,camila.vieira23@example.com,+5511961268618,1981-11-21,Outro,Fortaleza,CE,Topázio,2024-04-16T00:00:00Z
CUST-10919,100.000.919-01,Igor Alves,igor.alves84@example.com,+5511994530413,1990-03-15,Feminino,Florianópolis,SC,Clube Livelo 10k,2023-01-13T00:00:00Z
CUST-10920,100.000.920-37,Carla Lopes,carla.lopes33@example.com,+5511971658297,1976-03-07,Outro,Brasília,DF,Ouro,2023-10-26T00:00:00Z
CUST-10921,100.000.921-18,Fernanda Ferreira,fernanda.ferreira60@example.com,+5511991580498,1977-02-05,Feminino,Salvador,BA,Topázio,2023-04-11T00:00:00Z
CUST-10922,100.000.922-07,Daniel Soares,daniel.soares27@example.com,+5511911582229,1971-07-13,Feminino,Rio de Janeiro,RJ,Bronze,2024-02-21T00:00:00Z
CUST-10923,100.000.923-80,Eduardo Pereira,eduardo.pereira20@example.com,+5511945924244,1974-11-20,Feminino,São Paulo,SP,Prata,2023-07-10T00:00:00Z
CUST-10924,100.000.924-60,Vanessa Oliveira,vanessa.oliveira35@example.com,+5511928687147,1995-10-15,Feminino,Porto Alegre,RS,Clube Livelo 5k,2023-05-06T00:00:00Z
CUST-10925,100.000.925-41,Sofia Lima,sofia.lima90@example.com,+5511982962489,1972-01-27,Feminino,Rio de Janeiro,RJ,Clube Livelo 1k,2022-04-16T00:00:00Z
CUST-10926,100.000.926-22,Eduardo Silva,eduardo.silva38@example.com,+5511913221342,1979-07-13,Feminino,Campinas,SP,Clube Livelo 1k,2022-08-20T00:00:00Z
CUST-10927,100.000.927-03,Camila Souza,camila.souza72@example.com,+5511932757831,1972-04-04,Masculino,Campinas,SP,Prata,2023-09-23T00:00:00Z
CUST-10928,100.000.928-94,Yasmin Oliveira,yasmin.oliveira15@example.com,+5511991135473,1974-03-14,Outro,Campinas,SP,Ouro,2023-11-27T00:00:00Z
CUST-10929,100.000.929-75,Beatriz Gomes,beatriz.gomes54@example.com,+5511923948250,1982-08-22,Masculino,Porto Alegre,RS,Prata,2024-03-18T00:00:00Z
CUST-10930,100.000.930-09,Marcelo Rodrigues,marcelo.rodrigues50@example.com,+5511929834720,1989-08-24,Masculino,Rio de Janeiro,RJ,Prata,2023-08-15T00:00:00Z
CUST-10931,100.000.931-90,Eduardo Oliveira,eduardo.oliveira51@example.com,+5511927117558,1976-07-12,Masculino,Brasília,DF,Clube Livelo 10k,2023-05-08T00:00:00Z
CUST-10932,100.000.932-70,Beatriz Costa,beatriz.costa27@example.com,+5511997772249,1980-07-14,Outro,Brasília,DF,Clube Livelo 20k,2023-06-30T00:00:00Z
CUST-10933,100.000.933-51,Natan Oliveira,natan.oliveira84@example.com,+5511966618508,1998-10-25,Outro,Florianópolis,SC,Topázio,2023-12-21T00:00:00Z
CUST-10934,100.000.934-32,Ana Alves,ana.alves12@example.com,+5511958640295,2000-08-05,Feminino,São Paulo,SP,Clube Livelo 5k,2023-01-05T00:00:00Z
CUST-10935,100.000.935-13,Juliana Almeida,juliana.almeida28@example.com,+5511984021128,1991-04-07,Feminino,São Paulo,SP,Ouro,2022-05-01T00:00:00Z
CUST-10936,100.000.936-02,Natan Silva,natan.silva99@example.com,+5511967003442,1988-01-23,Feminino,Goiânia,GO,Prata,2023-05-04T00:00:00Z
CUST-10937,100.000.937-85,Ana Rodrigues,ana.rodrigues56@example.com,+5511928961944,1970-04-03,Feminino,Recife,PE,Clube Livelo 10k,2022-06-03T00:00:00Z
CUST-10938,100.000.938-66,Larissa Rodrigues,larissa.rodrigues77@example.com,+5511950199242,1995-07-24,Masculino,Brasília,DF,Bronze,2022-10-21T00:00:00Z
CUST-10939,100.000.939-47,Vinicius Santos,vinicius.santos87@example.com,+5511933297540,1997-03-01,Masculino,Salvador,BA,Clube Livelo 20k,2023-07-22T00:00:00Z
CUST-10940,100.000.940-80,Yasmin Vieira,yasmin.vieira74@example.com,+5511951075182,1979-07-06,Masculino,Rio de Janeiro,RJ,Clube Livelo 10k,2024-08-31T00:00:00Z
CUST-10941,100.000.941-61,Natan Barbosa,natan.barbosa17@example.com,+5511939381121,1990-03-27,Outro,Fortaleza,CE,Prata,2024-04-16T00:00:00Z
CUST-10942,100.000.942-42,Lucas Martins,lucas.martins58@example.com,+5511932122351,1968-06-21,Masculino,Curitiba,PR,Clube Livelo 1k,2022-04-22T00:00:00Z
CUST-10943,100.000.943-23,Beatriz Costa,beatriz.costa13@example.com,+5511942149161,1983-03-18,Feminino,Rio de Janeiro,RJ,Topázio,2023-09-04T00:00:00Z
CUST-10944,100.000.944-04,Gabriel Fernandes,gabriel.fernandes35@example.com,+5511995683115,1967-04-09,Feminino,Recife,PE,Bronze,2023-08-01T00:00:00Z
CUST-10945,100.000.945-95,Bruno Santos,bruno.santos50@example.com,+5511922510559,1984-01-12,Masculino,Salvador,BA,Topázio,2022-11-19T00:00:00Z
CUST-10946,100.000.946-76,Eduardo Souza,eduardo.souza52@example.com,+5511964665076,1997-02-17,Feminino,São Paulo,SP,Clube Livelo 10k,2023-05-04T00:00:00Z
CUST-10947,100.000.947-57,Juliana Ferreira,juliana.ferreira29@example.com,+5511972157065,1970-11-03,Outro,Curitiba,PR,Topázio,2024-04-06T00:00:00Z
CUST-10948,100.000.948-38,Marcelo Ferreira,marcelo.ferreira74@example.com,+5511979296719,1998-06-15,Feminino,Campinas,SP,Clube Livelo 1k,2023-01-04T00:00:00Z
CUST-10949,100.000.949-19,Bruno Martins,bruno.martins40@example.com,+5511938027431,1969-03-19,Outro,Brasília,DF,Prata,2024-04-04T00:00:00Z
CUST-10950,100.000.950-52,Sofia Oliveira,sofia.oliveira73@example.com,+5511922631766,1994-06-06,Masculino,Belo Horizonte,MG,Prata,2022-10-14T00:00:00Z
CUST-10951,100.000.951-33,Carla Oliveira,carla.oliveira32@example.com,+5511971839630,1981-08-09,Masculino,Goiânia,GO,Ouro,2024-08-20T00:00:00Z
CUST-10952,100.000.952-14,Rafaela Santos,rafaela.santos56@example.com,+5511948470165,1990-07-28,Outro,Goiânia,GO,Ouro,2023-03-28T00:00:00Z
CUST-10953,100.000.953-03,Lucas Ribeiro,lucas.ribeiro20@example.com,+5511965457991,1997-08-09,Outro,São Paulo,SP,Bronze,2024-01-29T00:00:00Z
CUST-10954,100.000.954-86,Ana Rodrigues,ana.rodrigues23@example.com,+5511949011805,1989-03-19,Masculino,Rio de Janeiro,RJ,Topázio,2023-02-02T00:00:00Z
CUST-10955,100.000.955-67,Mariana Almeida,mariana.almeida69@example.com,+5511996232807,1999-08-04,Feminino,Belo Horizonte,MG,Prata,2024-07-28T00:00:00Z
CUST-10956,100.000.956-48,Marcelo Carvalho,marcelo.carvalho35@example.com,+5511963891165,1986-02-11,Masculino,Recife,PE,Clube Livelo 20k,2022-08-06T00:00:00Z
CUST-10957,100.000.957-29,Daniel Lima,daniel.lima68@example.com,+5511915138168,1999-03-16,Feminino,Goiânia,GO,Topázio,2022-11-24T00:00:00Z
CUST-10958,100.000.958-00,Marcelo Martins,marcelo.martins17@example.com,+5511958518736,1992-08-07,Feminino,Curitiba,PR,Bronze,2024-09-02T00:00:00Z
CUST-10959,100.000.959-90,Igor Lima,igor.lima91@example.com,+5511933636496,1970-03-03,Masculino,Salvador,BA,Prata,2022-11-02T00:00:00Z
CUST-10960,100.000.960-24,Vanessa Carvalho,vanessa.carvalho77@example.com,+5511938736673,1981-03-27,Feminino,Rio de Janeiro,RJ,Clube Livelo 10k,2022-12-17T00:00:00Z
CUST-10961,100.000.961-05,Fernanda Alves,fernanda.alves54@example.com,+5511966250794,1995-08-18,Outro,Belo Horizonte,MG,Clube Livelo 10k,2022-12-30T00:00:00Z
CUST-10962,100.000.962-96,Natan Silva,natan.silva81@example.com,+5511990145249,1977-02-24,Outro,Recife,PE,Ouro,2022-11-28T00:00:00Z
CUST-10963,100.000.963-77,Ana Rodrigues,ana.rodrigues68@example.com,+5511929795314,1996-06-04,Outro,Salvador,BA,Clube Livelo 1k,2023-06-18T00:00:00Z
CUST-10964,100.000.964-58,Renato Rodrigues,renato.rodrigues91@example.com,+5511970307870,2002-02-02,Feminino,Florianópolis,SC,Topázio,2023-03-07T00:00:00Z
CUST-10965,100.000.965-39,Beatriz Martins,beatriz.martins37@example.com,+5511956719252,1978-04-22,Outro,São Paulo,SP,Clube Livelo 5k,2024-04-13T00:00:00Z
CUST-10966,100.000.966-10,Vinicius Gomes,vinicius.gomes74@example.com,+5511926743037,1996-11-15,Masculino,Salvador,BA,Clube Livelo 5k,2022-12-27T00:00:00Z
CUST-10967,100.000.967-09,Rodrigo Costa,rodrigo.costa24@example.com,+5511933597329,1994-07-12,Feminino,Fortaleza,CE,Ouro,2023-07-10T00:00:00Z
CUST-10968,100.000.968-81,Vanessa Carvalho,vanessa.carvalho91@example.com,+5511948016951,1971-02-26,Feminino,Rio de Janeiro,RJ,Bronze,2023-09-24T00:00:00Z
CUST-10969,100.000.969-62,Rafaela Barbosa,rafaela.barbosa79@example.com,+5511923381785,1993-09-19,Feminino,Goiânia,GO,Clube Livelo 1k,2024-05-22T00:00:00Z
CUST-10970,100.000.970-04,Marcelo Almeida,marcelo.almeida80@example.com,+5511961147669,1972-04-28,Masculino,Rio de Janeiro,RJ,Clube Livelo 5k,2024-09-17T00:00:00Z
CUST-10971,100.000.971-87,Olivia Martins,olivia.martins10@example.com,+5511960283839,1979-09-10,Masculino,Goiânia,GO,Clube Livelo 1k,2022-11-11T00:00:00Z
CUST-10972,100.000.972-68,Camila Pereira,camila.pereira10@example.com,+5511965640853,1967-01-01,Feminino,Campinas,SP,Clube Livelo 5k,2022-12-10T00:00:00Z
CUST-10973,100.000.973-49,Olivia Pereira,olivia.pereira81@example.com,+5511962527771,1977-10-21,Masculino,São Paulo,SP,Clube Livelo 10k,2022-05-12T00:00:00Z
CUST-10974,100.000.974-20,Larissa Ferreira,larissa.ferreira61@example.com,+5511952698007,1998-03-14,Feminino,Rio de Janeiro,RJ,Ouro,2023-06-01T00:00:00Z
CUST-10975,100.000.975-00,Patricia Martins,patricia.martins90@example.com,+5511944927495,2000-03-11,Feminino,Rio de Janeiro,RJ,Prata,2022-01-27T00:00:00Z
CUST-10976,100.000.976-91,Eduardo Silva,eduardo.silva89@example.com,+5511982970485,1970-10-13,Feminino,Florianópolis,SC,Ouro,2023-04-10T00:00:00Z
CUST-10977,100.000.977-72,Fernanda Pereira,fernanda.pereira93@example.com,+5511939763482,1984-04-18,Feminino,Florianópolis,SC,Clube Livelo 10k,2024-02-28T00:00:00Z
CUST-10978,100.000.978-53,Igor Oliveira,igor.oliveira28@example.com,+5511994213304,1966-11-19,Feminino,Rio de Janeiro,RJ,Clube Livelo 20k,2024-08-07T00:00:00Z
CUST-10979,100.000.979-34,Eduardo Gomes,eduardo.gomes43@example.com,+5511934243439,1970-02-16,Masculino,Curitiba,PR,Clube Livelo 10k,2022-04-14T00:00:00Z
CUST-10980,100.000.980-78,Olivia Oliveira,olivia.oliveira72@example.com,+5511993977718,1969-04-22,Masculino,Salvador,BA,Clube Livelo 5k,2023-10-11T00:00:00Z
CUST-10981,100.000.981-59,Fernanda Gomes,fernanda.gomes11@example.com,+5511933981630,2001-11-20,Feminino,Rio de Janeiro,RJ,Clube Livelo 5k,2022-12-22T00:00:00Z
CUST-10982,100.000.982-30,Beatriz Fernandes,beatriz.fernandes10@example.com,+5511931258513,1998-12-09,Feminino,Curitiba,PR,Bronze,2023-07-03T00:00:00Z
CUST-10983,100.000.983-10,Marcelo Rodrigues,marcelo.rodrigues37@example.com,+5511958974793,1972-04-01,Masculino,Belo Horizonte,MG,Topázio,2022-03-27T00:00:00Z
CUST-10984,100.000.984-00,Igor Lima,igor.lima71@example.com,+5511936741208,1970-06-23,Outro,Goiânia,GO,Clube Livelo 1k,2023-04-24T00:00:00Z
CUST-10985,100.000.985-82,Olivia Soares,olivia.soares61@example.com,+5511935911301,1981-03-07,Outro,Florianópolis,SC,Clube Livelo 1k,2024-09-11T00:00:00Z
CUST-10986,100.000.986-63,Patricia Vieira,patricia.vieira49@example.com,+5511932233584,1978-12-16,Masculino,Brasília,DF,Clube Livelo 10k,2023-09-03T00:00:00Z
CUST-10987,100.000.987-44,Beatriz Souza,beatriz.souza87@example.com,+5511961411543,1992-04-19,Masculino,Campinas,SP,Prata,2023-04-06T00:00:00Z
CUST-10988,100.000.988-25,Rodrigo Lima,rodrigo.lima85@example.com,+5511965003534,1983-10-27,Outro,Fortaleza,CE,Clube Livelo 5k,2023-02-12T00:00:00Z
CUST-10989,100.000.989-06,Patricia Costa,patricia.costa64@example.com,+5511934953074,1987-04-03,Feminino,Goiânia,GO,Clube Livelo 5k,2023-01-16T00:00:00Z
CUST-10990,100.000.990-40,Daniel Silva,daniel.silva50@example.com,+5511911463110,1986-04-15,Outro,Campinas,SP,Topázio,2023-07-30T00:00:00Z
CUST-10991,100.000.991-20,Beatriz Alves,beatriz.alves77@example.com,+5511939187446,1971-09-09,Outro,Recife,PE,Prata,2023-08-11T00:00:00Z
CUST-10992,100.000.992-01,Camila Carvalho,camila.carvalho50@example.com,+5511952965968,1977-04-02,Masculino,Brasília,DF,Bronze,2022-10-09T00:00:00Z
CUST-10993,100.000.993-92,Paulo Ferreira,paulo.ferreira86@example.com,+5511953872387,2002-07-08,Outro,São Paulo,SP,Clube Livelo 1k,2022-01-19T00:00:00Z
CUST-10994,100.000.994-73,Ana Almeida,ana.almeida46@example.com,+5511927590313,1990-01-18,Outro,São Paulo,SP,Clube Livelo 5k,2023-10-23T00:00:00Z
CUST-10995,100.000.995-54,Daniel Carvalho,daniel.carvalho48@example.com,+5511946866059,1985-06-13,Feminino,Fortaleza,CE,Clube Livelo 5k,2023-05-21T00:00:00Z
CUST-10996,100.000.996-35,Juliana Almeida,juliana.almeida73@example.com,+5511996046600,1972-06-20,Feminino,São Paulo,SP,Topázio,2022-02-18T00:00:00Z
CUST-10997,100.000.997-16,Daniel Costa,daniel.costa98@example.com,+5511968476310,1979-03-03,Feminino,Florianópolis,SC,Clube Livelo 5k,2024-04-15T00:00:00Z
CUST-10998,100.000.998-05,Yasmin Santos,yasmin.santos43@example.com,+5511915781587,1972-01-10,Feminino,Porto Alegre,RS,Clube Livelo 5k,2023-12-06T00:00:00Z
CUST-10999,100.000.999-88,Igor Ferreira,igor.ferreira27@example.com,+5511988309763,1994-02-05,Masculino,Belo Horizonte,MG,Clube Livelo 10k,2023-10-15T00:00:00Z
CUST-11000,100.001.000-72,Rodrigo Soares,rodrigo.soares40@example.com,+5511987562374,1995-11-16,Masculino,Campinas,SP,Clube Livelo 20k,2022-08-20T00:00:00Z
