WebProfileId,CPF,FullName,Email,MobilePhone,BirthDate,StreetAddress,ZipCode,City,State,MarketingOptIn,RegistrationChannel,LastLoginDate
WEB-70001,100.000.001-08,Caio Souza,caio.souza13@example.com,+5511946913810,1980-04-05,"Rua Augusta, 625",47073-176,Rio de Janeiro,RJ,True,App iOS,2024-03-16T00:00:00Z
WEB-70002,100.000.002-80,Carla Alves,carla.alves39@example.com,+5511977827638,1966-09-07,"Av. Brasil, 659",90833-772,Goiânia,GO,True,Portal Web,2023-12-21T00:00:00Z
WEB-70003,100.000.003-61,Patricia S.,PATRICIA.SILVA30@EXAMPLE.COM,+5511966722344,1986-05-05,"Av. Brasil, 1978",80250-311,Campinas,SP,False,App Android,2022-10-18T00:00:00Z
WEB-70004,100.000.004-42,Vanessa Ribeiro,vanessa.ribeiro87@example.com,+5511945503389,1967-12-15,"Rua XV de Novembro, 797",49174-356,Rio de Janeiro,RJ,True,App Android,2024-01-29T00:00:00Z
WEB-70005,100.000.005-23,Vinicius Ribeiro,vinicius.ribeiro83@example.com,+5511935808537,1969-01-22,"Rua Augusta, 964",12975-675,Porto Alegre,RS,False,App Android,2025-08-15T00:00:00Z
WEB-70006,100.000.006-04,Natan Lima,natan.lima68@example.com,11995320121,1988-03-12,"Rua Augusta, 1028",44308-150,Curitiba,PR,True,App iOS,2025-11-05T00:00:00Z
WEB-70007,100.000.007-95,Beatriz Ferreira,beatriz.ferreira78@example.com,+5511942857966,1975-08-13,"Av. Paulista, 1816",32655-151,Goiânia,GO,True,Portal Web,2023-12-20T00:00:00Z
WEB-70008,10000000876,Helena Santos,helena.santos50@example.com,+5511963843426,1982-02-07,"Av. Brasil, 595",81005-479,Florianópolis,SC,True,App iOS,2022-08-17T00:00:00Z
WEB-70009,100.000.009-57,Vinicius Almeida,vinicius.almeida28@example.com,+5511945551614,1973-04-24,"Rua Augusta, 870",70364-737,Fortaleza,CE,True,App Android,2024-10-26T00:00:00Z
WEB-70010,100.000.010-90,Natan Ribeiro,NATAN.RIBEIRO38@EXAMPLE.COM,+5511928566572,1997-08-03,"Rua XV de Novembro, 1876",19272-770,Rio de Janeiro,RJ,True,Portal Web,2024-02-12T00:00:00Z
WEB-70011,100.000.011-71,Beatriz Oliveira,beatriz.oliveira59@example.com,+5511961220073,1994-09-09,"Av. Faria Lima, 460",15681-163,São Paulo,SP,True,App Android,2025-04-10T00:00:00Z
WEB-70012,100.000.012-52,Marcelo C.,marcelo.costa24@example.com,11949392920,1992-03-15,"Rua das Flores, 574",91661-964,Florianópolis,SC,True,Parceiro Bank,2026-07-15T10:00:00Z
WEB-70013,100.000.013-33,Rodrigo Souza,rodrigo.souza90@example.com,11950056581,1997-10-07,"Av. Paulista, 1435",48829-831,Campinas,SP,False,App iOS,2024-12-19T00:00:00Z
WEB-70014,100.000.014-14,Yasmin Silva,yasmin.silva86@example.com,+5511953507489,1996-01-04,"Av. Faria Lima, 1436",44369-597,Porto Alegre,RS,True,Parceiro Bank,2023-07-16T00:00:00Z
WEB-70015,10000001503,Carla Oliveira,carla.oliveira72@example.com,+5511919289546,1999-03-05,"Rua XV de Novembro, 1839",10133-557,Brasília,DF,True,App Android,2024-05-06T00:00:00Z
WEB-70016,100.000.016-86,Olivia Alves,OLIVIA.ALVES79@EXAMPLE.COM,+5511936998038,1984-07-22,"Av. Paulista, 235",16367-899,Campinas,SP,True,Parceiro Bank,2024-11-19T00:00:00Z
WEB-70017,10000001767,Helena Pereira,helena.pereira18@example.com,11955377076,1966-10-18,"Rua das Flores, 2277",47728-896,Recife,PE,True,App iOS,2022-07-31T00:00:00Z
WEB-70018,100.000.018-48,Helena Oliveira,helena387@gmail.com,+5511954349361,1969-09-08,"Av. Brasil, 1013",23774-114,Goiânia,GO,True,App Android,2023-06-10T00:00:00Z
WEB-70019,100.000.019-29,THIAGO LOPES,thiago.lopes41@example.com,+5511973481353,1991-04-04,"Rua Augusta, 525",24289-610,Goiânia,GO,True,Portal Web,2024-06-03T00:00:00Z
WEB-70020,10000002062,Vanessa Santos,vanessa.santos96@example.com,+5511997705310,1971-01-13,"Av. Paulista, 1178",39900-416,Campinas,SP,True,App iOS,2022-12-15T00:00:00Z
WEB-70021,10000002143,Paulo Rodrigues,paulo.rodrigues64@example.com,+5511934627347,1982-08-08,"Rua Oscar Freire, 1725",90468-915,Brasília,DF,True,Parceiro Bank,2023-10-27T00:00:00Z
WEB-70022,10000002224,Renato Silva,renato.silva21@example.com,+5511941726318,1975-07-16,"Av. Brasil, 1968",32235-879,Curitiba,PR,True,App Android,2025-06-06T00:00:00Z
WEB-70023,100.000.023-05,Ana Martins,ana.martins43@example.com,11971070189,1983-07-23,"Rua das Flores, 1285",19385-993,Fortaleza,CE,True,App iOS,2023-01-14T00:00:00Z
WEB-70024,10000002496,BRUNO VIEIRA,bruno.vieira79@example.com,11918181586,1985-01-02,"Rua Oscar Freire, 2108",97665-779,Brasília,DF,True,App iOS,2023-11-23T00:00:00Z
WEB-70025,100.000.025-77,VANESSA FERREIRA,vanessa.ferreira18@example.com,11989864260,1969-11-28,"Av. Brasil, 1928",32292-427,Salvador,BA,True,App iOS,2025-09-27T00:00:00Z
WEB-70026,100.000.026-58,THIAGO BARBOSA,thiago.barbosa15@example.com,+5511993131979,1970-07-22,"Rua das Flores, 1474",88290-665,Recife,PE,True,App Android,2026-04-04T00:00:00Z
WEB-70027,100.000.027-39,HELENA LIMA,helena.lima60@example.com,+5511927566185,1984-08-11,"Rua Oscar Freire, 87",40521-512,São Paulo,SP,True,Parceiro Bank,2025-01-25T00:00:00Z
WEB-70028,100.000.028-10,Carla Fernandes,carla154@gmail.com,+5511977898694,1981-03-12,"Rua XV de Novembro, 1554",94020-887,Curitiba,PR,True,App iOS,2024-06-25T00:00:00Z
WEB-70029,100.000.029-09,Diego Gomes,DIEGO.GOMES88@EXAMPLE.COM,11997775215,1998-01-22,"Rua das Flores, 1169",65205-673,Porto Alegre,RS,True,App iOS,2025-06-19T00:00:00Z
WEB-70030,10000003034,Daniel Souza,daniel.souza80@example.com,+5511930863865,1982-05-20,"Rua Augusta, 830",44397-721,Florianópolis,SC,True,Portal Web,2023-04-24T00:00:00Z
WEB-70031,10000003115,Rodrigo Lopes,rodrigo.lopes42@example.com,11916818112,1970-11-14,"Av. Brasil, 158",21052-968,São Paulo,SP,True,Parceiro Bank,2023-09-26T00:00:00Z
WEB-70032,100.000.032-04,Fernanda Almeida,fernanda.almeida80@example.com,11967403166,2000-01-04,"Rua XV de Novembro, 963",94139-727,Florianópolis,SC,True,App Android,2025-05-25T00:00:00Z
WEB-70033,100.000.033-87,Thiago Fernandes,thiago.fernandes28@example.com,11967684996,1973-01-10,"Rua XV de Novembro, 1439",41983-473,São Paulo,SP,True,App Android,2023-02-17T00:00:00Z
WEB-70034,10000003468,MARIANA FERNANDES,mariana816@gmail.com,+5511993303777,1974-04-28,"Rua XV de Novembro, 1649",50450-906,Belo Horizonte,MG,True,App iOS,2022-01-29T00:00:00Z
WEB-70035,100.000.035-49,Patricia Carvalho,patricia.carvalho95@example.com,+5511943308443,1982-03-26,"Rua Oscar Freire, 428",96135-756,Rio de Janeiro,RJ,True,Portal Web,2026-04-29T00:00:00Z
WEB-70036,100.000.036-20,Helena Alves,helena.alves68@example.com,11956930359,1984-04-08,"Av. Faria Lima, 1196",68756-937,Goiânia,GO,False,App iOS,2025-02-26T00:00:00Z
WEB-70037,10000003700,Marcelo Lima,marcelo767@gmail.com,11996098221,1997-07-22,"Av. Brasil, 1569",30796-728,Campinas,SP,True,App iOS,2023-04-30T00:00:00Z
WEB-70038,100.000.038-91,Fernanda Vieira,fernanda.vieira43@example.com,+5511915134794,1971-10-14,"Rua das Flores, 2315",78820-970,Florianópolis,SC,False,Portal Web,2025-03-19T00:00:00Z
WEB-70039,100.000.039-72,Daniel Martins,daniel300@gmail.com,11935511941,1981-01-23,"Rua XV de Novembro, 37",82908-482,São Paulo,SP,True,App Android,2025-01-06T00:00:00Z
WEB-70040,10000004006,Beatriz Costa,beatriz.costa94@example.com,+5511926726926,1984-09-10,"Av. Brasil, 1302",60772-153,Salvador,BA,False,App Android,2023-05-21T00:00:00Z
WEB-70041,100.000.041-97,Eduardo Alves,eduardo.alves63@example.com,11999245317,1989-11-24,"Av. Brasil, 1296",72640-718,Recife,PE,True,Parceiro Bank,2023-09-08T00:00:00Z
WEB-70042,100.000.042-78,Juliana Gomes,juliana.gomes36@example.com,+5511967698610,2002-10-21,"Av. Faria Lima, 1901",65438-838,Brasília,DF,True,Parceiro Bank,2025-02-11T00:00:00Z
WEB-70043,100.000.043-59,Rafaela Ferreira,rafaela.ferreira94@example.com,+5511921381064,1983-09-22,"Rua XV de Novembro, 616",70438-304,Recife,PE,True,Portal Web,2024-03-23T00:00:00Z
WEB-70044,100.000.044-30,Camila G.,camila.gomes38@example.com,+5511936726767,1974-01-02,"Av. Brasil, 1301",58194-603,Brasília,DF,True,App iOS,2024-10-31T00:00:00Z
WEB-70045,100.000.045-10,Gabriel Martins,gabriel.martins73@example.com,11963640499,1980-03-21,"Rua XV de Novembro, 564",26973-398,São Paulo,SP,True,Portal Web,2025-02-02T00:00:00Z
WEB-70046,10000004600,Patricia Soares,patricia.soares69@example.com,+5511916740197,2000-04-28,"Rua das Flores, 821",81320-343,Brasília,DF,True,Portal Web,2026-02-18T00:00:00Z
WEB-70047,100.000.047-82,Sofia Barbosa,sofia.barbosa50@example.com,+5511969401199,1997-07-27,"Av. Paulista, 103",23188-789,Brasília,DF,True,App iOS,2025-09-29T00:00:00Z
WEB-70048,100.000.048-63,IGOR PEREIRA,igor.pereira91@example.com,+5511947220099,1998-08-21,"Av. Brasil, 1695",70159-650,Porto Alegre,RS,True,App iOS,2024-04-01T00:00:00Z
WEB-70049,100.000.049-44,IGOR COSTA,igor.costa50@example.com,11982498004,1970-03-05,"Av. Paulista, 539",91313-657,Salvador,BA,True,App Android,2025-10-06T00:00:00Z
WEB-70050,100.000.050-88,Olivia Costa,olivia.costa79@example.com,+5511972535301,1991-01-07,"Rua Oscar Freire, 2408",62112-190,Salvador,BA,True,Portal Web,2025-07-14T00:00:00Z
WEB-70051,100.000.051-69,Natan Lopes,natan.lopes10@example.com,+5511957212267,1984-07-28,"Av. Brasil, 239",85023-772,Fortaleza,CE,True,App iOS,2025-06-18T00:00:00Z
WEB-70052,100.000.052-40,Rafaela Silva,rafaela.silva59@example.com,+5511955114543,1990-12-06,"Av. Paulista, 1319",30617-713,Belo Horizonte,MG,False,App iOS,2026-06-13T00:00:00Z
WEB-70053,100.000.053-20,Camila Silva,CAMILA.SILVA20@EXAMPLE.COM,+5511996268397,1992-03-28,"Rua Augusta, 388",86868-540,Belo Horizonte,MG,True,Portal Web,2024-10-26T00:00:00Z
WEB-70054,100.000.054-01,Paulo Costa,PAULO.COSTA53@EXAMPLE.COM,+5511960885459,1982-07-09,"Av. Faria Lima, 2310",82516-527,Brasília,DF,True,App iOS,2024-05-08T00:00:00Z
WEB-70055,100.000.055-92,Helena Oliveira,helena.oliveira93@example.com,11915403355,1966-04-07,"Rua das Flores, 225",19763-282,Recife,PE,True,Parceiro Bank,2024-04-29T00:00:00Z
WEB-70056,10000005673,Thiago Alves,thiago.alves69@example.com,+5511944392446,1988-03-20,"Rua Oscar Freire, 1497",45789-662,Florianópolis,SC,True,Portal Web,2024-09-14T00:00:00Z
WEB-70057,100.000.057-54,DANIEL VIEIRA,daniel.vieira13@example.com,11951870192,2001-11-13,"Rua XV de Novembro, 529",56677-761,Florianópolis,SC,True,App Android,2023-04-15T00:00:00Z
WEB-70058,100.000.058-35,Daniel Gomes,daniel.gomes97@example.com,+5511990585882,1972-10-26,"Rua XV de Novembro, 185",78618-822,Campinas,SP,True,App iOS,2024-01-31T00:00:00Z
WEB-70059,100.000.059-16,Caio Costa,CAIO.COSTA11@EXAMPLE.COM,11966379329,1996-02-14,"Rua XV de Novembro, 819",52049-813,Goiânia,GO,True,Parceiro Bank,2025-01-14T00:00:00Z
WEB-70060,10000006050,Larissa Soares,larissa.soares93@example.com,+5511946249845,1999-08-15,"Av. Brasil, 101",14472-809,Florianópolis,SC,False,App Android,2024-08-18T00:00:00Z
WEB-70061,100.000.061-30,Igor Almeida,igor.almeida41@example.com,+5511972372114,2001-10-22,"Av. Paulista, 403",13630-274,Campinas,SP,True,App iOS,2023-08-05T00:00:00Z
WEB-70062,100.000.062-11,Rafaela Alves,RAFAELA.ALVES55@EXAMPLE.COM,11944675473,1986-05-20,"Av. Faria Lima, 1016",42361-217,Porto Alegre,RS,False,Portal Web,2025-05-01T00:00:00Z
WEB-70063,100.000.063-00,Helena Carvalho,HELENA.CARVALHO72@EXAMPLE.COM,+5511984514489,1980-12-16,"Rua Augusta, 1051",55676-458,Florianópolis,SC,True,App Android,2023-09-18T00:00:00Z
WEB-70064,100.000.064-83,JULIANA PEREIRA,juliana.pereira61@example.com,+5511942655866,1984-11-19,"Av. Faria Lima, 1330",36668-617,Brasília,DF,True,App Android,2023-05-17T00:00:00Z
WEB-70065,100.000.065-64,Lucas R.,lucas.ribeiro99@example.com,+5511970900658,1982-05-09,"Rua Augusta, 928",91011-172,Rio de Janeiro,RJ,True,App iOS,2023-02-01T00:00:00Z
WEB-70066,100.000.066-45,MARCELO FERREIRA,marcelo.ferreira34@example.com,+5511939042654,1995-05-24,"Av. Faria Lima, 1166",57014-968,Fortaleza,CE,True,App iOS,2022-08-06T00:00:00Z
WEB-70067,100.000.067-26,Helena Ribeiro,helena.ribeiro32@example.com,11950569669,1965-12-18,"Rua Augusta, 2479",66786-402,Porto Alegre,RS,True,App iOS,2026-07-10T10:00:00Z
WEB-70068,100.000.068-07,DIEGO RODRIGUES,diego.rodrigues91@example.com,+5511975884623,1971-01-19,"Rua das Flores, 2392",24723-100,Brasília,DF,True,Portal Web,2024-12-31T00:00:00Z
WEB-70069,100.000.069-98,Igor Lopes,igor.lopes24@example.com,+5511918770247,1990-08-03,"Rua das Flores, 2209",19018-491,Goiânia,GO,True,App Android,2023-09-29T00:00:00Z
WEB-70070,100.000.070-21,Juliana Oliveira,JULIANA.OLIVEIRA41@EXAMPLE.COM,+5511925898299,2000-07-20,"Av. Paulista, 1795",92288-164,Recife,PE,True,App Android,2025-12-23T00:00:00Z
WEB-70071,100.000.071-02,Yasmin Almeida,yasmin.almeida48@example.com,+5511988990506,1992-05-19,"Av. Faria Lima, 956",13633-183,São Paulo,SP,True,Parceiro Bank,2025-09-02T00:00:00Z
WEB-70072,100.000.072-93,Igor Oliveira,igor.oliveira30@example.com,+5511942194159,1976-09-03,"Rua Oscar Freire, 2153",41031-619,São Paulo,SP,False,Portal Web,2024-04-29T00:00:00Z
WEB-70073,100.000.073-74,Juliana Santos,juliana.santos39@example.com,+5511948668783,1983-12-28,"Rua XV de Novembro, 2286",12308-781,Rio de Janeiro,RJ,True,Parceiro Bank,2024-12-28T00:00:00Z
WEB-70074,100.000.074-55,Camila Alves,camila390@gmail.com,11925405014,1999-04-21,"Av. Paulista, 1896",36346-999,Porto Alegre,RS,True,App iOS,2023-08-16T00:00:00Z
WEB-70075,100.000.075-36,Beatriz Vieira,beatriz.vieira46@example.com,+5511968942178,1972-08-23,"Rua Augusta, 1075",53345-239,Florianópolis,SC,True,Portal Web,2026-04-13T00:00:00Z
WEB-70076,100.000.076-17,Rafaela A.,rafaela.almeida20@example.com,+5511990267122,1967-07-24,"Rua das Flores, 1040",48571-227,Recife,PE,True,App iOS,2023-09-18T00:00:00Z
WEB-70077,100.000.077-06,Thiago Silva,thiago.silva96@example.com,+5511946173157,2001-01-25,"Rua Augusta, 309",26662-943,Brasília,DF,False,Parceiro Bank,2025-12-15T00:00:00Z
WEB-70078,100.000.078-89,Olivia Lopes,olivia.lopes21@example.com,+5511973083727,1987-07-11,"Rua das Flores, 2416",28103-361,Goiânia,GO,True,Parceiro Bank,2025-09-25T00:00:00Z
WEB-70079,100.000.079-60,Diego Lopes,diego.lopes46@example.com,11998930456,1990-09-02,"Av. Paulista, 263",70647-361,Rio de Janeiro,RJ,True,Portal Web,2022-09-27T00:00:00Z
WEB-70080,100.000.080-01,Vanessa Soares,VANESSA.SOARES10@EXAMPLE.COM,11998269682,1999-08-14,"Rua XV de Novembro, 1680",82626-605,Curitiba,PR,True,Portal Web,2025-06-11T00:00:00Z
WEB-70081,100.000.081-84,Marcelo Santos,marcelo.santos36@example.com,+5511945843681,2000-03-10,"Av. Paulista, 2049",78440-149,Florianópolis,SC,True,App iOS,2022-07-30T00:00:00Z
WEB-70082,10000008265,Patricia Pereira,patricia.pereira30@example.com,+5511951708177,2000-01-18,"Av. Brasil, 70",18120-834,Rio de Janeiro,RJ,True,Parceiro Bank,2025-07-04T00:00:00Z
WEB-70083,100.000.083-46,Daniel Rodrigues,daniel.rodrigues73@example.com,+5511949172995,1997-12-09,"Av. Faria Lima, 52",43966-469,Brasília,DF,False,Parceiro Bank,2023-02-10T00:00:00Z
WEB-70084,10000008427,Natan Alves,natan.alves86@example.com,11978214937,1973-02-09,"Av. Faria Lima, 2203",53120-978,Campinas,SP,True,App iOS,2025-07-08T00:00:00Z
WEB-70085,100.000.085-08,Renato Vieira,renato.vieira84@example.com,+5511998575748,1996-03-15,"Av. Faria Lima, 1911",59289-506,Brasília,DF,True,Parceiro Bank,2023-11-28T00:00:00Z
WEB-70086,100.000.086-99,Natan A.,natan.almeida51@example.com,11935320492,1980-10-13,"Av. Paulista, 1029",72199-649,Salvador,BA,True,App Android,2023-03-01T00:00:00Z
WEB-70087,100.000.087-70,Natan Rodrigues,natan.rodrigues73@example.com,11914968688,1973-09-19,"Rua das Flores, 1301",19501-849,Rio de Janeiro,RJ,True,Portal Web,2024-06-15T00:00:00Z
WEB-70088,10000008850,Ana Rodrigues,ana.rodrigues62@example.com,+5511997883261,1974-02-16,"Rua Augusta, 404",81865-847,Campinas,SP,True,Portal Web,2024-02-21T00:00:00Z
WEB-70089,100.000.089-31,Vanessa Fernandes,vanessa.fernandes58@example.com,+5511952501540,1996-09-02,"Rua XV de Novembro, 2365",32720-243,Rio de Janeiro,RJ,True,App Android,2024-05-05T00:00:00Z
WEB-70090,100.000.090-75,Helena Oliveira,helena.oliveira65@example.com,+5511923212812,1971-08-06,"Av. Brasil, 1844",51206-898,Porto Alegre,RS,True,Portal Web,2023-04-22T00:00:00Z
WEB-70091,100.000.091-56,Juliana Ribeiro,juliana.ribeiro57@example.com,+5511967805802,1974-04-17,"Av. Faria Lima, 1514",46472-232,Recife,PE,True,Portal Web,2024-08-31T00:00:00Z
WEB-70092,100.000.092-37,Vanessa Martins,VANESSA.MARTINS89@EXAMPLE.COM,+5511942323627,1996-10-05,"Rua XV de Novembro, 812",51851-903,Brasília,DF,True,Portal Web,2025-02-23T00:00:00Z
WEB-70093,100.000.093-18,Vinicius Almeida,VINICIUS.ALMEIDA46@EXAMPLE.COM,11983363160,1975-02-15,"Rua das Flores, 303",36859-746,Recife,PE,True,Portal Web,2025-11-27T00:00:00Z
WEB-70094,100.000.094-07,Paulo Gomes,paulo.gomes35@example.com,+5511961632653,1995-02-08,"Rua XV de Novembro, 552",63186-721,Recife,PE,True,Portal Web,2025-07-20T00:00:00Z
WEB-70095,100.000.095-80,Ana M.,ana.martins45@example.com,+5511911086890,2001-11-25,"Av. Brasil, 1916",71370-131,São Paulo,SP,False,Parceiro Bank,2025-09-14T00:00:00Z
WEB-70096,100.000.096-60,Marcelo Pereira,marcelo.pereira87@example.com,11957287718,1979-11-07,"Rua Oscar Freire, 278",84793-944,Porto Alegre,RS,True,Parceiro Bank,2025-03-29T00:00:00Z
WEB-70097,100.000.097-41,Juliana Almeida,juliana708@gmail.com,+5511987789079,1988-12-05,"Av. Faria Lima, 429",62479-383,Porto Alegre,RS,False,App Android,2025-11-26T00:00:00Z
WEB-70098,100.000.098-22,Eduardo Fernandes,eduardo.fernandes56@example.com,+5511981249799,1997-05-27,"Rua Augusta, 865",18920-653,Porto Alegre,RS,True,Parceiro Bank,2026-05-19T00:00:00Z
WEB-70099,100.000.099-03,Patricia Souza,patricia.souza69@example.com,+5511920106509,1974-04-28,"Rua Oscar Freire, 323",37823-627,Florianópolis,SC,True,App Android,2026-03-12T00:00:00Z
WEB-70100,100.000.100-81,Mariana Oliveira,MARIANA.OLIVEIRA60@EXAMPLE.COM,+5511911868130,1981-09-04,"Rua Oscar Freire, 1127",31534-308,Campinas,SP,True,Portal Web,2023-09-15T00:00:00Z
WEB-70101,100.000.101-62,Daniel Pereira,DANIEL.PEREIRA70@EXAMPLE.COM,+5511913358751,2000-06-20,"Rua das Flores, 427",60074-242,Goiânia,GO,True,Portal Web,2024-11-07T00:00:00Z
WEB-70102,100.000.102-43,Caio Carvalho,CAIO.CARVALHO24@EXAMPLE.COM,11928760553,1967-01-10,"Av. Faria Lima, 573",75191-102,Rio de Janeiro,RJ,True,Portal Web,2024-09-06T00:00:00Z
WEB-70103,100.000.103-24,Natan Almeida,natan.almeida57@example.com,+5511999991136,1999-07-19,"Av. Faria Lima, 1506",74725-407,Florianópolis,SC,True,App Android,2024-08-25T00:00:00Z
WEB-70104,10000010405,Renato Lopes,renato.lopes88@example.com,11964776386,1982-01-23,"Rua XV de Novembro, 323",62381-757,Curitiba,PR,True,Parceiro Bank,2024-12-14T00:00:00Z
WEB-70105,100.000.105-96,DANIEL RIBEIRO,daniel.ribeiro79@example.com,+5511996547189,1987-01-13,"Rua das Flores, 1414",29846-844,Curitiba,PR,False,Portal Web,2026-07-01T00:00:00Z
WEB-70106,100.000.106-77,Carla Alves,carla.alves92@example.com,+5511995831286,1966-01-26,"Av. Paulista, 462",37687-162,Curitiba,PR,True,Parceiro Bank,2024-05-19T00:00:00Z
WEB-70107,100.000.107-58,Renato Fernandes,renato.fernandes36@example.com,+5511988703005,1978-04-11,"Av. Faria Lima, 2328",17811-775,Recife,PE,True,Portal Web,2024-05-08T00:00:00Z
WEB-70108,100.000.108-39,Eduardo Fernandes,eduardo174@gmail.com,+5511933420607,1972-11-28,"Rua XV de Novembro, 2351",16849-445,Belo Horizonte,MG,False,App iOS,2023-12-12T00:00:00Z
WEB-70109,100.000.109-10,Thiago Costa,thiago.costa12@example.com,+5511933386929,1981-01-05,"Rua Oscar Freire, 503",85336-469,Salvador,BA,True,App Android,2024-03-28T00:00:00Z
WEB-70110,100.000.110-53,Marcelo Ribeiro,MARCELO.RIBEIRO75@EXAMPLE.COM,+5511989680504,1971-08-17,"Rua Augusta, 1551",21517-915,Recife,PE,False,App iOS,2025-08-29T00:00:00Z
WEB-70111,100.000.111-34,JULIANA ALMEIDA,juliana.almeida92@example.com,+5511914180968,1968-08-28,"Av. Brasil, 227",76126-778,Salvador,BA,True,Parceiro Bank,2023-07-25T00:00:00Z
WEB-70112,100.000.112-15,Carla Oliveira,carla.oliveira51@example.com,11991644298,1974-02-05,"Av. Faria Lima, 23",70795-460,Recife,PE,True,Parceiro Bank,2023-01-28T00:00:00Z
WEB-70113,100.000.113-04,JULIANA ALMEIDA,juliana.almeida74@example.com,+5511991259008,1992-02-26,"Av. Paulista, 1876",53704-374,Rio de Janeiro,RJ,True,Portal Web,2025-01-08T00:00:00Z
WEB-70114,100.000.114-87,OLIVIA COSTA,olivia.costa68@example.com,+5511963516659,1991-12-04,"Rua das Flores, 470",56630-583,Salvador,BA,True,Portal Web,2023-12-18T00:00:00Z
WEB-70115,100.000.115-68,Camila Lopes,camila774@gmail.com,+5511922243983,1970-02-14,"Rua XV de Novembro, 1837",30517-744,Florianópolis,SC,True,App Android,2026-03-09T00:00:00Z
WEB-70116,100.000.116-49,Thiago Fernandes,thiago108@gmail.com,+5511954244334,1972-07-12,"Rua Augusta, 1341",87383-768,Salvador,BA,True,Portal Web,2025-03-15T00:00:00Z
WEB-70117,100.000.117-20,MARIANA SOUZA,mariana463@gmail.com,11978103759,1978-03-22,"Av. Faria Lima, 1091",18623-856,Curitiba,PR,True,App iOS,2024-09-08T00:00:00Z
WEB-70118,100.000.118-00,DANIEL LIMA,daniel.lima83@example.com,11940354559,1992-09-25,"Rua das Flores, 2136",43948-983,Recife,PE,True,Parceiro Bank,2025-10-30T00:00:00Z
WEB-70119,100.000.119-91,Ana Ferreira,ana.ferreira44@example.com,+5511951471222,1986-06-01,"Rua Oscar Freire, 2097",54751-250,Belo Horizonte,MG,True,Parceiro Bank,2022-06-12T00:00:00Z
WEB-70120,100.000.120-25,Carla Soares,CARLA.SOARES37@EXAMPLE.COM,+5511960491958,1991-08-11,"Rua XV de Novembro, 1784",82456-682,Campinas,SP,True,App iOS,2024-05-18T00:00:00Z
WEB-70121,100.000.121-06,Beatriz Oliveira,beatriz.oliveira16@example.com,+5511930881581,1975-10-02,"Av. Faria Lima, 741",68474-446,Rio de Janeiro,RJ,True,App Android,2023-07-26T00:00:00Z
WEB-70122,100.000.122-97,Beatriz Almeida,beatriz.almeida63@example.com,+5511946663833,1978-09-04,"Av. Paulista, 2177",54348-820,Salvador,BA,True,Portal Web,2024-02-28T00:00:00Z
WEB-70123,100.000.123-78,Rafaela Soares,RAFAELA.SOARES95@EXAMPLE.COM,11951395350,1967-04-13,"Rua Oscar Freire, 2496",51571-180,São Paulo,SP,True,Parceiro Bank,2023-08-10T00:00:00Z
WEB-70124,100.000.124-59,Marcelo Rodrigues,marcelo.rodrigues42@example.com,+5511948848936,1985-02-01,"Rua XV de Novembro, 1477",27388-887,Florianópolis,SC,True,Parceiro Bank,2024-05-30T00:00:00Z
WEB-70125,10000012530,Diego Pereira,diego.pereira74@example.com,11984990607,1987-02-13,"Av. Faria Lima, 2009",44033-308,São Paulo,SP,True,App Android,2023-09-30T00:00:00Z
WEB-70126,100.000.126-10,Vanessa Costa,vanessa.costa83@example.com,11967617561,2001-07-23,"Rua XV de Novembro, 396",34127-579,Salvador,BA,False,App Android,2022-05-28T00:00:00Z
WEB-70127,100.000.127-00,FERNANDA BARBOSA,fernanda.barbosa68@example.com,+5511958567046,1970-07-28,"Rua Augusta, 36",49123-346,Curitiba,PR,True,App Android,2024-08-21T00:00:00Z
WEB-70128,10000012882,NATAN GOMES,natan.gomes53@example.com,11939738898,1986-03-03,"Av. Brasil, 2334",25624-417,Goiânia,GO,True,App Android,2025-05-22T00:00:00Z
WEB-70129,100.000.129-63,Mariana Rodrigues,mariana.rodrigues40@example.com,11923798190,1974-05-07,"Rua Augusta, 1897",75914-804,Recife,PE,False,App iOS,2024-10-03T00:00:00Z
WEB-70130,100.000.130-05,Fernanda Lopes,fernanda300@gmail.com,+5511985663295,2002-08-22,"Rua Oscar Freire, 568",62222-320,Goiânia,GO,True,App iOS,2025-08-18T00:00:00Z
WEB-70131,100.000.131-88,Eduardo Almeida,eduardo.almeida18@example.com,+5511972937522,1993-11-10,"Av. Brasil, 995",55527-581,Recife,PE,True,Portal Web,2024-10-06T00:00:00Z
WEB-70132,100.000.132-69,Paulo Almeida,paulo.almeida14@example.com,+5511917635653,1988-05-03,"Rua XV de Novembro, 669",82205-151,Rio de Janeiro,RJ,False,Portal Web,2023-12-11T00:00:00Z
WEB-70133,100.000.133-40,Paulo Vieira,paulo.vieira93@example.com,+5511935265073,1985-10-16,"Rua das Flores, 946",84249-747,Belo Horizonte,MG,True,App iOS,2023-04-25T00:00:00Z
WEB-70134,100.000.134-20,Diego Oliveira,diego.oliveira74@example.com,+5511996721710,1976-01-08,"Rua Augusta, 739",91770-427,Brasília,DF,True,Parceiro Bank,2025-03-15T00:00:00Z
WEB-70135,100.000.135-01,MARIANA RIBEIRO,mariana776@gmail.com,+5511961998170,1991-06-22,"Rua Oscar Freire, 225",82048-449,São Paulo,SP,True,Parceiro Bank,2023-01-07T00:00:00Z
WEB-70136,100.000.136-92,Camila Martins,camila.martins46@example.com,+5511943822301,1974-06-03,"Av. Paulista, 397",42822-318,Goiânia,GO,True,Portal Web,2025-04-04T00:00:00Z
WEB-70137,100.000.137-73,EDUARDO BARBOSA,EDUARDO.BARBOSA20@EXAMPLE.COM,+5511951551377,2000-07-21,"Av. Brasil, 871",32570-915,Belo Horizonte,MG,True,App Android,2024-02-18T00:00:00Z
WEB-70138,100.000.138-54,Mariana Silva,mariana.silva56@example.com,11951455302,1976-04-11,"Rua XV de Novembro, 1312",83660-540,Curitiba,PR,True,App Android,2023-10-09T00:00:00Z
WEB-70139,10000013935,Vanessa Souza,vanessa.souza74@example.com,+5511982446804,1998-01-22,"Av. Faria Lima, 931",34832-742,Recife,PE,True,Portal Web,2024-05-05T00:00:00Z
WEB-70140,100.000.140-79,Fernanda Barbosa,fernanda.barbosa31@example.com,+5511968743530,1967-07-12,"Rua Augusta, 1098",43442-679,Florianópolis,SC,True,App Android,2025-08-08T00:00:00Z
WEB-70141,100.000.141-50,Marcelo A.,MARCELO.ALMEIDA39@EXAMPLE.COM,+5511981673763,1980-05-26,"Rua Oscar Freire, 2271",85982-534,Curitiba,PR,True,App iOS,2024-07-03T00:00:00Z
WEB-70142,100.000.142-30,Paulo Gomes,PAULO.GOMES58@EXAMPLE.COM,+5511977498993,1998-07-06,"Av. Faria Lima, 500",89665-658,Recife,PE,True,App iOS,2024-07-16T00:00:00Z
WEB-70143,100.000.143-11,Vanessa R.,VANESSA.RIBEIRO80@EXAMPLE.COM,+5511923769360,1998-02-10,"Av. Paulista, 2426",60624-822,Belo Horizonte,MG,True,Portal Web,2024-12-08T00:00:00Z
WEB-70144,100.000.144-00,Renato Carvalho,renato.carvalho21@example.com,+5511939801436,1993-06-01,"Av. Brasil, 1779",12529-117,São Paulo,SP,True,App Android,2023-08-23T00:00:00Z
WEB-70145,10000014583,Carla Ribeiro,carla.ribeiro38@example.com,11913783268,1985-02-27,"Av. Paulista, 2282",50240-648,Goiânia,GO,True,App Android,2024-05-10T00:00:00Z
WEB-70146,100.000.146-64,Juliana Lopes,juliana.lopes99@example.com,11928628439,1995-08-20,"Av. Faria Lima, 1176",77078-909,Rio de Janeiro,RJ,True,Portal Web,2024-11-06T00:00:00Z
WEB-70147,10000014745,Sofia Barbosa,sofia.barbosa77@example.com,11966808292,1972-05-08,"Av. Faria Lima, 604",26065-835,Rio de Janeiro,RJ,True,Parceiro Bank,2022-09-21T00:00:00Z
WEB-70148,100.000.148-26,Paulo Oliveira,paulo.oliveira24@example.com,+5511977085942,1999-01-21,"Av. Brasil, 1301",96800-700,Recife,PE,True,App iOS,2024-05-23T00:00:00Z
WEB-70149,100.000.149-07,Ana Barbosa,ana.barbosa55@example.com,+5511942287985,2001-07-06,"Rua Augusta, 594",65530-426,Goiânia,GO,True,Parceiro Bank,2025-01-27T00:00:00Z
WEB-70150,10000015040,Rodrigo Fernandes,rodrigo.fernandes74@example.com,+5511978131950,2000-01-13,"Rua das Flores, 312",84793-898,São Paulo,SP,False,Portal Web,2023-02-22T00:00:00Z
WEB-70151,100.000.151-21,Mariana Oliveira,mariana.oliveira54@example.com,+5511942363373,1971-10-24,"Av. Paulista, 755",29826-658,Belo Horizonte,MG,True,Portal Web,2023-12-05T00:00:00Z
WEB-70152,100.000.152-02,Renato Almeida,RENATO.ALMEIDA99@EXAMPLE.COM,+5511974227366,1976-03-03,"Rua XV de Novembro, 1886",44135-695,Brasília,DF,True,App Android,2024-11-11T00:00:00Z
WEB-70153,100.000.153-93,Vinicius Santos,vinicius.santos50@example.com,+5511951617680,1997-07-27,"Av. Paulista, 927",49185-361,Brasília,DF,True,Parceiro Bank,2024-01-20T00:00:00Z
WEB-70154,100.000.154-74,Juliana Ribeiro,juliana.ribeiro16@example.com,+5511998010774,1986-05-04,"Rua das Flores, 1634",93841-381,Salvador,BA,True,App Android,2025-05-17T00:00:00Z
WEB-70155,100.000.155-55,LUCAS FERREIRA,lucas.ferreira73@example.com,+5511976776459,1988-09-09,"Av. Brasil, 2489",30146-492,Florianópolis,SC,False,App Android,2023-11-25T00:00:00Z
WEB-70156,100.000.156-36,Sofia Gomes,sofia.gomes51@example.com,11923770458,1970-06-22,"Av. Brasil, 935",58486-855,Porto Alegre,RS,True,Parceiro Bank,2025-03-13T00:00:00Z
WEB-70157,100.000.157-17,Diego Almeida,diego.almeida54@example.com,+5511970012727,1967-12-28,"Rua Oscar Freire, 1188",62430-401,Recife,PE,True,App Android,2022-11-29T00:00:00Z
WEB-70158,100.000.158-06,CARLA MARTINS,carla.martins56@example.com,+5511978865239,1975-01-05,"Rua Oscar Freire, 1473",95730-705,Goiânia,GO,True,Portal Web,2022-10-06T00:00:00Z
WEB-70159,100.000.159-89,Marcelo Ribeiro,MARCELO.RIBEIRO56@EXAMPLE.COM,+5511961385847,2001-01-20,"Rua Oscar Freire, 870",43798-560,Goiânia,GO,True,App iOS,2026-04-19T00:00:00Z
WEB-70160,100.000.160-12,Marcelo Oliveira,marcelo.oliveira83@example.com,+5511928481124,1998-06-13,"Rua Augusta, 2482",42825-889,Goiânia,GO,True,Parceiro Bank,2023-12-24T00:00:00Z
WEB-70161,100.000.161-01,Larissa Ferreira,larissa.ferreira73@example.com,+5511979490594,1989-09-04,"Av. Faria Lima, 2236",96348-722,Porto Alegre,RS,True,App iOS,2024-07-12T00:00:00Z
WEB-70162,100.000.162-84,Diego Lopes,diego.lopes35@example.com,11926460116,1973-02-15,"Rua Augusta, 1019",86227-230,Florianópolis,SC,True,Parceiro Bank,2022-10-23T00:00:00Z
WEB-70163,100.000.163-65,Camila Ribeiro,CAMILA.RIBEIRO18@EXAMPLE.COM,+5511983819367,1999-05-10,"Av. Faria Lima, 1954",52379-943,Florianópolis,SC,True,App iOS,2024-05-16T00:00:00Z
WEB-70164,100.000.164-46,Daniel Alves,daniel922@gmail.com,11941774192,1996-01-12,"Av. Paulista, 758",27643-440,Recife,PE,True,App iOS,2023-07-08T00:00:00Z
WEB-70165,100.000.165-27,Eduardo B.,eduardo.barbosa21@example.com,+5511918824561,1984-07-23,"Av. Faria Lima, 2122",74579-677,Brasília,DF,True,Parceiro Bank,2026-02-19T00:00:00Z
WEB-70166,100.000.166-08,Carla Rodrigues,carla.rodrigues50@example.com,11996213226,1969-08-15,"Rua Oscar Freire, 1642",10768-560,Fortaleza,CE,False,App Android,2023-07-13T00:00:00Z
WEB-70167,100.000.167-99,Caio Vieira,caio.vieira33@example.com,+5511927318510,1992-09-28,"Rua Oscar Freire, 1897",25395-837,Rio de Janeiro,RJ,True,App iOS,2023-01-28T00:00:00Z
WEB-70168,100.000.168-70,YASMIN PEREIRA,yasmin.pereira54@example.com,+5511979645282,1983-02-09,"Rua XV de Novembro, 1587",51302-685,Goiânia,GO,True,Parceiro Bank,2024-01-16T00:00:00Z
WEB-70169,100.000.169-50,Sofia Oliveira,sofia.oliveira74@example.com,11996031876,1975-10-19,"Rua Augusta, 2383",76339-707,Belo Horizonte,MG,True,Portal Web,2025-05-09T00:00:00Z
WEB-70170,100.000.170-94,RENATO SILVA,RENATO.SILVA20@EXAMPLE.COM,11916101779,2001-05-21,"Rua XV de Novembro, 1713",70362-707,Recife,PE,True,Parceiro Bank,2024-03-01T00:00:00Z
WEB-70171,100.000.171-75,Vinicius Fernandes,vinicius.fernandes47@example.com,11996155337,1984-08-08,"Rua XV de Novembro, 784",25045-944,Salvador,BA,True,Portal Web,2023-06-26T00:00:00Z
WEB-70172,100.000.172-56,Fernanda Almeida,fernanda.almeida63@example.com,+5511974995086,1994-04-11,"Rua Augusta, 1252",40742-745,Belo Horizonte,MG,True,Portal Web,2025-04-21T00:00:00Z
WEB-70173,100.000.173-37,Natan Rodrigues,natan.rodrigues57@example.com,+5511979119463,2000-02-11,"Rua XV de Novembro, 1716",52870-519,Brasília,DF,True,Portal Web,2023-03-30T00:00:00Z
WEB-70174,100.000.174-18,Daniel Santos,daniel733@gmail.com,11961559717,1991-04-28,"Rua Augusta, 1717",17319-761,Campinas,SP,True,Parceiro Bank,2023-03-02T00:00:00Z
WEB-70175,100.000.175-07,Rodrigo Almeida,RODRIGO.ALMEIDA73@EXAMPLE.COM,11951411602,1996-01-03,"Av. Faria Lima, 668",97468-297,Fortaleza,CE,False,App iOS,2025-12-17T00:00:00Z
WEB-70176,100.000.176-80,Mariana S.,mariana.santos16@example.com,+5511947763008,1996-10-27,"Rua Oscar Freire, 1775",62554-166,Goiânia,GO,False,Parceiro Bank,2024-02-29T00:00:00Z
WEB-70177,100.000.177-60,Olivia Rodrigues,olivia.rodrigues43@example.com,11959093843,1990-06-02,"Rua das Flores, 1442",88562-577,São Paulo,SP,True,App iOS,2024-10-21T00:00:00Z
WEB-70178,100.000.178-41,Natan S.,natan.soares67@example.com,+5511983800569,1982-10-22,"Av. Paulista, 1070",74257-580,Rio de Janeiro,RJ,True,Parceiro Bank,2025-01-08T00:00:00Z
WEB-70179,100.000.179-22,Patricia Costa,patricia.costa81@example.com,11959070856,1974-04-20,"Av. Faria Lima, 542",64738-174,Salvador,BA,False,App iOS,2022-03-18T00:00:00Z
WEB-70180,100.000.180-66,Patricia Lopes,patricia.lopes76@example.com,11971335966,1974-10-17,"Rua Oscar Freire, 865",31662-598,Campinas,SP,True,App Android,2023-06-29T00:00:00Z
WEB-70181,100.000.181-47,Larissa Gomes,larissa.gomes85@example.com,11955147280,1997-09-18,"Rua Augusta, 1523",25254-855,Florianópolis,SC,True,Portal Web,2024-09-03T00:00:00Z
WEB-70182,100.000.182-28,LUCAS SOUZA,lucas.souza63@example.com,11988343175,1984-12-28,"Rua Augusta, 269",14681-564,Goiânia,GO,True,App Android,2025-05-04T00:00:00Z
WEB-70183,100.000.183-09,Thiago Pereira,thiago.pereira16@example.com,+5511988319168,1995-03-17,"Av. Paulista, 1240",87677-174,Florianópolis,SC,True,App iOS,2024-02-14T00:00:00Z
WEB-70184,100.000.184-90,Bruno Vieira,BRUNO.VIEIRA99@EXAMPLE.COM,+5511924749927,1977-01-15,"Rua das Flores, 2128",33442-722,Salvador,BA,True,App iOS,2025-04-23T00:00:00Z
WEB-70185,100.000.185-70,RODRIGO BARBOSA,rodrigo.barbosa70@example.com,+5511918359252,1973-09-07,"Av. Faria Lima, 877",10670-985,Campinas,SP,True,App Android,2023-09-15T00:00:00Z
WEB-70186,100.000.186-51,Paulo Fernandes,paulo963@gmail.com,+5511983319550,1987-11-25,"Rua Oscar Freire, 1918",40212-831,Goiânia,GO,True,Parceiro Bank,2024-08-03T00:00:00Z
WEB-70187,100.000.187-32,Igor F.,igor.fernandes48@example.com,11940181142,1984-05-23,"Rua Oscar Freire, 718",88518-117,Florianópolis,SC,True,Parceiro Bank,2024-06-25T00:00:00Z
WEB-70188,100.000.188-13,Yasmin Lima,yasmin742@gmail.com,+5511926357665,2001-11-18,"Rua das Flores, 1329",53709-309,Salvador,BA,True,Portal Web,2025-06-20T00:00:00Z
WEB-70189,100.000.189-02,Juliana Santos,juliana.santos46@example.com,+5511920607151,1987-08-21,"Av. Brasil, 1578",52834-540,Florianópolis,SC,True,App iOS,2023-02-22T00:00:00Z
WEB-70190,100.000.190-38,Igor Fernandes,igor.fernandes99@example.com,11946456416,1973-02-20,"Rua XV de Novembro, 1972",12835-830,Recife,PE,True,Portal Web,2024-01-24T00:00:00Z
WEB-70191,10000019119,Helena P.,helena.pereira16@example.com,+5511923448342,1991-06-23,"Av. Faria Lima, 155",41756-650,Rio de Janeiro,RJ,True,App Android,2022-03-08T00:00:00Z
WEB-70192,100.000.192-08,Olivia Lopes,olivia.lopes71@example.com,+5511997313825,1977-05-11,"Av. Faria Lima, 852",53366-339,Goiânia,GO,True,App iOS,2026-07-11T10:00:00Z
WEB-70193,100.000.193-80,Helena Fernandes,helena.fernandes14@example.com,+5511933496796,1991-03-02,"Rua Oscar Freire, 2462",14508-287,Brasília,DF,True,App Android,2025-04-16T00:00:00Z
WEB-70194,100.000.194-61,VINICIUS SANTOS,vinicius.santos11@example.com,+5511950049524,2001-10-04,"Rua XV de Novembro, 1687",46177-258,Porto Alegre,RS,True,App Android,2024-02-02T00:00:00Z
WEB-70195,100.000.195-42,Vinicius Rodrigues,vinicius.rodrigues74@example.com,+5511972816684,1982-04-26,"Av. Faria Lima, 975",52839-617,Campinas,SP,False,Parceiro Bank,2025-11-28T00:00:00Z
WEB-70196,100.000.196-23,Diego Ferreira,diego297@gmail.com,+5511955246430,1983-10-22,"Rua das Flores, 2471",24866-179,Belo Horizonte,MG,False,Parceiro Bank,2025-11-03T00:00:00Z
WEB-70197,100.000.197-04,CARLA MARTINS,carla.martins95@example.com,+5511922802372,1976-03-16,"Rua das Flores, 1466",30498-137,Curitiba,PR,True,App iOS,2023-06-25T00:00:00Z
WEB-70198,100.000.198-95,Marcelo Lima,marcelo.lima52@example.com,+5511950526484,2002-12-19,"Rua XV de Novembro, 534",26505-152,Porto Alegre,RS,False,App Android,2024-08-30T00:00:00Z
WEB-70199,100.000.199-76,Paulo Gomes,paulo687@gmail.com,11964414096,1997-12-25,"Av. Paulista, 1619",66467-202,Florianópolis,SC,True,Parceiro Bank,2024-01-03T00:00:00Z
WEB-70200,100.000.200-44,Mariana Barbosa,mariana.barbosa38@example.com,+5511939410942,1973-08-05,"Rua Oscar Freire, 1140",48919-506,Florianópolis,SC,False,App iOS,2024-04-15T00:00:00Z
WEB-70201,100.000.201-25,Marcelo F.,marcelo.fernandes95@example.com,+5511939314711,1980-11-25,"Av. Faria Lima, 2358",56218-688,Rio de Janeiro,RJ,True,App iOS,2023-12-02T00:00:00Z
WEB-70202,100.000.202-06,Yasmin Vieira,YASMIN.VIEIRA24@EXAMPLE.COM,11918289024,2000-09-07,"Rua Oscar Freire, 1524",57572-628,Fortaleza,CE,True,App iOS,2023-04-13T00:00:00Z
WEB-70203,100.000.203-97,Paulo Souza,paulo.souza97@example.com,11937568520,2002-08-03,"Rua das Flores, 1664",29022-961,Brasília,DF,True,App iOS,2025-02-28T00:00:00Z
WEB-70204,100.000.204-78,Paulo Vieira,paulo698@gmail.com,+5511985000490,1994-11-26,"Rua das Flores, 2159",69891-501,Florianópolis,SC,False,Parceiro Bank,2023-07-27T00:00:00Z
WEB-70205,100.000.205-59,Larissa A.,larissa.alves84@example.com,11919801857,1967-07-12,"Rua XV de Novembro, 1872",10096-290,Rio de Janeiro,RJ,False,App Android,2026-07-26T10:00:00Z
WEB-70206,100.000.206-30,Bruno Gomes,bruno.gomes62@example.com,+5511934156684,1973-11-24,"Av. Faria Lima, 809",49524-226,Salvador,BA,True,Portal Web,2026-02-19T00:00:00Z
WEB-70207,100.000.207-10,Natan Oliveira,NATAN.OLIVEIRA97@EXAMPLE.COM,11998824290,1999-03-21,"Rua XV de Novembro, 895",82643-388,Rio de Janeiro,RJ,False,Portal Web,2023-07-26T00:00:00Z
WEB-70208,100.000.208-00,Larissa Pereira,larissa.pereira10@example.com,11913051483,1984-08-22,"Rua XV de Novembro, 1235",43152-947,Fortaleza,CE,True,Parceiro Bank,2025-03-07T00:00:00Z
WEB-70209,10000020982,Helena Almeida,helena.almeida54@example.com,11930820038,1982-04-24,"Av. Brasil, 780",69167-946,São Paulo,SP,True,App iOS,2023-10-26T00:00:00Z
WEB-70210,100.000.210-16,Helena Alves,helena.alves18@example.com,+5511923542127,1967-08-20,"Rua das Flores, 2178",38482-415,Florianópolis,SC,True,Parceiro Bank,2024-04-04T00:00:00Z
WEB-70211,100.000.211-05,Paulo Pereira,PAULO.PEREIRA79@EXAMPLE.COM,+5511939161379,1968-03-17,"Rua XV de Novembro, 794",26733-947,Curitiba,PR,True,App Android,2023-12-23T00:00:00Z
WEB-70212,100.000.212-88,Helena Gomes,helena.gomes28@example.com,+5511998612211,1998-04-14,"Av. Brasil, 765",14946-674,Porto Alegre,RS,True,Parceiro Bank,2025-06-14T00:00:00Z
WEB-70213,100.000.213-69,Caio Carvalho,CAIO.CARVALHO81@EXAMPLE.COM,+5511976521096,1968-06-21,"Rua das Flores, 1310",17420-216,Salvador,BA,True,Parceiro Bank,2025-05-19T00:00:00Z
WEB-70214,100.000.214-40,Juliana Martins,juliana.martins33@example.com,+5511982199509,1995-04-28,"Av. Faria Lima, 177",71582-445,Porto Alegre,RS,True,Portal Web,2024-04-29T00:00:00Z
WEB-70215,100.000.215-20,Sofia C.,sofia.carvalho63@example.com,+5511984797762,1998-03-13,"Av. Faria Lima, 1987",38226-641,Porto Alegre,RS,True,Parceiro Bank,2024-11-05T00:00:00Z
WEB-70216,100.000.216-01,VANESSA RIBEIRO,VANESSA.RIBEIRO21@EXAMPLE.COM,11981891784,1977-01-09,"Rua XV de Novembro, 2431",79947-493,Goiânia,GO,True,Parceiro Bank,2025-05-05T00:00:00Z
WEB-70217,100.000.217-92,Larissa Fernandes,larissa.fernandes37@example.com,+5511974343201,1978-06-10,"Rua Augusta, 2442",35512-416,Curitiba,PR,True,Parceiro Bank,2025-02-16T00:00:00Z
WEB-70218,100.000.218-73,Yasmin P.,yasmin474@gmail.com,+5511991121400,1978-07-08,"Rua Oscar Freire, 513",68972-441,Campinas,SP,True,App iOS,2023-02-09T00:00:00Z
WEB-70219,100.000.219-54,Juliana Lima,juliana.lima56@example.com,+5511978829070,1996-08-04,"Av. Paulista, 933",72434-640,Brasília,DF,True,Portal Web,2024-10-27T00:00:00Z
WEB-70220,100.000.220-98,OLIVIA SANTOS,olivia.santos82@example.com,+5511939698906,1974-01-09,"Rua Oscar Freire, 1892",18856-709,Recife,PE,True,Portal Web,2023-06-08T00:00:00Z
WEB-70221,100.000.221-79,Helena Martins,HELENA.MARTINS82@EXAMPLE.COM,11942981324,1996-09-21,"Rua Oscar Freire, 2496",56986-296,Campinas,SP,False,App iOS,2026-04-13T00:00:00Z
WEB-70222,100.000.222-50,Paulo Ferreira,paulo316@gmail.com,+5511932718459,1973-12-18,"Av. Faria Lima, 2459",12439-107,Belo Horizonte,MG,True,Parceiro Bank,2025-01-18T00:00:00Z
WEB-70223,100.000.223-30,RENATO SANTOS,RENATO.SANTOS10@EXAMPLE.COM,+5511965350347,1973-11-08,"Av. Brasil, 874",31149-919,Florianópolis,SC,True,Portal Web,2023-10-22T00:00:00Z
WEB-70224,100.000.224-11,Mariana Santos,mariana.santos89@example.com,+5511995594482,1995-11-16,"Av. Brasil, 1946",29769-188,São Paulo,SP,True,Parceiro Bank,2023-10-05T00:00:00Z
WEB-70225,100.000.225-00,Sofia Gomes,sofia.gomes12@example.com,+5511977406294,1992-03-04,"Av. Paulista, 1351",65378-348,Fortaleza,CE,True,App Android,2022-10-03T00:00:00Z
WEB-70226,100.000.226-83,IGOR RIBEIRO,IGOR.RIBEIRO44@EXAMPLE.COM,+5511963270536,1970-06-13,"Rua das Flores, 621",82045-903,Recife,PE,True,Portal Web,2025-01-25T00:00:00Z
WEB-70227,100.000.227-64,Caio S.,caio.santos21@example.com,+5511964395532,1989-07-18,"Rua XV de Novembro, 1939",99133-621,São Paulo,SP,True,Portal Web,2025-06-09T00:00:00Z
WEB-70228,10000022845,Vanessa Carvalho,vanessa.carvalho92@example.com,+5511954462389,2001-02-17,"Av. Paulista, 1320",90202-602,Curitiba,PR,True,Portal Web,2025-12-13T00:00:00Z
WEB-70229,100.000.229-26,Rafaela Lima,rafaela.lima15@example.com,+5511919978827,1982-09-19,"Rua Oscar Freire, 164",16034-480,São Paulo,SP,True,App Android,2026-07-25T00:00:00Z
WEB-70230,100.000.230-60,Gabriel V.,gabriel.vieira28@example.com,+5511963458386,1969-05-06,"Av. Faria Lima, 629",36742-971,Curitiba,PR,False,App Android,2025-05-17T00:00:00Z
WEB-70231,10000023140,Natan Rodrigues,natan542@gmail.com,+5511920526386,1997-12-12,"Av. Faria Lima, 1909",92779-342,Rio de Janeiro,RJ,True,Portal Web,2024-03-13T00:00:00Z
WEB-70232,100.000.232-21,Beatriz Barbosa,beatriz.barbosa86@example.com,11963244581,1985-01-21,"Rua Augusta, 495",51684-210,Brasília,DF,True,Portal Web,2023-03-07T00:00:00Z
WEB-70233,100.000.233-02,Olivia Ferreira,OLIVIA.FERREIRA97@EXAMPLE.COM,+5511988634827,1989-02-25,"Rua Augusta, 76",50311-550,Porto Alegre,RS,False,App Android,2025-05-10T00:00:00Z
WEB-70234,100.000.234-93,Eduardo Martins,eduardo.martins91@example.com,+5511930706693,1989-06-12,"Rua Augusta, 603",76727-920,Rio de Janeiro,RJ,True,App iOS,2025-03-17T00:00:00Z
WEB-70235,10000023574,Marcelo Lima,marcelo.lima23@example.com,11927784789,1970-03-14,"Rua Oscar Freire, 926",34113-504,Fortaleza,CE,True,Portal Web,2023-09-01T00:00:00Z
WEB-70236,100.000.236-55,Sofia Oliveira,sofia.oliveira86@example.com,+5511990268079,1985-07-01,"Rua das Flores, 619",98195-482,Salvador,BA,True,Portal Web,2025-12-02T00:00:00Z
WEB-70237,100.000.237-36,Vinicius Pereira,VINICIUS.PEREIRA83@EXAMPLE.COM,+5511979941466,1975-11-13,"Av. Brasil, 1130",23259-664,Belo Horizonte,MG,True,Parceiro Bank,2022-12-30T00:00:00Z
WEB-70238,100.000.238-17,Carla Ferreira,carla.ferreira65@example.com,+5511947038975,1991-05-16,"Rua Augusta, 854",50737-427,Campinas,SP,True,App iOS,2024-09-05T00:00:00Z
WEB-70239,100.000.239-06,Beatriz Barbosa,beatriz857@gmail.com,11971453148,1971-03-10,"Rua Augusta, 2170",15700-533,Salvador,BA,True,App Android,2024-10-28T00:00:00Z
WEB-70240,100.000.240-31,Paulo Costa,paulo.costa65@example.com,11997380687,1973-05-11,"Rua XV de Novembro, 2390",37781-922,Florianópolis,SC,True,Portal Web,2023-07-12T00:00:00Z
WEB-70241,100.000.241-12,Lucas Gomes,lucas.gomes98@example.com,11994946730,1996-10-26,"Rua Oscar Freire, 20",24908-565,Campinas,SP,False,Parceiro Bank,2024-01-31T00:00:00Z
WEB-70242,100.000.242-01,Mariana Souza,mariana.souza82@example.com,+5511936816708,2002-09-06,"Av. Faria Lima, 32",55066-452,Fortaleza,CE,True,Portal Web,2025-04-23T00:00:00Z
WEB-70243,100.000.243-84,Paulo Gomes,paulo.gomes98@example.com,+5511919282319,1991-11-16,"Av. Faria Lima, 1132",76580-287,Goiânia,GO,True,Parceiro Bank,2023-07-08T00:00:00Z
WEB-70244,100.000.244-65,DIEGO CARVALHO,diego.carvalho58@example.com,+5511919927432,1993-10-16,"Rua XV de Novembro, 961",15786-495,Salvador,BA,True,App iOS,2024-07-05T00:00:00Z
WEB-70245,100.000.245-46,Diego Fernandes,diego.fernandes86@example.com,+5511995655118,1970-02-25,"Rua Oscar Freire, 1612",54754-945,Goiânia,GO,True,App iOS,2023-07-05T00:00:00Z
WEB-70246,100.000.246-27,Thiago M.,THIAGO.MARTINS52@EXAMPLE.COM,+5511967774765,1971-01-04,"Av. Paulista, 1725",29953-854,Curitiba,PR,True,App Android,2025-01-06T00:00:00Z
WEB-70247,100.000.247-08,Marcelo Vieira,marcelo.vieira98@example.com,+5511977171380,1974-06-01,"Av. Brasil, 1023",29204-160,Rio de Janeiro,RJ,True,App iOS,2023-03-05T00:00:00Z
WEB-70248,100.000.248-99,Daniel Rodrigues,DANIEL.RODRIGUES54@EXAMPLE.COM,11951861213,1986-08-26,"Rua das Flores, 544",74572-798,Fortaleza,CE,False,Parceiro Bank,2023-11-22T00:00:00Z
WEB-70249,100.000.249-70,Larissa Almeida,larissa.almeida50@example.com,+5511919015987,1984-01-26,"Av. Faria Lima, 792",17934-677,Rio de Janeiro,RJ,True,Portal Web,2025-03-05T00:00:00Z
WEB-70250,100.000.250-03,Camila Ferreira,camila.ferreira41@example.com,+5511979255529,1976-09-06,"Av. Paulista, 1302",11658-839,Fortaleza,CE,True,App iOS,2025-04-24T00:00:00Z
WEB-70251,100.000.251-94,Caio Ferreira,caio.ferreira33@example.com,11995963619,1992-07-01,"Av. Faria Lima, 1435",31012-363,Recife,PE,False,Parceiro Bank,2025-05-31T00:00:00Z
WEB-70252,100.000.252-75,ANA ALVES,ana.alves36@example.com,+5511947358810,1969-10-04,"Av. Paulista, 2380",54231-441,Belo Horizonte,MG,True,App Android,2023-12-21T00:00:00Z
WEB-70253,100.000.253-56,Igor Lopes,IGOR.LOPES77@EXAMPLE.COM,+5511995779702,1985-10-13,"Rua XV de Novembro, 2462",81249-133,Salvador,BA,True,App Android,2024-09-05T00:00:00Z
WEB-70254,100.000.254-37,Beatriz Ferreira,beatriz.ferreira96@example.com,11949922369,2002-02-22,"Av. Faria Lima, 1455",66641-764,Campinas,SP,True,Portal Web,2023-10-28T00:00:00Z
WEB-70255,100.000.255-18,Mariana R.,mariana.rodrigues75@example.com,+5511962138657,1991-10-05,"Av. Brasil, 217",12350-994,Salvador,BA,False,Portal Web,2024-07-11T00:00:00Z
WEB-70256,100.000.256-07,Diego Ferreira,diego.ferreira81@example.com,11932396311,1996-05-05,"Rua XV de Novembro, 1272",76223-222,Campinas,SP,True,App Android,2024-09-29T00:00:00Z
WEB-70257,100.000.257-80,ANA LOPES,ana.lopes27@example.com,+5511936189702,1989-09-17,"Av. Brasil, 76",61036-667,Brasília,DF,True,Parceiro Bank,2025-09-13T00:00:00Z
WEB-70258,100.000.258-60,Rafaela Ferreira,rafaela.ferreira20@example.com,+5511985886408,1966-04-10,"Av. Brasil, 939",84923-185,Porto Alegre,RS,True,App Android,2025-07-10T00:00:00Z
WEB-70259,100.000.259-41,THIAGO LOPES,thiago.lopes80@example.com,+5511978559218,1972-10-04,"Rua Augusta, 2310",20764-800,Fortaleza,CE,True,Portal Web,2024-07-22T00:00:00Z
WEB-70260,100.000.260-85,Marcelo Almeida,marcelo.almeida79@example.com,+5511939332201,1992-02-24,"Av. Faria Lima, 802",45657-672,Curitiba,PR,True,App iOS,2024-09-10T00:00:00Z
WEB-70261,100.000.261-66,Igor Ribeiro,igor272@gmail.com,11968930964,1972-04-07,"Rua XV de Novembro, 1646",27318-181,Recife,PE,True,Parceiro Bank,2024-08-07T00:00:00Z
WEB-70262,100.000.262-47,Fernanda Barbosa,fernanda116@gmail.com,11937732020,1978-01-19,"Av. Paulista, 1971",55066-180,Fortaleza,CE,True,App Android,2024-09-02T00:00:00Z
WEB-70263,100.000.263-28,DIEGO GOMES,diego.gomes47@example.com,+5511986871268,1982-09-22,"Rua Oscar Freire, 2009",97163-194,Belo Horizonte,MG,True,App Android,2025-10-04T00:00:00Z
WEB-70264,10000026409,Vanessa Rodrigues,vanessa.rodrigues99@example.com,11927809465,1980-03-23,"Rua Oscar Freire, 413",47294-590,Curitiba,PR,True,Parceiro Bank,2023-11-10T00:00:00Z
WEB-70265,100.000.265-90,Caio Carvalho,caio.carvalho58@example.com,+5511970665302,1969-11-26,"Rua XV de Novembro, 1657",94043-994,Salvador,BA,True,Portal Web,2024-11-14T00:00:00Z
WEB-70266,100.000.266-70,Paulo Lopes,paulo.lopes51@example.com,+5511988108751,1965-12-03,"Rua XV de Novembro, 2183",95030-267,Brasília,DF,True,Parceiro Bank,2024-12-02T00:00:00Z
WEB-70267,100.000.267-51,Natan Alves,natan.alves64@example.com,11938434222,1996-05-11,"Rua Oscar Freire, 1038",58024-290,Campinas,SP,True,Parceiro Bank,2025-01-13T00:00:00Z
WEB-70268,100.000.268-32,Vinicius Santos,vinicius.santos15@example.com,11923364695,1994-01-04,"Rua XV de Novembro, 203",71173-237,Brasília,DF,True,Portal Web,2022-09-17T00:00:00Z
WEB-70269,100.000.269-13,Gabriel Rodrigues,gabriel.rodrigues93@example.com,+5511950515702,1975-05-03,"Av. Paulista, 995",30920-171,Campinas,SP,True,Parceiro Bank,2023-01-04T00:00:00Z
WEB-70270,100.000.270-57,Bruno Martins,bruno.martins90@example.com,11951004756,1979-07-21,"Rua XV de Novembro, 1009",77964-325,Florianópolis,SC,True,Portal Web,2022-04-30T00:00:00Z
WEB-70271,100.000.271-38,Eduardo V.,eduardo.vieira38@example.com,+5511979718627,1993-01-01,"Av. Brasil, 2200",84763-492,Campinas,SP,True,Portal Web,2025-01-04T00:00:00Z
WEB-70272,100.000.272-19,Rafaela Oliveira,rafaela.oliveira39@example.com,+5511961414775,1970-12-26,"Av. Faria Lima, 1130",14215-987,Rio de Janeiro,RJ,True,Parceiro Bank,2024-08-11T00:00:00Z
WEB-70273,100.000.273-08,Natan Rodrigues,natan.rodrigues92@example.com,+5511929173414,1969-09-19,"Rua das Flores, 605",72629-365,Recife,PE,True,Portal Web,2024-05-29T00:00:00Z
WEB-70274,100.000.274-80,Caio Rodrigues,CAIO.RODRIGUES62@EXAMPLE.COM,+5511992688322,1993-04-03,"Rua Augusta, 2462",21448-709,Belo Horizonte,MG,True,Parceiro Bank,2024-05-18T00:00:00Z
WEB-70275,100.000.275-61,OLIVIA COSTA,olivia299@gmail.com,+5511943257324,1982-11-03,"Av. Faria Lima, 1376",73869-220,Fortaleza,CE,True,Portal Web,2025-11-09T00:00:00Z
WEB-70276,100.000.276-42,Vanessa Gomes,VANESSA.GOMES36@EXAMPLE.COM,+5511979491111,1997-04-24,"Rua Augusta, 1159",17796-451,Porto Alegre,RS,True,App iOS,2025-11-10T00:00:00Z
WEB-70277,100.000.277-23,RAFAELA MARTINS,rafaela.martins24@example.com,+5511942357445,1996-11-20,"Av. Brasil, 285",34036-129,Fortaleza,CE,True,App Android,2024-01-10T00:00:00Z
WEB-70278,100.000.278-04,Natan Vieira,NATAN.VIEIRA63@EXAMPLE.COM,+5511959044830,1999-11-06,"Av. Faria Lima, 2298",55311-341,Rio de Janeiro,RJ,True,App Android,2023-10-28T00:00:00Z
WEB-70279,10000027995,Gabriel Santos,gabriel.santos17@example.com,11963415303,1997-05-21,"Av. Faria Lima, 1241",81723-586,Fortaleza,CE,True,Portal Web,2023-12-01T00:00:00Z
WEB-70280,100.000.280-29,CAIO FERNANDES,caio244@gmail.com,+5511992684436,1974-05-03,"Rua Augusta, 442",62172-316,Rio de Janeiro,RJ,True,App Android,2026-03-25T00:00:00Z
WEB-70281,100.000.281-00,Lucas Martins,lucas609@gmail.com,+5511995133532,1969-05-23,"Rua Augusta, 1525",75557-888,Florianópolis,SC,True,App iOS,2024-03-17T00:00:00Z
WEB-70282,100.000.282-90,DANIEL ALMEIDA,daniel.almeida88@example.com,11991716102,1968-05-22,"Av. Faria Lima, 42",88148-955,Goiânia,GO,True,App Android,2024-06-15T00:00:00Z
WEB-70283,100.000.283-71,Diego Silva,DIEGO.SILVA30@EXAMPLE.COM,+5511976627415,1987-09-17,"Av. Faria Lima, 809",10849-238,Porto Alegre,RS,True,Parceiro Bank,2025-03-20T00:00:00Z
WEB-70284,100.000.284-52,Larissa Souza,larissa506@gmail.com,+5511954964418,1992-05-17,"Av. Brasil, 2313",56045-202,Porto Alegre,RS,True,App iOS,2024-08-07T00:00:00Z
WEB-70285,100.000.285-33,Bruno Lopes,bruno759@gmail.com,+5511932398441,1988-03-09,"Rua Oscar Freire, 1562",48216-361,Recife,PE,True,Parceiro Bank,2023-06-25T00:00:00Z
WEB-70286,100.000.286-14,Bruno S.,bruno.silva41@example.com,+5511916171536,1995-06-13,"Av. Paulista, 248",73425-936,Belo Horizonte,MG,True,App Android,2024-01-07T00:00:00Z
WEB-70287,100.000.287-03,Helena Costa,helena391@gmail.com,11965869014,1985-05-27,"Av. Brasil, 1574",83870-973,Recife,PE,False,App Android,2022-11-17T00:00:00Z
WEB-70288,100.000.288-86,Fernanda Pereira,fernanda.pereira76@example.com,+5511916164431,1990-02-15,"Rua Augusta, 1482",12472-918,Porto Alegre,RS,False,Parceiro Bank,2022-06-04T00:00:00Z
WEB-70289,100.000.289-67,Mariana Alves,mariana.alves47@example.com,+5511985672859,1984-12-20,"Rua XV de Novembro, 1791",78996-906,Brasília,DF,True,App Android,2025-05-23T00:00:00Z
WEB-70290,10000029009,Larissa Fernandes,LARISSA.FERNANDES41@EXAMPLE.COM,+5511930208677,1965-07-01,"Rua Oscar Freire, 2013",73301-472,Fortaleza,CE,True,App Android,2024-12-06T00:00:00Z
WEB-70291,100.000.291-81,Lucas Silva,lucas674@gmail.com,11960502752,1984-02-07,"Rua Augusta, 1786",89680-881,Curitiba,PR,True,Parceiro Bank,2025-01-19T00:00:00Z
WEB-70292,100.000.292-62,Diego Lima,diego.lima21@example.com,+5511915892193,1979-09-14,"Rua Augusta, 1279",81775-254,Campinas,SP,False,Portal Web,2025-02-16T00:00:00Z
WEB-70293,100.000.293-43,Daniel Soares,daniel.soares27@example.com,+5511995525640,1990-02-19,"Av. Paulista, 968",62880-683,São Paulo,SP,True,Portal Web,2024-08-08T00:00:00Z
WEB-70294,100.000.294-24,Juliana Lima,juliana900@gmail.com,+5511962741214,1985-06-15,"Rua das Flores, 440",82238-936,Curitiba,PR,False,App Android,2025-04-20T00:00:00Z
WEB-70295,100.000.295-05,Daniel Rodrigues,DANIEL.RODRIGUES23@EXAMPLE.COM,+5511932062036,1993-08-11,"Rua XV de Novembro, 266",38701-511,Rio de Janeiro,RJ,True,Portal Web,2025-09-24T00:00:00Z
WEB-70296,10000029696,Juliana Almeida,JULIANA.ALMEIDA43@EXAMPLE.COM,+5511926094525,1970-03-26,"Rua Oscar Freire, 1833",91848-956,Porto Alegre,RS,True,App iOS,2023-09-15T00:00:00Z
WEB-70297,100.000.297-77,EDUARDO OLIVEIRA,eduardo.oliveira41@example.com,11957746984,1990-09-02,"Av. Brasil, 1773",28382-144,Porto Alegre,RS,True,Portal Web,2026-01-05T00:00:00Z
WEB-70298,10000029858,Natan Almeida,natan.almeida81@example.com,+5511983835976,1980-02-15,"Av. Faria Lima, 1194",70253-785,Belo Horizonte,MG,True,Parceiro Bank,2023-03-22T00:00:00Z
WEB-70299,100.000.299-39,Eduardo Alves,eduardo.alves61@example.com,+5511959961172,1970-10-19,"Av. Brasil, 1159",77565-858,Rio de Janeiro,RJ,True,App Android,2023-06-29T00:00:00Z
WEB-70300,100.000.300-07,Patricia Rodrigues,patricia.rodrigues21@example.com,11954499873,1972-01-15,"Rua Augusta, 311",71517-624,Belo Horizonte,MG,True,Portal Web,2025-01-05T00:00:00Z
WEB-70301,100.000.301-98,ANA MARTINS,ana385@gmail.com,+5511967265875,1976-06-07,"Rua das Flores, 1813",84756-454,Porto Alegre,RS,True,Parceiro Bank,2024-06-22T00:00:00Z
WEB-70302,100.000.302-79,Beatriz Barbosa,beatriz.barbosa88@example.com,11942988674,1983-08-14,"Rua Oscar Freire, 1488",73143-911,Brasília,DF,True,Portal Web,2023-04-20T00:00:00Z
WEB-70303,100.000.303-50,Olivia Alves,OLIVIA.ALVES92@EXAMPLE.COM,+5511980573568,1980-11-26,"Rua Oscar Freire, 751",28980-374,São Paulo,SP,True,Parceiro Bank,2025-03-26T00:00:00Z
WEB-70304,10000030430,SOFIA LOPES,sofia216@gmail.com,+5511985920407,1997-06-13,"Av. Faria Lima, 2351",41141-125,Belo Horizonte,MG,False,App Android,2023-09-05T00:00:00Z
WEB-70305,100.000.305-11,Vinicius Lima,vinicius.lima17@example.com,+5511973308406,1998-06-25,"Rua Augusta, 2021",40270-912,Curitiba,PR,True,App Android,2022-09-09T00:00:00Z
WEB-70306,100.000.306-00,Igor F.,igor.fernandes17@example.com,+5511939448924,2001-07-12,"Rua Augusta, 412",81282-300,Belo Horizonte,MG,True,Parceiro Bank,2024-05-21T00:00:00Z
WEB-70307,10000030783,Yasmin Vieira,yasmin.vieira13@example.com,+5511957201978,2001-10-05,"Av. Brasil, 594",99346-759,Curitiba,PR,True,App Android,2024-02-13T00:00:00Z
WEB-70308,100.000.308-64,BRUNO OLIVEIRA,bruno.oliveira17@example.com,+5511941222178,1979-01-17,"Rua Oscar Freire, 1857",85248-815,São Paulo,SP,True,App Android,2026-03-26T00:00:00Z
WEB-70309,100.000.309-45,Lucas F.,lucas.ferreira51@example.com,11917993466,1966-03-19,"Rua Oscar Freire, 2124",38601-879,Belo Horizonte,MG,True,App iOS,2026-03-14T00:00:00Z
WEB-70310,100.000.310-89,CARLA RIBEIRO,carla.ribeiro94@example.com,+5511963095937,2002-02-11,"Rua Augusta, 960",83123-210,Campinas,SP,True,App iOS,2024-11-09T00:00:00Z
WEB-70311,10000031160,Patricia Lopes,patricia.lopes93@example.com,+5511952585056,1976-12-18,"Rua das Flores, 1132",55027-248,Recife,PE,True,Parceiro Bank,2024-08-08T00:00:00Z
WEB-70312,100.000.312-40,Natan Gomes,natan554@gmail.com,11949529438,1973-03-24,"Rua Augusta, 1801",13378-953,Florianópolis,SC,True,App iOS,2025-12-24T00:00:00Z
WEB-70313,100.000.313-21,Bruno Ferreira,bruno.ferreira87@example.com,11952710350,1979-11-19,"Rua das Flores, 1940",73068-427,Brasília,DF,True,Parceiro Bank,2024-03-23T00:00:00Z
WEB-70314,100.000.314-02,Mariana Costa,MARIANA.COSTA31@EXAMPLE.COM,+5511995387542,1970-12-22,"Av. Paulista, 127",96364-350,Florianópolis,SC,True,App iOS,2024-09-21T00:00:00Z
WEB-70315,100.000.315-93,Helena Oliveira,helena.oliveira54@example.com,+5511944448045,1971-12-01,"Rua Augusta, 356",55510-308,Salvador,BA,True,Portal Web,2024-07-19T00:00:00Z
WEB-70316,100.000.316-74,Vinicius Carvalho,VINICIUS.CARVALHO73@EXAMPLE.COM,+5511960829941,1987-09-13,"Rua XV de Novembro, 477",34748-779,Brasília,DF,True,App Android,2024-03-03T00:00:00Z
WEB-70317,100.000.317-55,Juliana Silva,juliana.silva50@example.com,+5511945047967,1971-02-11,"Av. Brasil, 680",10455-185,Salvador,BA,True,App iOS,2025-10-21T00:00:00Z
WEB-70318,100.000.318-36,Lucas Barbosa,lucas259@gmail.com,11974791834,1966-07-21,"Av. Brasil, 1747",70851-926,Recife,PE,True,App iOS,2022-06-27T00:00:00Z
WEB-70319,100.000.319-17,Gabriel Alves,gabriel.alves62@example.com,+5511984371711,1999-05-22,"Rua Oscar Freire, 177",83573-517,Porto Alegre,RS,False,Parceiro Bank,2023-06-10T00:00:00Z
WEB-70320,10000032050,Sofia Lopes,sofia.lopes29@example.com,+5511917315517,1988-01-14,"Av. Paulista, 1871",74053-671,Porto Alegre,RS,True,App Android,2022-12-07T00:00:00Z
WEB-70321,100.000.321-31,Fernanda G.,FERNANDA.GOMES20@EXAMPLE.COM,+5511973561576,1972-05-26,"Rua Augusta, 2327",44922-822,Brasília,DF,True,Parceiro Bank,2026-05-04T00:00:00Z
WEB-70322,10000032212,Caio Fernandes,caio.fernandes59@example.com,+5511934814337,1988-07-12,"Av. Faria Lima, 1046",24816-945,Brasília,DF,True,Portal Web,2024-03-03T00:00:00Z
WEB-70323,100.000.323-01,Helena L.,helena.lima82@example.com,+5511918273096,1974-12-22,"Rua Augusta, 2099",94488-832,Rio de Janeiro,RJ,True,App Android,2026-04-12T00:00:00Z
WEB-70324,10000032484,HELENA FERNANDES,HELENA.FERNANDES17@EXAMPLE.COM,11961956500,1998-07-18,"Rua Augusta, 2125",93956-787,Brasília,DF,False,Portal Web,2023-09-23T00:00:00Z
WEB-70325,100.000.325-65,Vinicius Santos,VINICIUS.SANTOS74@EXAMPLE.COM,11986667841,1998-10-22,"Av. Faria Lima, 859",33663-207,Belo Horizonte,MG,True,Parceiro Bank,2024-11-14T00:00:00Z
WEB-70326,100.000.326-46,FERNANDA ALVES,fernanda.alves34@example.com,11926936398,1967-07-03,"Av. Paulista, 1482",59302-442,Salvador,BA,False,App iOS,2024-10-17T00:00:00Z
WEB-70327,100.000.327-27,Igor Costa,IGOR.COSTA18@EXAMPLE.COM,11921680625,1989-09-13,"Rua das Flores, 1929",64050-833,Campinas,SP,True,App iOS,2024-06-12T00:00:00Z
WEB-70328,100.000.328-08,Patricia Barbosa,PATRICIA.BARBOSA85@EXAMPLE.COM,+5511980137085,1991-02-14,"Av. Faria Lima, 645",40469-301,Belo Horizonte,MG,True,Portal Web,2025-01-22T00:00:00Z
WEB-70329,100.000.329-99,Patricia Gomes,PATRICIA.GOMES78@EXAMPLE.COM,+5511956153339,1991-05-13,"Rua Augusta, 1278",79644-187,Brasília,DF,True,Parceiro Bank,2022-10-18T00:00:00Z
WEB-70330,100.000.330-22,Eduardo Barbosa,eduardo585@gmail.com,+5511963917932,1967-07-11,"Av. Faria Lima, 134",78410-230,Curitiba,PR,True,Portal Web,2025-02-28T00:00:00Z
WEB-70331,10000033103,Vinicius Ribeiro,vinicius.ribeiro12@example.com,11955347617,1984-05-09,"Av. Paulista, 982",46900-533,Florianópolis,SC,False,App iOS,2026-03-27T00:00:00Z
WEB-70332,100.000.332-94,Juliana Almeida,juliana112@gmail.com,+5511946160937,1991-10-21,"Rua Augusta, 2055",75911-457,Curitiba,PR,True,App Android,2023-10-26T00:00:00Z
WEB-70333,100.000.333-75,Larissa Lopes,larissa.lopes76@example.com,+5511960185378,1968-09-26,"Rua das Flores, 1032",18631-118,Rio de Janeiro,RJ,True,Parceiro Bank,2025-10-06T00:00:00Z
WEB-70334,100.000.334-56,Marcelo Soares,marcelo.soares82@example.com,+5511913885356,1976-04-27,"Rua das Flores, 2352",85783-162,São Paulo,SP,True,Portal Web,2023-02-24T00:00:00Z
WEB-70335,100.000.335-37,Diego Alves,diego.alves45@example.com,11959439358,1994-09-13,"Av. Brasil, 133",21335-885,Rio de Janeiro,RJ,True,App iOS,2024-02-20T00:00:00Z
WEB-70336,100.000.336-18,Paulo Ferreira,paulo.ferreira70@example.com,11988769733,2000-06-12,"Av. Faria Lima, 236",72731-543,Porto Alegre,RS,False,Parceiro Bank,2022-12-25T00:00:00Z
WEB-70337,100.000.337-07,Fernanda Vieira,fernanda668@gmail.com,+5511939709238,1979-11-07,"Av. Faria Lima, 81",33608-460,Goiânia,GO,True,App Android,2024-07-20T00:00:00Z
WEB-70338,100.000.338-80,Rafaela Rodrigues,rafaela.rodrigues92@example.com,+5511933246598,1965-04-09,"Rua das Flores, 1454",14444-111,Porto Alegre,RS,True,Parceiro Bank,2025-02-05T00:00:00Z
WEB-70339,100.000.339-60,Paulo Lima,paulo.lima37@example.com,11972639147,1984-11-17,"Rua das Flores, 568",99045-463,Salvador,BA,True,App Android,2022-08-13T00:00:00Z
WEB-70340,100.000.340-02,Sofia Barbosa,sofia.barbosa87@example.com,+5511947940248,1984-11-04,"Av. Faria Lima, 375",58458-990,Rio de Janeiro,RJ,True,App Android,2022-10-28T00:00:00Z
WEB-70341,100.000.341-85,IGOR GOMES,igor.gomes34@example.com,+5511930123169,1998-04-02,"Av. Paulista, 2327",77168-430,Salvador,BA,True,Portal Web,2024-10-31T00:00:00Z
WEB-70342,100.000.342-66,Caio Lopes,caio.lopes47@example.com,+5511944819604,1991-07-13,"Rua das Flores, 1176",78641-171,São Paulo,SP,True,Parceiro Bank,2024-05-26T00:00:00Z
WEB-70343,100.000.343-47,Camila Fernandes,camila.fernandes91@example.com,+5511973852097,1987-09-10,"Rua XV de Novembro, 1729",25348-379,Goiânia,GO,True,App Android,2023-03-02T00:00:00Z
WEB-70344,100.000.344-28,LARISSA LIMA,larissa239@gmail.com,+5511934571018,1986-11-03,"Rua Augusta, 2187",40363-660,Campinas,SP,False,Parceiro Bank,2026-01-15T00:00:00Z
WEB-70345,100.000.345-09,Patricia Costa,patricia.costa57@example.com,+5511944971668,2002-05-15,"Av. Paulista, 1278",82787-755,Brasília,DF,True,App iOS,2025-06-20T00:00:00Z
WEB-70346,100.000.346-90,Beatriz Oliveira,beatriz.oliveira70@example.com,11936111227,1997-02-28,"Rua das Flores, 2440",71018-583,Salvador,BA,True,App iOS,2025-03-05T00:00:00Z
WEB-70347,100.000.347-70,Eduardo A.,eduardo.alves53@example.com,+5511964920799,2001-08-05,"Rua XV de Novembro, 1701",89925-682,Florianópolis,SC,True,Parceiro Bank,2025-08-11T00:00:00Z
WEB-70348,100.000.348-51,CAIO FERREIRA,caio.ferreira50@example.com,+5511995161010,1968-01-15,"Rua Oscar Freire, 1801",71947-845,Curitiba,PR,True,App iOS,2023-12-10T00:00:00Z
WEB-70349,100.000.349-32,Patricia Oliveira,patricia.oliveira26@example.com,+5511992474074,1992-11-14,"Rua das Flores, 163",43982-198,Salvador,BA,True,App iOS,2024-05-05T00:00:00Z
WEB-70350,100.000.350-76,Gabriel Ribeiro,gabriel.ribeiro11@example.com,+5511953246714,1998-04-01,"Av. Faria Lima, 716",84847-520,São Paulo,SP,True,Parceiro Bank,2024-01-31T00:00:00Z
WEB-70351,100.000.351-57,Juliana Rodrigues,juliana.rodrigues23@example.com,11961479273,1997-10-10,"Rua Augusta, 2474",45009-680,Rio de Janeiro,RJ,True,Portal Web,2024-12-06T00:00:00Z
WEB-70352,100.000.352-38,LARISSA SOARES,larissa996@gmail.com,11980345879,1986-07-22,"Av. Brasil, 2491",18983-495,Campinas,SP,True,Parceiro Bank,2023-03-24T00:00:00Z
WEB-70353,100.000.353-19,Yasmin Martins,YASMIN.MARTINS12@EXAMPLE.COM,+5511940657783,1979-12-05,"Rua Oscar Freire, 296",51624-384,Florianópolis,SC,False,App Android,2024-03-23T00:00:00Z
WEB-70354,100.000.354-08,Mariana Santos,mariana628@gmail.com,11995942441,1981-09-20,"Rua XV de Novembro, 1984",56255-114,Recife,PE,False,Parceiro Bank,2025-03-04T00:00:00Z
WEB-70355,100.000.355-80,Bruno Souza,bruno.souza63@example.com,+5511969634854,1989-02-18,"Av. Brasil, 2101",95627-302,Brasília,DF,True,Parceiro Bank,2023-04-06T00:00:00Z
WEB-70356,100.000.356-61,Juliana Carvalho,juliana.carvalho94@example.com,+5511923553285,1998-05-20,"Av. Faria Lima, 1421",99022-659,Florianópolis,SC,True,Parceiro Bank,2025-05-01T00:00:00Z
WEB-70357,100.000.357-42,Rodrigo Barbosa,RODRIGO.BARBOSA25@EXAMPLE.COM,+5511947944260,1972-02-16,"Av. Paulista, 1770",10588-396,Recife,PE,False,Parceiro Bank,2025-11-26T00:00:00Z
WEB-70358,100.000.358-23,Gabriel Ribeiro,GABRIEL.RIBEIRO62@EXAMPLE.COM,+5511949641367,1975-01-18,"Rua das Flores, 822",66118-487,Curitiba,PR,True,Parceiro Bank,2024-09-18T00:00:00Z
WEB-70359,100.000.359-04,Camila Oliveira,camila.oliveira24@example.com,+5511987061479,1996-03-03,"Av. Paulista, 88",93104-133,Rio de Janeiro,RJ,True,Parceiro Bank,2026-01-04T00:00:00Z
WEB-70360,100.000.360-48,Paulo Gomes,paulo.gomes43@example.com,11972314252,1968-02-27,"Av. Brasil, 2304",63117-125,São Paulo,SP,False,Parceiro Bank,2024-08-07T00:00:00Z
WEB-70361,100.000.361-29,Olivia Souza,olivia.souza22@example.com,+5511916159129,1965-03-22,"Rua das Flores, 1254",78893-362,Belo Horizonte,MG,True,Parceiro Bank,2023-08-23T00:00:00Z
WEB-70362,100.000.362-00,Igor Oliveira,igor.oliveira57@example.com,+5511955999465,1976-02-13,"Rua XV de Novembro, 105",90634-743,Brasília,DF,False,Portal Web,2025-05-01T00:00:00Z
WEB-70363,10000036390,Patricia Carvalho,patricia.carvalho93@example.com,+5511932384662,1972-03-23,"Av. Faria Lima, 2192",76004-896,São Paulo,SP,True,App Android,2023-09-14T00:00:00Z
WEB-70364,100.000.364-71,Rafaela Vieira,rafaela.vieira96@example.com,11968809216,1976-10-13,"Rua das Flores, 1490",66329-650,Recife,PE,True,App Android,2024-12-08T00:00:00Z
WEB-70365,100.000.365-52,RAFAELA LOPES,rafaela.lopes24@example.com,+5511965201639,1993-01-03,"Av. Brasil, 876",97101-837,Goiânia,GO,True,App Android,2022-04-03T00:00:00Z
WEB-70366,100.000.366-33,Marcelo Vieira,marcelo961@gmail.com,11940062746,1986-09-17,"Rua XV de Novembro, 1337",70149-992,Florianópolis,SC,True,App iOS,2025-03-15T00:00:00Z
WEB-70367,10000036714,Rafaela Ribeiro,rafaela.ribeiro94@example.com,+5511996087848,1989-03-27,"Av. Paulista, 1189",66662-824,Recife,PE,True,Parceiro Bank,2023-12-28T00:00:00Z
WEB-70368,100.000.368-03,RODRIGO LOPES,rodrigo.lopes73@example.com,+5511932200132,1969-08-11,"Rua XV de Novembro, 385",88200-514,Campinas,SP,True,App iOS,2022-11-22T00:00:00Z
WEB-70369,100.000.369-86,Caio Martins,caio.martins61@example.com,11941541166,1970-08-15,"Rua XV de Novembro, 1237",78256-735,Brasília,DF,True,App iOS,2025-12-28T00:00:00Z
WEB-70370,100.000.370-10,Daniel Lopes,daniel.lopes93@example.com,+5511912384932,1971-07-14,"Rua Oscar Freire, 743",55246-661,Fortaleza,CE,True,Portal Web,2024-06-14T00:00:00Z
WEB-70371,100.000.371-09,Beatriz Gomes,beatriz.gomes75@example.com,+5511985475000,1978-11-22,"Rua Augusta, 743",64109-542,Campinas,SP,True,Parceiro Bank,2025-01-03T00:00:00Z
WEB-70372,100.000.372-81,Vanessa Almeida,vanessa.almeida52@example.com,11985182173,1995-12-22,"Av. Faria Lima, 172",65514-264,Florianópolis,SC,True,App Android,2022-10-21T00:00:00Z
WEB-70373,100.000.373-62,ANA COSTA,ana.costa55@example.com,11995048563,1983-09-17,"Rua das Flores, 1914",38258-420,Florianópolis,SC,True,Portal Web,2023-06-06T00:00:00Z
WEB-70374,100.000.374-43,Eduardo Carvalho,eduardo.carvalho23@example.com,+5511944130133,1977-04-04,"Rua XV de Novembro, 2096",44754-431,Curitiba,PR,False,Portal Web,2026-05-28T00:00:00Z
WEB-70375,100.000.375-24,Daniel C.,daniel.carvalho15@example.com,+5511994992096,2002-02-25,"Rua XV de Novembro, 2345",16973-850,Brasília,DF,True,App Android,2025-03-15T00:00:00Z
WEB-70376,100.000.376-05,Larissa Santos,LARISSA.SANTOS80@EXAMPLE.COM,+5511968090825,2002-08-17,"Av. Brasil, 1879",26930-879,Florianópolis,SC,True,App Android,2024-05-08T00:00:00Z
WEB-70377,100.000.377-96,Natan B.,natan.barbosa87@example.com,11953197138,1997-07-14,"Rua XV de Novembro, 1412",96831-620,Florianópolis,SC,False,Portal Web,2024-11-30T00:00:00Z
WEB-70378,100.000.378-77,Juliana Almeida,JULIANA.ALMEIDA27@EXAMPLE.COM,+5511928546206,1991-10-23,"Rua Augusta, 1069",21879-925,Fortaleza,CE,False,App Android,2026-01-11T00:00:00Z
WEB-70379,100.000.379-58,Diego Fernandes,diego.fernandes90@example.com,+5511939171224,1977-04-20,"Rua das Flores, 1322",94040-832,Porto Alegre,RS,True,App Android,2025-03-26T00:00:00Z
WEB-70380,100.000.380-91,Rodrigo Fernandes,rodrigo692@gmail.com,11995480242,1985-12-04,"Av. Paulista, 579",91321-934,Fortaleza,CE,True,App Android,2024-11-24T00:00:00Z
WEB-70381,100.000.381-72,Camila F.,camila819@gmail.com,+5511966691738,1965-09-04,"Rua Oscar Freire, 1728",52701-620,Salvador,BA,True,App iOS,2023-12-14T00:00:00Z
WEB-70382,100.000.382-53,Igor Ferreira,IGOR.FERREIRA46@EXAMPLE.COM,+5511943629729,1974-01-23,"Rua das Flores, 1171",37441-264,Curitiba,PR,False,Portal Web,2024-05-25T00:00:00Z
WEB-70383,100.000.383-34,Beatriz Fernandes,beatriz.fernandes38@example.com,11996854901,2000-07-08,"Av. Brasil, 166",34592-757,Florianópolis,SC,True,App Android,2025-04-28T00:00:00Z
WEB-70384,100.000.384-15,Natan Carvalho,natan.carvalho97@example.com,+5511951963706,2000-01-01,"Av. Paulista, 135",13899-978,Porto Alegre,RS,True,App iOS,2025-08-21T00:00:00Z
WEB-70385,100.000.385-04,RENATO PEREIRA,renato564@gmail.com,+5511996923747,1988-10-18,"Av. Paulista, 1770",56195-833,Recife,PE,True,Parceiro Bank,2025-09-19T00:00:00Z
WEB-70386,100.000.386-87,Juliana Almeida,juliana.almeida32@example.com,+5511919995059,1976-03-24,"Av. Faria Lima, 757",14898-794,Rio de Janeiro,RJ,True,Portal Web,2024-02-26T00:00:00Z
WEB-70387,100.000.387-68,IGOR RODRIGUES,igor.rodrigues30@example.com,+5511988381281,1981-01-11,"Rua das Flores, 2388",85302-248,Florianópolis,SC,True,App Android,2023-07-30T00:00:00Z
WEB-70388,100.000.388-49,Beatriz Santos,BEATRIZ.SANTOS90@EXAMPLE.COM,+5511992625597,1984-08-26,"Rua Augusta, 126",25894-694,Fortaleza,CE,True,App Android,2023-03-30T00:00:00Z
WEB-70389,100.000.389-20,Rodrigo Pereira,rodrigo.pereira33@example.com,+5511979874593,1969-09-06,"Rua Oscar Freire, 552",28390-230,Fortaleza,CE,True,Parceiro Bank,2022-09-22T00:00:00Z
WEB-70390,100.000.390-63,Camila Costa,camila362@gmail.com,+5511958425464,1983-04-25,"Rua Oscar Freire, 1261",44600-752,Fortaleza,CE,True,Parceiro Bank,2024-01-20T00:00:00Z
WEB-70391,100.000.391-44,DANIEL RIBEIRO,DANIEL.RIBEIRO67@EXAMPLE.COM,+5511942258945,1980-01-22,"Rua XV de Novembro, 1374",16632-752,Salvador,BA,True,App Android,2023-06-19T00:00:00Z
WEB-70392,100.000.392-25,Ana Soares,ANA.SOARES57@EXAMPLE.COM,+5511979029393,1997-08-16,"Av. Faria Lima, 858",49824-349,Porto Alegre,RS,True,Portal Web,2024-08-25T00:00:00Z
WEB-70393,100.000.393-06,Fernanda Fernandes,fernanda396@gmail.com,+5511910983894,1969-04-22,"Av. Brasil, 503",47420-154,Curitiba,PR,False,Portal Web,2025-10-10T00:00:00Z
WEB-70394,100.000.394-97,Renato Carvalho,renato.carvalho92@example.com,+5511919679848,1974-01-15,"Av. Faria Lima, 392",59142-229,Campinas,SP,True,App iOS,2022-06-11T00:00:00Z
WEB-70395,100.000.395-78,Patricia Lima,patricia.lima81@example.com,+5511919454577,2001-04-09,"Rua Oscar Freire, 1013",42598-483,Salvador,BA,False,App Android,2024-05-23T00:00:00Z
WEB-70396,100.000.396-59,ANA MARTINS,ana.martins96@example.com,+5511925878730,1999-01-21,"Rua das Flores, 2168",92290-143,Recife,PE,True,Portal Web,2026-04-15T00:00:00Z
WEB-70397,100.000.397-30,DIEGO OLIVEIRA,diego.oliveira55@example.com,11977489633,1971-05-26,"Rua XV de Novembro, 2360",58827-173,Porto Alegre,RS,True,Parceiro Bank,2024-10-26T00:00:00Z
WEB-70398,100.000.398-10,Natan Martins,natan.martins94@example.com,+5511914136476,1995-03-18,"Rua das Flores, 1350",73023-490,Belo Horizonte,MG,True,App iOS,2025-08-16T00:00:00Z
WEB-70399,100.000.399-00,Juliana Rodrigues,juliana.rodrigues48@example.com,11996965116,1988-01-18,"Av. Paulista, 1507",94638-909,Belo Horizonte,MG,True,Portal Web,2022-08-12T00:00:00Z
WEB-70400,100.000.400-70,Natan Fernandes,natan.fernandes80@example.com,+5511921425533,1984-04-24,"Av. Faria Lima, 737",10660-177,Florianópolis,SC,True,Portal Web,2023-01-01T00:00:00Z
WEB-70401,100.000.401-50,Eduardo Ferreira,eduardo.ferreira33@example.com,+5511939633659,1981-04-04,"Rua Augusta, 957",53081-389,Goiânia,GO,True,App iOS,2024-07-15T00:00:00Z
WEB-70402,100.000.402-31,Paulo F.,paulo.fernandes19@example.com,+5511949010740,1969-05-04,"Av. Faria Lima, 973",20761-854,Florianópolis,SC,True,App Android,2026-03-27T00:00:00Z
WEB-70403,100.000.403-12,Camila P.,camila.pereira22@example.com,+5511948270459,1969-04-11,"Rua Oscar Freire, 1765",73229-247,Brasília,DF,True,App Android,2024-05-24T00:00:00Z
WEB-70404,100.000.404-01,EDUARDO VIEIRA,eduardo626@gmail.com,+5511958921480,1985-07-06,"Rua Augusta, 2060",16494-774,Campinas,SP,True,App iOS,2025-03-09T00:00:00Z
WEB-70405,100.000.405-84,Igor Ribeiro,igor799@gmail.com,11954501625,1995-08-15,"Rua Oscar Freire, 2277",52573-553,Porto Alegre,RS,True,App iOS,2024-01-19T00:00:00Z
WEB-70406,100.000.406-65,Carla Lima,carla885@gmail.com,+5511982292089,1977-05-24,"Rua Oscar Freire, 2428",29649-854,Rio de Janeiro,RJ,False,Parceiro Bank,2024-11-26T00:00:00Z
WEB-70407,100.000.407-46,Caio S.,CAIO.SILVA84@EXAMPLE.COM,+5511987698748,1990-10-07,"Rua Oscar Freire, 704",62437-212,Fortaleza,CE,True,Parceiro Bank,2023-12-02T00:00:00Z
WEB-70408,100.000.408-27,Rafaela Rodrigues,rafaela.rodrigues56@example.com,+5511962680236,1979-10-24,"Av. Faria Lima, 337",48995-343,Belo Horizonte,MG,True,App iOS,2024-06-28T00:00:00Z
WEB-70409,100.000.409-08,Mariana Soares,mariana.soares11@example.com,+5511998943201,1980-10-22,"Av. Paulista, 309",89777-703,Fortaleza,CE,False,Parceiro Bank,2025-06-01T00:00:00Z
WEB-70410,100.000.410-41,Thiago Rodrigues,thiago.rodrigues71@example.com,+5511958156722,1967-04-25,"Rua Augusta, 2360",74322-577,Curitiba,PR,True,App Android,2024-02-28T00:00:00Z
WEB-70411,10000041122,Camila Alves,camila.alves76@example.com,+5511958486337,1989-08-15,"Rua das Flores, 1237",61541-508,São Paulo,SP,True,App iOS,2022-09-09T00:00:00Z
WEB-70412,100.000.412-03,Caio Lima,caio.lima43@example.com,+5511987662596,1999-10-06,"Av. Paulista, 1834",66069-314,Goiânia,GO,True,App Android,2023-08-08T00:00:00Z
WEB-70413,100.000.413-94,Rodrigo L.,RODRIGO.LIMA58@EXAMPLE.COM,11939917031,1998-07-12,"Av. Faria Lima, 617",58394-586,Brasília,DF,False,Parceiro Bank,2025-05-09T00:00:00Z
WEB-70414,100.000.414-75,Vinicius Rodrigues,VINICIUS.RODRIGUES66@EXAMPLE.COM,11932227237,1979-02-17,"Av. Brasil, 64",74006-173,Porto Alegre,RS,True,App iOS,2022-09-22T00:00:00Z
WEB-70415,10000041556,Beatriz Souza,beatriz.souza94@example.com,+5511940916561,1991-06-24,"Rua das Flores, 1502",83067-622,Brasília,DF,True,App Android,2024-06-30T00:00:00Z
WEB-70416,100.000.416-37,Caio Carvalho,CAIO.CARVALHO12@EXAMPLE.COM,+5511942704875,1967-03-19,"Rua Augusta, 343",32214-610,Belo Horizonte,MG,True,App iOS,2024-10-29T00:00:00Z
WEB-70417,100.000.417-18,Eduardo Santos,EDUARDO.SANTOS31@EXAMPLE.COM,+5511944663022,1976-09-13,"Rua Augusta, 969",35444-503,Recife,PE,True,Parceiro Bank,2025-01-20T00:00:00Z
WEB-70418,100.000.418-07,Carla Alves,carla.alves67@example.com,11991406527,1995-08-06,"Av. Faria Lima, 1654",56935-741,Salvador,BA,True,Parceiro Bank,2025-10-04T00:00:00Z
WEB-70419,10000041980,Beatriz S.,beatriz.soares43@example.com,+5511932511225,1986-08-20,"Rua Augusta, 2243",95657-435,Rio de Janeiro,RJ,True,Parceiro Bank,2023-05-25T00:00:00Z
WEB-70420,100.000.420-13,Ana Alves,ana.alves76@example.com,+5511977693989,1991-03-20,"Rua Oscar Freire, 1539",54981-984,Belo Horizonte,MG,True,App Android,2025-03-13T00:00:00Z
WEB-70421,100.000.421-02,Vinicius Fernandes,VINICIUS.FERNANDES74@EXAMPLE.COM,+5511925772785,1970-08-22,"Av. Faria Lima, 2457",69349-604,Recife,PE,True,Parceiro Bank,2025-10-31T00:00:00Z
WEB-70422,10000042285,Rodrigo Carvalho,rodrigo.carvalho57@example.com,11915830187,1998-07-08,"Rua Oscar Freire, 1811",25467-297,Salvador,BA,True,Parceiro Bank,2024-10-10T00:00:00Z
WEB-70423,100.000.423-66,DANIEL CARVALHO,DANIEL.CARVALHO27@EXAMPLE.COM,+5511944160831,1995-04-28,"Rua Augusta, 1439",90575-149,Porto Alegre,RS,True,Parceiro Bank,2022-09-25T00:00:00Z
WEB-70424,100.000.424-47,Thiago S.,THIAGO.SOARES25@EXAMPLE.COM,+5511979761254,1965-07-21,"Rua Augusta, 1842",67572-551,Florianópolis,SC,True,Portal Web,2023-06-23T00:00:00Z
WEB-70425,100.000.425-28,Olivia Vieira,OLIVIA.VIEIRA42@EXAMPLE.COM,+5511945071480,1999-07-19,"Rua das Flores, 720",72328-939,Recife,PE,False,App iOS,2024-10-20T00:00:00Z
WEB-70426,100.000.426-09,OLIVIA FERNANDES,olivia.fernandes81@example.com,+5511974755726,1976-06-18,"Rua Augusta, 1382",43941-159,Brasília,DF,True,Parceiro Bank,2023-07-02T00:00:00Z
WEB-70427,100.000.427-90,Larissa Rodrigues,larissa338@gmail.com,+5511925983420,1979-08-26,"Rua Oscar Freire, 1791",95966-620,Belo Horizonte,MG,True,Portal Web,2024-02-16T00:00:00Z
WEB-70428,100.000.428-70,Patricia Fernandes,PATRICIA.FERNANDES88@EXAMPLE.COM,+5511916986408,1975-07-21,"Rua Oscar Freire, 2469",73868-748,Rio de Janeiro,RJ,False,Parceiro Bank,2024-12-11T00:00:00Z
WEB-70429,10000042951,Carla Oliveira,carla495@gmail.com,+5511939765498,1988-02-20,"Rua das Flores, 27",16557-496,Florianópolis,SC,False,Portal Web,2026-04-08T00:00:00Z
WEB-70430,100.000.430-95,Caio Soares,caio806@gmail.com,+5511990191410,1968-03-21,"Av. Paulista, 2258",54853-858,Brasília,DF,True,Parceiro Bank,2023-01-25T00:00:00Z
WEB-70431,10000043176,Juliana Alves,JULIANA.ALVES14@EXAMPLE.COM,+5511990465529,1997-09-23,"Av. Faria Lima, 2019",32317-386,Recife,PE,True,App iOS,2025-05-21T00:00:00Z
WEB-70432,100.000.432-57,Caio Silva,caio.silva30@example.com,11921655844,1982-07-12,"Rua Augusta, 212",90940-566,Salvador,BA,True,Parceiro Bank,2024-06-30T00:00:00Z
WEB-70433,100.000.433-38,Larissa Oliveira,larissa.oliveira21@example.com,+5511983765077,1983-12-27,"Rua XV de Novembro, 1851",84535-910,Recife,PE,True,App Android,2024-10-11T00:00:00Z
WEB-70434,100.000.434-19,Helena Barbosa,helena.barbosa34@example.com,+5511971036720,1990-10-01,"Av. Faria Lima, 552",64991-951,Belo Horizonte,MG,True,App iOS,2024-10-25T00:00:00Z
WEB-70435,10000043508,Rodrigo Gomes,rodrigo.gomes53@example.com,+5511925704681,1997-05-18,"Av. Brasil, 1622",94408-311,Porto Alegre,RS,True,App iOS,2026-07-29T00:00:00Z
WEB-70436,100.000.436-80,Marcelo Pereira,marcelo.pereira53@example.com,+5511971585593,1994-10-28,"Rua Oscar Freire, 249",63958-407,Brasília,DF,True,App Android,2024-02-05T00:00:00Z
WEB-70437,100.000.437-61,Camila Pereira,camila.pereira50@example.com,+5511965354876,1987-09-18,"Av. Faria Lima, 105",93667-427,Florianópolis,SC,True,Portal Web,2023-01-21T00:00:00Z
WEB-70438,100.000.438-42,Camila Costa,camila.costa19@example.com,11984430642,1976-08-11,"Rua XV de Novembro, 25",96182-542,Curitiba,PR,True,App iOS,2023-08-01T00:00:00Z
WEB-70439,100.000.439-23,Rafaela Alves,rafaela.alves40@example.com,11942488275,1981-04-08,"Av. Faria Lima, 2298",92122-817,Curitiba,PR,True,Parceiro Bank,2024-03-25T00:00:00Z
WEB-70440,100.000.440-67,Yasmin Oliveira,yasmin998@gmail.com,+5511999043272,1996-10-01,"Rua XV de Novembro, 127",14337-110,São Paulo,SP,True,App iOS,2024-02-24T00:00:00Z
WEB-70441,100.000.441-48,VINICIUS VIEIRA,vinicius.vieira45@example.com,+5511975874779,1976-09-09,"Rua Oscar Freire, 2107",93192-123,Curitiba,PR,True,Parceiro Bank,2023-03-16T00:00:00Z
WEB-70442,10000044229,Rafaela Fernandes,rafaela.fernandes14@example.com,+5511977441081,1987-07-28,"Rua das Flores, 407",32110-855,Belo Horizonte,MG,True,Portal Web,2025-09-02T00:00:00Z
WEB-70443,100.000.443-00,Paulo Costa,paulo.costa98@example.com,11911129926,1965-11-07,"Rua das Flores, 2418",79958-701,Recife,PE,True,Portal Web,2023-06-25T00:00:00Z
WEB-70444,100.000.444-90,FERNANDA FERNANDES,FERNANDA.FERNANDES43@EXAMPLE.COM,+5511941828278,1982-08-20,"Av. Paulista, 1474",46058-202,Campinas,SP,False,Parceiro Bank,2024-08-04T00:00:00Z
WEB-70445,100.000.445-71,Diego Ribeiro,diego.ribeiro56@example.com,+5511963766628,1982-08-06,"Rua Oscar Freire, 783",69764-671,Belo Horizonte,MG,True,App Android,2025-10-18T00:00:00Z
WEB-70446,100.000.446-52,Patricia Pereira,PATRICIA.PEREIRA81@EXAMPLE.COM,11968011418,1989-04-05,"Av. Paulista, 40",10125-709,Belo Horizonte,MG,True,App iOS,2025-07-29T00:00:00Z
WEB-70447,100.000.447-33,RAFAELA RODRIGUES,rafaela.rodrigues90@example.com,+5511979391501,1999-12-11,"Rua XV de Novembro, 1414",14999-771,Porto Alegre,RS,True,Portal Web,2024-06-01T00:00:00Z
WEB-70448,100.000.448-14,Natan Souza,natan.souza98@example.com,+5511931923376,1968-04-27,"Rua Augusta, 1768",36003-525,Brasília,DF,True,Portal Web,2024-03-11T00:00:00Z
WEB-70449,100.000.449-03,Mariana Ribeiro,mariana.ribeiro81@example.com,11984825240,1981-06-01,"Av. Paulista, 1999",80780-314,Rio de Janeiro,RJ,False,Portal Web,2026-07-20T10:00:00Z
WEB-70450,100.000.450-39,Gabriel Vieira,gabriel776@gmail.com,+5511997223468,1999-03-25,"Rua das Flores, 99",31982-443,Campinas,SP,True,Portal Web,2025-12-12T00:00:00Z
WEB-70451,100.000.451-10,Vinicius Oliveira,vinicius.oliveira58@example.com,+5511992364557,1983-08-21,"Rua das Flores, 920",88950-853,Belo Horizonte,MG,True,Portal Web,2023-04-16T00:00:00Z
WEB-70452,100.000.452-09,Natan Oliveira,natan.oliveira20@example.com,11931743203,1986-04-11,"Rua Oscar Freire, 2427",26862-444,Goiânia,GO,True,Portal Web,2025-08-23T00:00:00Z
WEB-70453,100.000.453-81,Igor Almeida,igor.almeida56@example.com,+5511988775038,1998-08-14,"Av. Faria Lima, 397",75702-720,Belo Horizonte,MG,True,App iOS,2024-03-17T00:00:00Z
WEB-70454,100.000.454-62,Larissa Oliveira,larissa.oliveira36@example.com,11932402343,1990-02-04,"Rua XV de Novembro, 2379",61342-282,Brasília,DF,True,Parceiro Bank,2022-09-19T00:00:00Z
WEB-70455,100.000.455-43,MARCELO OLIVEIRA,marcelo.oliveira23@example.com,+5511945225746,1974-02-21,"Av. Brasil, 148",74444-376,Porto Alegre,RS,False,App iOS,2024-01-19T00:00:00Z
WEB-70456,100.000.456-24,Caio Rodrigues,caio.rodrigues26@example.com,11980698159,1975-01-02,"Rua XV de Novembro, 1044",40133-619,Campinas,SP,True,Portal Web,2025-12-30T00:00:00Z
WEB-70457,100.000.457-05,Yasmin Lima,yasmin.lima80@example.com,+5511969706076,1973-12-18,"Av. Brasil, 714",99342-580,Recife,PE,True,App Android,2023-12-05T00:00:00Z
WEB-70458,100.000.458-96,Olivia Soares,olivia.soares91@example.com,11995836028,1999-05-12,"Rua XV de Novembro, 127",44184-679,Fortaleza,CE,True,App iOS,2024-06-24T00:00:00Z
WEB-70459,100.000.459-77,Mariana Carvalho,mariana.carvalho43@example.com,+5511930900054,1984-01-01,"Rua Oscar Freire, 195",72029-193,Belo Horizonte,MG,True,Parceiro Bank,2022-12-22T00:00:00Z
WEB-70460,100.000.460-00,Diego Lopes,diego.lopes71@example.com,+5511950213043,1965-07-26,"Rua Oscar Freire, 365",21165-903,Recife,PE,True,App iOS,2026-05-31T00:00:00Z
WEB-70461,100.000.461-91,Gabriel Carvalho,gabriel854@gmail.com,+5511968667423,1990-04-06,"Rua XV de Novembro, 955",47817-582,Florianópolis,SC,True,Portal Web,2024-12-17T00:00:00Z
WEB-70462,100.000.462-72,Carla C.,carla.carvalho90@example.com,+5511942153442,1998-10-26,"Rua XV de Novembro, 1786",64893-678,Goiânia,GO,True,Parceiro Bank,2023-11-04T00:00:00Z
WEB-70463,100.000.463-53,Patricia Lima,patricia.lima62@example.com,+5511935233016,1969-03-05,"Rua Augusta, 1053",70691-116,Rio de Janeiro,RJ,False,App iOS,2025-10-09T00:00:00Z
WEB-70464,100.000.464-34,Rafaela Alves,rafaela.alves51@example.com,+5511912603206,1974-01-18,"Rua Augusta, 1771",28533-970,Belo Horizonte,MG,True,App Android,2024-05-24T00:00:00Z
WEB-70465,10000046515,LARISSA SILVA,larissa.silva39@example.com,+5511922106034,1974-01-16,"Av. Faria Lima, 955",83919-530,Campinas,SP,False,Portal Web,2023-04-21T00:00:00Z
WEB-70466,100.000.466-04,Mariana Almeida,mariana.almeida99@example.com,+5511914259684,1986-02-27,"Rua Oscar Freire, 1591",86761-132,São Paulo,SP,True,App iOS,2025-03-08T00:00:00Z
WEB-70467,100.000.467-87,Rafaela Ferreira,rafaela.ferreira34@example.com,+5511943565097,1989-01-04,"Av. Brasil, 548",73102-361,Curitiba,PR,False,App Android,2024-04-27T00:00:00Z
WEB-70468,100.000.468-68,Larissa Santos,larissa.santos35@example.com,+5511971852177,1971-09-22,"Rua Oscar Freire, 2274",11171-327,Brasília,DF,True,Parceiro Bank,2024-02-18T00:00:00Z
WEB-70469,100.000.469-49,FERNANDA SANTOS,fernanda.santos80@example.com,+5511979917538,1972-05-16,"Rua Oscar Freire, 927",47297-829,Porto Alegre,RS,True,Parceiro Bank,2023-01-06T00:00:00Z
WEB-70470,100.000.470-82,Daniel Pereira,DANIEL.PEREIRA91@EXAMPLE.COM,+5511968272190,1985-01-06,"Rua Oscar Freire, 2316",21527-303,Recife,PE,True,Parceiro Bank,2025-01-01T00:00:00Z
WEB-70471,100.000.471-63,Bruno V.,BRUNO.VIEIRA98@EXAMPLE.COM,+5511973789750,1974-06-25,"Rua Oscar Freire, 513",93496-534,Curitiba,PR,True,Portal Web,2025-03-29T00:00:00Z
WEB-70472,100.000.472-44,Lucas Santos,lucas.santos17@example.com,11957716774,1974-12-18,"Av. Faria Lima, 1871",87891-410,Belo Horizonte,MG,False,App iOS,2024-01-26T00:00:00Z
WEB-70473,100.000.473-25,Patricia Ribeiro,patricia.ribeiro66@example.com,11935899364,1966-12-13,"Av. Faria Lima, 1948",33879-634,Florianópolis,SC,True,Portal Web,2023-08-01T00:00:00Z
WEB-70474,100.000.474-06,Diego Almeida,diego509@gmail.com,+5511949555923,1999-12-16,"Rua Augusta, 1979",24130-820,Recife,PE,True,Portal Web,2025-02-04T00:00:00Z
WEB-70475,100.000.475-97,Igor Barbosa,IGOR.BARBOSA80@EXAMPLE.COM,+5511931520928,1969-09-05,"Av. Paulista, 1125",39932-415,Porto Alegre,RS,True,App iOS,2025-06-13T00:00:00Z
WEB-70476,100.000.476-78,MARCELO SOARES,marcelo.soares58@example.com,+5511934901990,1966-10-28,"Av. Faria Lima, 566",15588-417,Recife,PE,True,Parceiro Bank,2024-07-10T00:00:00Z
WEB-70477,100.000.477-59,Renato Martins,renato.martins34@example.com,+5511980339453,1996-09-05,"Rua Oscar Freire, 210",58863-590,Porto Alegre,RS,True,App iOS,2024-08-10T00:00:00Z
WEB-70478,100.000.478-30,Daniel Soares,DANIEL.SOARES94@EXAMPLE.COM,+5511918949617,1967-03-06,"Av. Brasil, 1540",41652-136,Curitiba,PR,True,Portal Web,2023-08-04T00:00:00Z
WEB-70479,100.000.479-10,Thiago Martins,thiago.martins94@example.com,+5511975754558,1998-10-23,"Rua Oscar Freire, 2345",61540-994,Porto Alegre,RS,True,App iOS,2023-11-20T00:00:00Z
WEB-70480,10000048054,Ana Alves,ANA.ALVES93@EXAMPLE.COM,+5511975955329,1970-08-26,"Rua XV de Novembro, 466",65317-771,São Paulo,SP,True,App iOS,2024-09-26T00:00:00Z
WEB-70481,10000048135,RENATO RIBEIRO,renato.ribeiro17@example.com,+5511992803389,1982-09-02,"Av. Paulista, 1934",73670-218,Rio de Janeiro,RJ,True,App Android,2023-04-05T00:00:00Z
WEB-70482,100.000.482-16,Daniel Souza,daniel.souza39@example.com,11981358338,1989-04-07,"Rua Oscar Freire, 1221",17019-986,Goiânia,GO,True,App iOS,2025-09-17T00:00:00Z
WEB-70483,100.000.483-05,Sofia Fernandes,sofia881@gmail.com,+5511924161873,2001-06-22,"Av. Brasil, 980",23244-969,Florianópolis,SC,True,Portal Web,2026-01-13T00:00:00Z
WEB-70484,100.000.484-88,Sofia Martins,sofia.martins74@example.com,+5511955300210,1975-09-20,"Av. Faria Lima, 521",14620-835,Campinas,SP,True,Parceiro Bank,2024-05-18T00:00:00Z
WEB-70485,100.000.485-69,Vanessa Ribeiro,vanessa.ribeiro62@example.com,+5511994992144,1992-12-11,"Rua XV de Novembro, 327",52317-428,Curitiba,PR,True,Portal Web,2024-06-24T00:00:00Z
WEB-70486,100.000.486-40,Mariana Almeida,mariana.almeida67@example.com,11963296593,1965-12-02,"Rua XV de Novembro, 314",23421-105,Recife,PE,True,Portal Web,2024-03-23T00:00:00Z
WEB-70487,100.000.487-20,ANA GOMES,ana.gomes38@example.com,+5511938833029,1985-01-25,"Av. Paulista, 1428",77006-562,Porto Alegre,RS,False,Portal Web,2023-03-26T00:00:00Z
WEB-70488,100.000.488-01,Eduardo Rodrigues,EDUARDO.RODRIGUES43@EXAMPLE.COM,11959269031,2002-04-08,"Av. Faria Lima, 1351",42448-725,Porto Alegre,RS,True,Parceiro Bank,2025-09-09T00:00:00Z
WEB-70489,10000048992,LARISSA OLIVEIRA,LARISSA.OLIVEIRA51@EXAMPLE.COM,+5511974764506,1976-08-27,"Rua XV de Novembro, 1870",38737-351,Florianópolis,SC,False,App iOS,2025-09-05T00:00:00Z
WEB-70490,100.000.490-26,Larissa Vieira,larissa.vieira58@example.com,+5511920533057,1968-06-12,"Av. Faria Lima, 2261",50094-574,Salvador,BA,True,Parceiro Bank,2025-09-17T00:00:00Z
WEB-70491,100.000.491-07,Yasmin Silva,yasmin.silva91@example.com,+5511994851591,1989-01-10,"Av. Paulista, 656",50904-305,São Paulo,SP,True,Parceiro Bank,2025-09-07T00:00:00Z
WEB-70492,10000049298,Rodrigo Pereira,rodrigo368@gmail.com,11916780654,1990-08-25,"Av. Faria Lima, 930",44123-720,Recife,PE,False,App Android,2022-12-29T00:00:00Z
WEB-70493,100.000.493-79,Eduardo Rodrigues,EDUARDO.RODRIGUES53@EXAMPLE.COM,11921079017,1995-10-24,"Rua Oscar Freire, 2254",73307-464,Fortaleza,CE,False,Portal Web,2024-01-11T00:00:00Z
WEB-70494,100.000.494-50,OLIVIA RODRIGUES,olivia.rodrigues27@example.com,+5511974548325,2000-04-16,"Rua Oscar Freire, 1421",34907-484,Goiânia,GO,True,App Android,2024-08-31T00:00:00Z
WEB-70495,10000049530,Helena Pereira,helena.pereira19@example.com,11945736421,1992-06-22,"Rua XV de Novembro, 1756",47669-614,Rio de Janeiro,RJ,True,App iOS,2024-01-06T00:00:00Z
WEB-70496,100.000.496-11,Mariana Alves,mariana.alves51@example.com,11956241350,1966-05-06,"Av. Paulista, 394",52660-713,Recife,PE,False,App iOS,2025-08-26T00:00:00Z
WEB-70497,100.000.497-00,YASMIN PEREIRA,YASMIN.PEREIRA35@EXAMPLE.COM,+5511960173377,1974-12-28,"Rua Oscar Freire, 1650",11745-961,Rio de Janeiro,RJ,False,App Android,2023-06-09T00:00:00Z
WEB-70498,100.000.498-83,Vanessa Gomes,vanessa.gomes11@example.com,+5511956073103,1972-05-15,"Av. Faria Lima, 138",42425-905,São Paulo,SP,True,Parceiro Bank,2023-08-09T00:00:00Z
WEB-70499,10000049964,Gabriel Fernandes,gabriel.fernandes76@example.com,+5511944716489,2000-08-20,"Rua Augusta, 390",52128-867,Belo Horizonte,MG,True,App Android,2024-07-16T00:00:00Z
WEB-70500,100.000.500-32,BRUNO LIMA,bruno.lima31@example.com,+5511918067834,1983-04-26,"Rua Oscar Freire, 1132",78140-623,Recife,PE,True,Portal Web,2023-10-20T00:00:00Z
WEB-70501,100.000.501-13,Carla Martins,carla.martins94@example.com,11946414662,1988-02-01,"Rua XV de Novembro, 2039",96640-443,Goiânia,GO,True,App Android,2022-11-10T00:00:00Z
WEB-70502,100.000.502-02,Diego Souza,diego.souza50@example.com,+5511975050252,1999-02-06,"Rua XV de Novembro, 2143",45545-266,Fortaleza,CE,True,Parceiro Bank,2023-10-05T00:00:00Z
WEB-70503,100.000.503-85,BRUNO PEREIRA,bruno.pereira77@example.com,+5511950926679,1986-08-13,"Rua XV de Novembro, 847",95480-307,Belo Horizonte,MG,True,Portal Web,2024-05-03T00:00:00Z
WEB-70504,100.000.504-66,Caio Gomes,caio.gomes40@example.com,+5511977276832,1982-01-21,"Rua Augusta, 582",33124-162,Salvador,BA,True,Portal Web,2026-07-09T10:00:00Z
WEB-70505,100.000.505-47,Helena Rodrigues,helena.rodrigues53@example.com,+5511962726977,1973-02-24,"Rua das Flores, 429",49042-677,Fortaleza,CE,True,Parceiro Bank,2024-01-24T00:00:00Z
WEB-70506,100.000.506-28,OLIVIA GOMES,olivia.gomes87@example.com,11954195849,1993-09-05,"Av. Paulista, 1476",78913-222,Goiânia,GO,True,App iOS,2025-10-24T00:00:00Z
WEB-70507,10000050709,VANESSA RODRIGUES,vanessa.rodrigues49@example.com,+5511980303981,1973-07-25,"Av. Brasil, 979",29205-169,Goiânia,GO,True,App iOS,2025-01-15T00:00:00Z
WEB-70508,100.000.508-90,Larissa Souza,larissa841@gmail.com,+5511952627226,1974-12-01,"Rua Augusta, 1707",58951-691,Salvador,BA,True,Portal Web,2023-04-30T00:00:00Z
WEB-70509,100.000.509-70,Eduardo Alves,EDUARDO.ALVES23@EXAMPLE.COM,+5511927655789,1976-01-25,"Rua das Flores, 2083",53542-286,Recife,PE,True,App Android,2024-11-05T00:00:00Z
WEB-70510,100.000.510-04,Beatriz Pereira,beatriz.pereira39@example.com,11913501001,1987-02-23,"Rua Augusta, 167",78727-451,Belo Horizonte,MG,False,Parceiro Bank,2024-09-27T00:00:00Z
WEB-70511,100.000.511-95,Vanessa Martins,vanessa.martins72@example.com,11973598657,1973-03-07,"Rua Oscar Freire, 1035",55540-264,São Paulo,SP,True,App Android,2024-11-09T00:00:00Z
WEB-70512,100.000.512-76,Olivia Pereira,olivia.pereira95@example.com,+5511937223861,1978-02-06,"Rua das Flores, 960",20078-448,Recife,PE,True,Portal Web,2024-09-30T00:00:00Z
WEB-70513,100.000.513-57,Vinicius P.,vinicius.pereira64@example.com,11964340297,1967-10-24,"Av. Faria Lima, 320",29780-224,Florianópolis,SC,True,Portal Web,2023-10-09T00:00:00Z
WEB-70514,100.000.514-38,Beatriz Fernandes,BEATRIZ.FERNANDES77@EXAMPLE.COM,+5511996086421,1967-09-04,"Av. Paulista, 223",39876-352,Brasília,DF,False,App iOS,2024-07-22T00:00:00Z
WEB-70515,10000051519,Sofia M.,sofia.martins15@example.com,+5511984853354,1989-09-25,"Rua Oscar Freire, 2468",79675-610,São Paulo,SP,True,Parceiro Bank,2024-03-07T00:00:00Z
WEB-70516,100.000.516-08,Marcelo Gomes,marcelo.gomes69@example.com,+5511932345453,1992-05-20,"Rua das Flores, 1961",97075-305,Florianópolis,SC,False,Parceiro Bank,2023-09-20T00:00:00Z
WEB-70517,100.000.517-80,CARLA SOARES,carla.soares24@example.com,+5511934128507,2002-12-18,"Rua das Flores, 2282",10293-574,Salvador,BA,True,App iOS,2023-09-19T00:00:00Z
WEB-70518,100.000.518-61,Paulo Vieira,paulo.vieira35@example.com,+5511971026547,1970-05-11,"Av. Brasil, 273",66540-810,Goiânia,GO,True,App iOS,2024-03-27T00:00:00Z
WEB-70519,100.000.519-42,Daniel Almeida,daniel.almeida91@example.com,11958713437,1970-09-23,"Rua Augusta, 2378",52535-558,Florianópolis,SC,True,App iOS,2023-05-29T00:00:00Z
WEB-70520,100.000.520-86,Marcelo Ferreira,MARCELO.FERREIRA52@EXAMPLE.COM,+5511985898994,1974-03-28,"Av. Brasil, 2036",86282-753,Belo Horizonte,MG,True,Parceiro Bank,2025-01-08T00:00:00Z
WEB-70521,100.000.521-67,Juliana Ferreira,JULIANA.FERREIRA25@EXAMPLE.COM,+5511927659164,1977-01-20,"Rua Oscar Freire, 767",98262-748,São Paulo,SP,True,Portal Web,2023-11-10T00:00:00Z
WEB-70522,100.000.522-48,Patricia S.,patricia.silva87@example.com,+5511976231992,1980-04-19,"Av. Paulista, 854",43178-302,Brasília,DF,True,App Android,2023-07-19T00:00:00Z
WEB-70523,100.000.523-29,Beatriz S.,beatriz.silva41@example.com,+5511983462947,1982-10-21,"Rua Oscar Freire, 1944",78821-412,Curitiba,PR,True,App Android,2024-04-22T00:00:00Z
WEB-70524,100.000.524-00,Bruno R.,bruno.rodrigues14@example.com,+5511999522760,2001-10-10,"Av. Paulista, 584",55872-750,Rio de Janeiro,RJ,True,App Android,2023-09-22T00:00:00Z
WEB-70525,100.000.525-90,Fernanda Gomes,fernanda.gomes88@example.com,+5511998707799,2001-09-06,"Av. Brasil, 945",29973-858,Florianópolis,SC,False,App Android,2026-04-25T00:00:00Z
WEB-70526,100.000.526-71,Lucas Ribeiro,LUCAS.RIBEIRO58@EXAMPLE.COM,+5511919082067,1992-09-03,"Rua XV de Novembro, 1429",51852-810,Brasília,DF,True,App Android,2024-01-02T00:00:00Z
WEB-70527,100.000.527-52,Lucas Soares,lucas.soares62@example.com,+5511980416822,1978-12-07,"Rua XV de Novembro, 2265",91960-657,São Paulo,SP,True,Portal Web,2025-03-18T00:00:00Z
WEB-70528,100.000.528-33,CARLA LOPES,carla.lopes98@example.com,+5511991171931,1983-07-20,"Av. Paulista, 61",99991-295,Porto Alegre,RS,False,App Android,2025-09-08T00:00:00Z
WEB-70529,100.000.529-14,Rafaela S.,rafaela.soares90@example.com,+5511976805681,1996-03-20,"Rua Oscar Freire, 497",47085-119,Florianópolis,SC,True,Parceiro Bank,2023-10-05T00:00:00Z
WEB-70530,100.000.530-58,Paulo Souza,paulo.souza36@example.com,11992585240,1991-07-02,"Rua Oscar Freire, 1227",39257-606,Campinas,SP,True,App Android,2022-05-07T00:00:00Z
WEB-70531,100.000.531-39,Igor Oliveira,igor.oliveira49@example.com,+5511950303435,1997-09-11,"Rua das Flores, 994",42016-479,Rio de Janeiro,RJ,True,Portal Web,2023-07-28T00:00:00Z
WEB-70532,100.000.532-10,Beatriz Silva,beatriz.silva32@example.com,11936040330,1986-06-22,"Rua Oscar Freire, 1040",86804-216,Brasília,DF,True,App Android,2024-01-24T00:00:00Z
WEB-70533,100.000.533-09,Caio A.,caio.almeida78@example.com,+5511954977656,1994-07-24,"Rua Oscar Freire, 2499",64627-376,Fortaleza,CE,True,App Android,2025-03-03T00:00:00Z
WEB-70534,100.000.534-81,Sofia Fernandes,sofia.fernandes12@example.com,+5511937952515,2001-11-11,"Rua Oscar Freire, 1530",79766-956,Rio de Janeiro,RJ,True,App Android,2024-11-18T00:00:00Z
WEB-70535,100.000.535-62,NATAN FERNANDES,NATAN.FERNANDES31@EXAMPLE.COM,11986635858,1989-03-20,"Rua das Flores, 474",28971-619,Porto Alegre,RS,True,Parceiro Bank,2025-08-10T00:00:00Z
WEB-70536,100.000.536-43,Carla Lopes,carla.lopes40@example.com,11959873103,1993-05-07,"Rua Augusta, 1373",26326-658,Porto Alegre,RS,True,App Android,2024-06-13T00:00:00Z
WEB-70537,100.000.537-24,Marcelo Alves,MARCELO.ALVES21@EXAMPLE.COM,11969562350,1997-01-26,"Av. Brasil, 280",28588-605,Fortaleza,CE,True,App iOS,2023-04-19T00:00:00Z
WEB-70538,100.000.538-05,LARISSA SOARES,LARISSA.SOARES49@EXAMPLE.COM,+5511953934556,1974-02-27,"Av. Faria Lima, 1882",93957-726,Goiânia,GO,True,Portal Web,2023-06-28T00:00:00Z
WEB-70539,100.000.539-96,Natan Soares,natan.soares24@example.com,+5511910551617,1984-01-22,"Av. Paulista, 1582",18584-733,Rio de Janeiro,RJ,False,Parceiro Bank,2023-09-10T00:00:00Z
WEB-70540,100.000.540-20,Rodrigo Gomes,rodrigo.gomes12@example.com,+5511987518768,1984-11-07,"Rua Oscar Freire, 2235",18990-299,Curitiba,PR,True,App Android,2023-09-08T00:00:00Z
WEB-70541,100.000.541-00,MARCELO ALMEIDA,marcelo.almeida95@example.com,+5511925790828,1982-03-06,"Av. Faria Lima, 1798",43703-356,Rio de Janeiro,RJ,True,Portal Web,2024-09-12T00:00:00Z
WEB-70542,100.000.542-91,Daniel Alves,daniel432@gmail.com,11957018904,2000-06-09,"Rua XV de Novembro, 285",88098-111,Florianópolis,SC,True,App iOS,2024-01-06T00:00:00Z
WEB-70543,100.000.543-72,Juliana Barbosa,juliana.barbosa53@example.com,11982555030,1993-01-05,"Rua Oscar Freire, 217",51523-836,Brasília,DF,False,App iOS,2022-05-27T00:00:00Z
WEB-70544,100.000.544-53,Olivia Martins,olivia.martins32@example.com,11990010054,2002-11-27,"Av. Faria Lima, 1735",33140-742,Florianópolis,SC,False,App iOS,2025-11-10T00:00:00Z
WEB-70545,10000054534,Renato Alves,renato.alves95@example.com,11981603135,1970-08-19,"Rua Augusta, 2436",84420-448,Rio de Janeiro,RJ,True,App iOS,2023-11-22T00:00:00Z
WEB-70546,100.000.546-15,Rafaela P.,rafaela.pereira38@example.com,11929289997,1981-06-13,"Rua XV de Novembro, 892",50026-629,Florianópolis,SC,False,App Android,2025-06-18T00:00:00Z
WEB-70547,100.000.547-04,Paulo Lopes,paulo.lopes13@example.com,+5511918773168,1995-02-12,"Rua XV de Novembro, 160",18668-207,Brasília,DF,True,App iOS,2023-05-25T00:00:00Z
WEB-70548,100.000.548-87,Thiago Rodrigues,THIAGO.RODRIGUES75@EXAMPLE.COM,+5511923815327,1990-12-26,"Rua Augusta, 217",25702-411,Campinas,SP,True,App Android,2025-11-07T00:00:00Z
WEB-70549,100.000.549-68,Natan Vieira,natan.vieira62@example.com,+5511942021033,1980-09-06,"Av. Faria Lima, 419",73564-435,Salvador,BA,True,App Android,2025-01-30T00:00:00Z
WEB-70550,100.000.550-00,Olivia Carvalho,olivia.carvalho82@example.com,+5511955929418,1999-12-08,"Rua Oscar Freire, 748",91593-872,Goiânia,GO,True,Portal Web,2025-09-06T00:00:00Z
WEB-70551,100.000.551-82,Renato Lopes,renato628@gmail.com,11989478790,1994-06-18,"Rua Oscar Freire, 1853",57323-584,Brasília,DF,True,Portal Web,2024-01-02T00:00:00Z
WEB-70552,100.000.552-63,Beatriz Souza,BEATRIZ.SOUZA97@EXAMPLE.COM,+5511990048179,1989-06-16,"Rua das Flores, 1854",62013-659,Goiânia,GO,True,App iOS,2022-12-30T00:00:00Z
WEB-70553,100.000.553-44,Vinicius Vieira,VINICIUS.VIEIRA91@EXAMPLE.COM,11910024741,1974-11-05,"Av. Paulista, 828",62982-101,Fortaleza,CE,True,Parceiro Bank,2024-02-01T00:00:00Z
WEB-70554,100.000.554-25,Gabriel Alves,GABRIEL.ALVES97@EXAMPLE.COM,+5511952493026,1984-10-26,"Rua das Flores, 1187",37118-552,Porto Alegre,RS,True,Portal Web,2025-12-26T00:00:00Z
WEB-70555,10000055506,Carla Vieira,carla.vieira11@example.com,11992072899,1997-07-28,"Rua das Flores, 1152",70859-232,Porto Alegre,RS,True,App iOS,2023-12-04T00:00:00Z
WEB-70556,100.000.556-97,Ana Fernandes,ana.fernandes55@example.com,+5511924723458,1983-01-08,"Rua Augusta, 2395",72571-892,Florianópolis,SC,True,App Android,2025-04-21T00:00:00Z
WEB-70557,100.000.557-78,NATAN MARTINS,natan.martins65@example.com,+5511983164605,1978-11-06,"Rua Augusta, 146",23718-115,Belo Horizonte,MG,True,App Android,2025-04-19T00:00:00Z
WEB-70558,100.000.558-59,Renato Carvalho,renato.carvalho29@example.com,+5511948717904,1973-03-01,"Rua Oscar Freire, 1446",74839-675,Goiânia,GO,True,Portal Web,2023-07-10T00:00:00Z
WEB-70559,100.000.559-30,Camila Carvalho,camila.carvalho27@example.com,11921363335,1973-11-26,"Av. Paulista, 2460",42386-502,Brasília,DF,True,Parceiro Bank,2025-03-13T00:00:00Z
WEB-70560,100.000.560-73,OLIVIA FERNANDES,olivia.fernandes67@example.com,11961635535,1987-04-06,"Av. Faria Lima, 245",77897-666,Recife,PE,True,App Android,2023-12-09T00:00:00Z
WEB-70561,100.000.561-54,Diego S.,diego271@gmail.com,+5511965141717,1999-10-12,"Rua XV de Novembro, 1405",74757-641,São Paulo,SP,True,App Android,2025-04-24T00:00:00Z
WEB-70562,100.000.562-35,Rafaela Oliveira,RAFAELA.OLIVEIRA28@EXAMPLE.COM,+5511980653292,1982-08-17,"Rua Oscar Freire, 38",18447-984,Fortaleza,CE,True,Parceiro Bank,2024-07-31T00:00:00Z
WEB-70563,100.000.563-16,Camila Fernandes,CAMILA.FERNANDES84@EXAMPLE.COM,+5511951943002,1968-06-18,"Rua Augusta, 1256",49967-365,Brasília,DF,True,App Android,2023-12-03T00:00:00Z
WEB-70564,100.000.564-05,Larissa Costa,larissa.costa63@example.com,+5511957367387,1983-05-06,"Av. Faria Lima, 539",70491-130,Florianópolis,SC,True,App Android,2026-03-11T00:00:00Z
WEB-70565,100.000.565-88,Bruno Lopes,bruno.lopes84@example.com,+5511932693431,2001-01-22,"Av. Faria Lima, 583",27810-726,Florianópolis,SC,True,App iOS,2024-07-19T00:00:00Z
WEB-70566,10000056669,Rodrigo O.,rodrigo.oliveira45@example.com,11943829709,1973-10-09,"Rua das Flores, 998",46970-988,Porto Alegre,RS,True,Parceiro Bank,2025-04-09T00:00:00Z
WEB-70567,10000056740,YASMIN VIEIRA,yasmin.vieira29@example.com,+5511998470372,1993-06-26,"Rua Augusta, 2399",31403-674,Porto Alegre,RS,True,App iOS,2025-06-29T00:00:00Z
WEB-70568,100.000.568-20,Vanessa Santos,vanessa.santos53@example.com,11921328172,1974-10-27,"Rua Augusta, 787",61354-306,Brasília,DF,True,App iOS,2025-09-19T00:00:00Z
WEB-70569,100.000.569-01,Larissa Ferreira,larissa.ferreira36@example.com,11987545284,1987-01-21,"Av. Faria Lima, 124",87502-702,Rio de Janeiro,RJ,True,App Android,2023-04-09T00:00:00Z
WEB-70570,10000057045,Juliana Lopes,JULIANA.LOPES78@EXAMPLE.COM,+5511941361490,1989-11-23,"Rua Oscar Freire, 1556",24938-650,Brasília,DF,True,App Android,2022-06-10T00:00:00Z
WEB-70571,100.000.571-26,Ana Gomes,ana.gomes67@example.com,+5511961271721,1985-09-22,"Av. Brasil, 1352",59917-719,Rio de Janeiro,RJ,True,App Android,2025-07-18T00:00:00Z
WEB-70572,100.000.572-07,Yasmin Lima,yasmin.lima52@example.com,+5511946282557,1982-02-09,"Rua das Flores, 481",28645-602,Recife,PE,True,App Android,2024-01-28T00:00:00Z
WEB-70573,10000057398,Larissa Vieira,larissa358@gmail.com,+5511979786819,1986-11-23,"Av. Paulista, 1841",88018-580,Campinas,SP,True,Portal Web,2024-09-14T00:00:00Z
WEB-70574,100.000.574-79,Ana Carvalho,ana978@gmail.com,+5511980499776,1971-11-15,"Rua XV de Novembro, 1678",81345-354,Curitiba,PR,True,Portal Web,2022-10-01T00:00:00Z
WEB-70575,100.000.575-50,Beatriz O.,beatriz413@gmail.com,+5511989743930,1978-10-21,"Rua Oscar Freire, 903",88134-970,Florianópolis,SC,False,App Android,2023-01-10T00:00:00Z
WEB-70576,100.000.576-30,Natan Vieira,NATAN.VIEIRA33@EXAMPLE.COM,+5511924877375,1976-05-10,"Rua XV de Novembro, 1910",96858-397,Goiânia,GO,True,Portal Web,2024-02-29T00:00:00Z
WEB-70577,100.000.577-11,Marcelo C.,marcelo.carvalho98@example.com,+5511999600963,1985-05-06,"Av. Paulista, 1176",61378-935,Porto Alegre,RS,False,App Android,2023-09-17T00:00:00Z
WEB-70578,10000057800,Igor Lima,IGOR.LIMA32@EXAMPLE.COM,11969132953,1969-08-07,"Rua XV de Novembro, 1274",70695-107,Salvador,BA,True,Portal Web,2025-11-09T00:00:00Z
WEB-70579,100.000.579-83,SOFIA CARVALHO,SOFIA.CARVALHO37@EXAMPLE.COM,11992405160,1971-08-23,"Av. Brasil, 853",57104-618,Rio de Janeiro,RJ,True,App iOS,2023-05-08T00:00:00Z
WEB-70580,10000058017,Marcelo Almeida,marcelo.almeida12@example.com,+5511976800348,1974-11-21,"Rua XV de Novembro, 437",64957-216,São Paulo,SP,True,App Android,2024-05-10T00:00:00Z
WEB-70581,100.000.581-06,Vinicius Martins,vinicius.martins83@example.com,+5511910497109,1997-12-25,"Av. Faria Lima, 618",67636-113,Brasília,DF,True,App iOS,2024-03-30T00:00:00Z
WEB-70582,100.000.582-89,Sofia Pereira,sofia.pereira10@example.com,11961596498,1995-02-19,"Av. Faria Lima, 826",28857-328,Campinas,SP,True,Parceiro Bank,2024-08-06T00:00:00Z
WEB-70583,100.000.583-60,Caio Oliveira,caio.oliveira56@example.com,+5511981756326,1986-02-27,"Rua Oscar Freire, 2476",36512-583,Porto Alegre,RS,True,Portal Web,2024-08-02T00:00:00Z
WEB-70584,100.000.584-40,CAMILA ALVES,camila.alves48@example.com,+5511962358969,1971-11-23,"Av. Faria Lima, 901",37471-630,Brasília,DF,True,Parceiro Bank,2024-09-01T00:00:00Z
WEB-70585,100.000.585-21,EDUARDO SANTOS,eduardo.santos34@example.com,+5511913404379,2002-04-16,"Rua das Flores, 952",57102-125,Rio de Janeiro,RJ,True,Portal Web,2024-10-23T00:00:00Z
WEB-70586,100.000.586-02,ANA SANTOS,ana.santos53@example.com,+5511917523501,1986-12-02,"Rua Augusta, 1879",15740-459,Rio de Janeiro,RJ,True,App iOS,2025-04-10T00:00:00Z
WEB-70587,100.000.587-93,PAULO FERNANDES,paulo.fernandes29@example.com,+5511987758465,1979-02-02,"Av. Faria Lima, 2000",92090-949,Belo Horizonte,MG,True,App iOS,2024-05-06T00:00:00Z
WEB-70588,100.000.588-74,Bruno Pereira,bruno572@gmail.com,+5511997078639,1973-01-06,"Av. Faria Lima, 213",61363-111,São Paulo,SP,True,App Android,2025-12-17T00:00:00Z
WEB-70589,100.000.589-55,Beatriz Ferreira,beatriz.ferreira85@example.com,+5511918584245,1971-02-16,"Av. Brasil, 399",23925-650,Recife,PE,True,Portal Web,2023-06-19T00:00:00Z
WEB-70590,100.000.590-99,Lucas Martins,lucas.martins51@example.com,+5511926213828,2001-09-05,"Rua XV de Novembro, 285",87038-932,Curitiba,PR,True,Portal Web,2025-10-13T00:00:00Z
WEB-70591,100.000.591-70,Daniel Lima,daniel853@gmail.com,+5511965721070,1975-12-12,"Rua Augusta, 2037",69721-469,Belo Horizonte,MG,True,App Android,2023-01-08T00:00:00Z
WEB-70592,100.000.592-50,Eduardo Souza,eduardo.souza90@example.com,+5511992200507,1989-03-01,"Av. Paulista, 365",37833-627,Rio de Janeiro,RJ,True,Parceiro Bank,2022-08-20T00:00:00Z
WEB-70593,100.000.593-31,Diego Vieira,DIEGO.VIEIRA46@EXAMPLE.COM,11965864403,1995-12-05,"Rua Oscar Freire, 327",79071-208,Belo Horizonte,MG,True,Parceiro Bank,2024-11-17T00:00:00Z
WEB-70594,100.000.594-12,FERNANDA BARBOSA,fernanda.barbosa98@example.com,11915049433,1976-12-16,"Av. Brasil, 1912",38931-970,Rio de Janeiro,RJ,True,Portal Web,2023-12-12T00:00:00Z
WEB-70595,100.000.595-01,Helena Alves,HELENA.ALVES25@EXAMPLE.COM,11981162107,1971-10-12,"Rua Augusta, 1298",45945-825,Fortaleza,CE,True,App Android,2024-03-03T00:00:00Z
WEB-70596,100.000.596-84,Igor Santos,igor.santos34@example.com,+5511925123535,1974-11-28,"Av. Faria Lima, 1376",67728-786,Brasília,DF,True,App iOS,2023-08-01T00:00:00Z
WEB-70597,100.000.597-65,Bruno Ribeiro,bruno.ribeiro46@example.com,+5511938130660,1992-05-11,"Rua Augusta, 1165",13237-429,Brasília,DF,True,Parceiro Bank,2023-03-11T00:00:00Z
WEB-70598,100.000.598-46,FERNANDA FERREIRA,fernanda.ferreira13@example.com,+5511975103838,1997-02-03,"Rua Oscar Freire, 1562",66022-445,Florianópolis,SC,True,App Android,2023-09-25T00:00:00Z
WEB-70599,10000059927,GABRIEL COSTA,gabriel.costa39@example.com,11924781783,1985-04-04,"Rua das Flores, 2402",23267-872,Florianópolis,SC,True,Portal Web,2026-03-27T00:00:00Z
WEB-70600,100.000.600-03,Carla Lopes,carla.lopes84@example.com,11975016103,1968-07-05,"Av. Paulista, 674",33406-857,Recife,PE,True,Parceiro Bank,2024-08-20T00:00:00Z
WEB-70601,100.000.601-86,Paulo Alves,paulo.alves90@example.com,11958129159,1982-04-11,"Av. Paulista, 1244",26474-339,São Paulo,SP,True,Portal Web,2024-07-15T00:00:00Z
WEB-70602,100.000.602-67,Paulo Carvalho,PAULO.CARVALHO31@EXAMPLE.COM,+5511956113991,1979-05-20,"Rua XV de Novembro, 1473",66414-865,Goiânia,GO,True,Portal Web,2023-11-20T00:00:00Z
WEB-70603,100.000.603-48,Carla Carvalho,CARLA.CARVALHO76@EXAMPLE.COM,11975661110,1978-10-16,"Rua Augusta, 614",74151-744,Porto Alegre,RS,True,Parceiro Bank,2024-11-22T00:00:00Z
WEB-70604,100.000.604-29,Helena Costa,helena.costa65@example.com,+5511987774748,1979-10-05,"Av. Paulista, 1940",19316-241,São Paulo,SP,True,Parceiro Bank,2023-12-15T00:00:00Z
WEB-70605,100.000.605-00,Larissa Soares,larissa.soares14@example.com,+5511967136170,1998-07-16,"Av. Paulista, 899",89577-143,Rio de Janeiro,RJ,True,Portal Web,2024-10-16T00:00:00Z
WEB-70606,10000060690,MARCELO SILVA,marcelo389@gmail.com,+5511964575354,1978-03-12,"Rua Augusta, 2301",38833-324,Curitiba,PR,False,App Android,2022-10-22T00:00:00Z
WEB-70607,100.000.607-71,Fernanda Almeida,fernanda.almeida83@example.com,+5511988337534,1966-08-15,"Rua das Flores, 1355",39499-410,Florianópolis,SC,False,App Android,2024-03-31T00:00:00Z
WEB-70608,100.000.608-52,Caio Almeida,caio227@gmail.com,+5511910183025,1969-07-23,"Rua Augusta, 1821",42901-250,Fortaleza,CE,True,Portal Web,2024-12-30T00:00:00Z
WEB-70609,100.000.609-33,Diego Barbosa,DIEGO.BARBOSA79@EXAMPLE.COM,+5511987205978,1978-11-03,"Rua das Flores, 1985",88416-117,Campinas,SP,True,App Android,2024-07-07T00:00:00Z
WEB-70610,100.000.610-77,Vinicius Santos,vinicius.santos24@example.com,+5511961399349,1988-08-20,"Rua Augusta, 2393",83143-155,Campinas,SP,True,App iOS,2024-05-20T00:00:00Z
WEB-70611,100.000.611-58,Sofia Alves,sofia.alves27@example.com,+5511954953500,1980-09-04,"Rua Oscar Freire, 1713",70855-454,Brasília,DF,True,Portal Web,2025-04-27T00:00:00Z
WEB-70612,100.000.612-39,Lucas Ribeiro,lucas.ribeiro44@example.com,+5511977587480,1992-05-02,"Rua das Flores, 46",59591-601,Campinas,SP,True,Parceiro Bank,2024-08-04T00:00:00Z
WEB-70613,100.000.613-10,Renato Souza,renato.souza70@example.com,11981391010,1999-05-15,"Rua Augusta, 345",47369-529,Campinas,SP,True,App iOS,2022-08-29T00:00:00Z
WEB-70614,100.000.614-09,Carla O.,carla.oliveira60@example.com,+5511933999716,1983-02-04,"Rua Oscar Freire, 2497",82693-809,Porto Alegre,RS,True,Parceiro Bank,2024-10-11T00:00:00Z
WEB-70615,100.000.615-81,Vanessa Alves,vanessa.alves76@example.com,+5511994191586,1966-05-14,"Rua Augusta, 705",49780-310,Fortaleza,CE,True,Portal Web,2025-01-05T00:00:00Z
WEB-70616,100.000.616-62,Larissa S.,larissa.silva47@example.com,+5511935375292,1969-01-28,"Rua Oscar Freire, 1048",82049-903,Fortaleza,CE,True,Portal Web,2023-10-13T00:00:00Z
WEB-70617,10000061743,RAFAELA VIEIRA,rafaela.vieira95@example.com,11981157706,2000-08-15,"Av. Brasil, 427",31909-743,Recife,PE,True,App iOS,2025-06-04T00:00:00Z
WEB-70618,100.000.618-24,Patricia Lima,patricia.lima39@example.com,+5511974994010,1988-05-25,"Rua XV de Novembro, 2091",33423-625,Belo Horizonte,MG,False,App Android,2023-04-02T00:00:00Z
WEB-70619,100.000.619-05,Beatriz Ferreira,BEATRIZ.FERREIRA78@EXAMPLE.COM,+5511948285148,1976-03-27,"Av. Paulista, 662",82733-135,Florianópolis,SC,True,Portal Web,2023-07-27T00:00:00Z
WEB-70620,100.000.620-49,LUCAS VIEIRA,lucas.vieira26@example.com,+5511969175071,1981-06-06,"Rua XV de Novembro, 1515",35486-894,Fortaleza,CE,True,App Android,2024-03-27T00:00:00Z
WEB-70621,100.000.621-20,Eduardo Ribeiro,eduardo.ribeiro67@example.com,11982459667,1975-09-10,"Av. Paulista, 1441",44688-877,São Paulo,SP,True,Portal Web,2024-11-11T00:00:00Z
WEB-70622,100.000.622-00,Paulo Costa,paulo.costa29@example.com,+5511910576371,1999-09-11,"Rua Oscar Freire, 2214",20517-400,Florianópolis,SC,True,Portal Web,2023-12-25T00:00:00Z
WEB-70623,100.000.623-91,Camila Rodrigues,camila.rodrigues82@example.com,+5511969338400,1986-12-04,"Av. Paulista, 1389",96480-476,Brasília,DF,False,App iOS,2022-08-23T00:00:00Z
WEB-70624,100.000.624-72,Juliana Silva,juliana.silva61@example.com,11992882398,1979-08-12,"Av. Faria Lima, 812",20085-570,Campinas,SP,False,Parceiro Bank,2024-06-21T00:00:00Z
WEB-70625,100.000.625-53,RODRIGO PEREIRA,rodrigo.pereira45@example.com,+5511936268513,1966-02-18,"Rua XV de Novembro, 771",94954-302,Goiânia,GO,True,App Android,2025-04-13T00:00:00Z
WEB-70626,100.000.626-34,Rafaela Costa,rafaela.costa87@example.com,11991212170,1997-01-22,"Rua Augusta, 335",66728-759,Salvador,BA,True,Parceiro Bank,2024-09-24T00:00:00Z
WEB-70627,100.000.627-15,Natan Ribeiro,natan.ribeiro11@example.com,+5511948205125,1987-06-10,"Rua Augusta, 2121",94067-458,Fortaleza,CE,True,Portal Web,2023-07-22T00:00:00Z
WEB-70628,100.000.628-04,Larissa Carvalho,larissa.carvalho66@example.com,+5511948739802,1975-12-14,"Rua das Flores, 743",36183-762,Salvador,BA,True,App iOS,2025-07-23T00:00:00Z
WEB-70629,100.000.629-87,Eduardo Alves,eduardo.alves48@example.com,+5511973701495,1998-06-03,"Av. Faria Lima, 734",31307-584,Salvador,BA,True,Parceiro Bank,2022-11-13T00:00:00Z
WEB-70630,10000063010,Olivia F.,OLIVIA.FERREIRA81@EXAMPLE.COM,+5511972024691,2001-03-07,"Av. Brasil, 609",90182-763,Salvador,BA,True,App iOS,2025-09-23T00:00:00Z
WEB-70631,100.000.631-00,Renato Vieira,renato.vieira48@example.com,+5511976317044,2000-12-15,"Rua Oscar Freire, 947",13172-731,São Paulo,SP,True,Parceiro Bank,2024-04-06T00:00:00Z
WEB-70632,100.000.632-82,Daniel Gomes,daniel.gomes63@example.com,+5511934074943,1996-12-21,"Av. Faria Lima, 1025",34469-692,São Paulo,SP,True,App iOS,2026-04-10T00:00:00Z
WEB-70633,100.000.633-63,Beatriz Ribeiro,beatriz.ribeiro84@example.com,11974489726,2001-07-28,"Av. Paulista, 1101",75247-317,Goiânia,GO,True,App Android,2026-03-18T00:00:00Z
WEB-70634,100.000.634-44,Mariana Soares,mariana.soares83@example.com,11912354860,1981-03-19,"Rua Oscar Freire, 2224",86092-227,Belo Horizonte,MG,True,Parceiro Bank,2025-05-12T00:00:00Z
WEB-70635,100.000.635-25,Mariana Ferreira,MARIANA.FERREIRA16@EXAMPLE.COM,+5511946597195,1988-07-21,"Rua Augusta, 1335",47047-483,São Paulo,SP,True,App iOS,2024-03-14T00:00:00Z
WEB-70636,100.000.636-06,Rodrigo Alves,rodrigo767@gmail.com,+5511934595062,1971-10-25,"Rua XV de Novembro, 1754",67392-847,Fortaleza,CE,False,App iOS,2026-01-14T00:00:00Z
WEB-70637,100.000.637-97,Igor R.,igor.ribeiro22@example.com,+5511981728681,2002-06-27,"Rua Oscar Freire, 1729",18021-140,São Paulo,SP,False,App Android,2025-05-23T00:00:00Z
WEB-70638,10000063878,OLIVIA COSTA,olivia.costa30@example.com,+5511923746292,1978-03-17,"Rua Oscar Freire, 1912",39846-257,Curitiba,PR,True,App iOS,2024-06-05T00:00:00Z
WEB-70639,100.000.639-59,Daniel Rodrigues,daniel.rodrigues12@example.com,+5511974359847,1987-05-23,"Rua Oscar Freire, 1356",27242-288,Belo Horizonte,MG,True,Parceiro Bank,2026-02-03T00:00:00Z
WEB-70640,100.000.640-92,Marcelo Costa,marcelo.costa32@example.com,+5511950894029,1966-12-27,"Av. Brasil, 2009",45427-204,Curitiba,PR,True,App iOS,2025-04-19T00:00:00Z
WEB-70641,100.000.641-73,Juliana Rodrigues,juliana.rodrigues36@example.com,+5511927477597,1970-07-23,"Rua Augusta, 1166",68562-830,Rio de Janeiro,RJ,False,Portal Web,2026-03-22T00:00:00Z
WEB-70642,100.000.642-54,Bruno Alves,bruno.alves23@example.com,+5511914401363,1997-10-02,"Rua Oscar Freire, 395",61868-663,Rio de Janeiro,RJ,True,App iOS,2023-10-31T00:00:00Z
WEB-70643,100.000.643-35,Marcelo Souza,marcelo.souza25@example.com,+5511990771151,1978-10-07,"Av. Brasil, 175",53021-220,Goiânia,GO,True,Portal Web,2022-11-07T00:00:00Z
WEB-70644,10000064416,Thiago Ribeiro,thiago.ribeiro55@example.com,+5511931549640,1997-12-20,"Av. Paulista, 1459",76616-106,Fortaleza,CE,True,Portal Web,2024-04-09T00:00:00Z
WEB-70645,100.000.645-05,RODRIGO ALVES,rodrigo.alves34@example.com,+5511947830178,1975-09-01,"Rua Augusta, 2070",38641-432,Rio de Janeiro,RJ,True,App Android,2025-10-30T00:00:00Z
WEB-70646,100.000.646-88,Mariana Vieira,mariana.vieira33@example.com,+5511969010948,1971-03-27,"Rua Augusta, 1739",92320-242,Salvador,BA,True,Portal Web,2022-12-30T00:00:00Z
WEB-70647,100.000.647-69,Daniel Costa,daniel.costa25@example.com,+5511972532267,1972-09-05,"Rua Augusta, 189",83458-731,Campinas,SP,True,App iOS,2025-08-29T00:00:00Z
WEB-70648,100.000.648-40,Lucas Lopes,lucas585@gmail.com,+5511961644447,1983-08-20,"Av. Brasil, 2015",65174-987,Porto Alegre,RS,False,Portal Web,2023-04-18T00:00:00Z
WEB-70649,100.000.649-20,Vanessa Carvalho,vanessa.carvalho34@example.com,11919342782,1995-11-12,"Rua XV de Novembro, 1566",45250-746,São Paulo,SP,True,Parceiro Bank,2025-05-11T00:00:00Z
WEB-70650,100.000.650-64,Rodrigo Oliveira,rodrigo377@gmail.com,11929242468,1990-07-23,"Av. Brasil, 2256",35203-367,Rio de Janeiro,RJ,True,App iOS,2023-11-04T00:00:00Z
WEB-70651,100.000.651-45,Lucas Alves,lucas.alves86@example.com,11964262755,1972-04-27,"Rua XV de Novembro, 995",30412-845,Florianópolis,SC,True,Parceiro Bank,2024-08-14T00:00:00Z
WEB-70652,100.000.652-26,Thiago Lima,thiago.lima92@example.com,+5511963718703,1987-08-22,"Rua XV de Novembro, 780",42042-727,Salvador,BA,False,App iOS,2025-03-14T00:00:00Z
WEB-70653,100.000.653-07,DANIEL SOUZA,daniel.souza42@example.com,+5511975678288,1996-04-21,"Rua das Flores, 1515",10858-776,São Paulo,SP,True,Parceiro Bank,2025-01-21T00:00:00Z
WEB-70654,100.000.654-98,Rafaela Silva,rafaela.silva32@example.com,+5511961356129,1985-03-10,"Rua Oscar Freire, 560",86937-602,Recife,PE,True,Parceiro Bank,2024-09-30T00:00:00Z
WEB-70655,100.000.655-79,Marcelo Lopes,marcelo.lopes69@example.com,+5511937102821,1983-11-16,"Rua Augusta, 1574",90970-590,Fortaleza,CE,False,Parceiro Bank,2024-11-19T00:00:00Z
WEB-70656,100.000.656-50,Sofia Silva,sofia.silva14@example.com,+5511967768169,1972-07-15,"Av. Faria Lima, 1016",34233-452,Salvador,BA,True,Portal Web,2025-04-20T00:00:00Z
WEB-70657,100.000.657-30,SOFIA GOMES,sofia.gomes31@example.com,+5511975965276,1992-03-10,"Av. Faria Lima, 415",56428-564,Salvador,BA,True,Parceiro Bank,2025-04-19T00:00:00Z
WEB-70658,100.000.658-11,Camila F.,camila415@gmail.com,+5511982396020,2001-08-16,"Rua das Flores, 1077",20883-637,Belo Horizonte,MG,False,Portal Web,2024-08-26T00:00:00Z
WEB-70659,100.000.659-00,Natan Barbosa,natan.barbosa96@example.com,+5511957347151,1983-06-02,"Rua Oscar Freire, 529",76946-987,Recife,PE,True,App Android,2023-10-20T00:00:00Z
WEB-70660,100.000.660-36,Patricia Vieira,PATRICIA.VIEIRA13@EXAMPLE.COM,11993906615,1986-07-04,"Av. Paulista, 315",29305-259,Campinas,SP,True,App Android,2023-05-17T00:00:00Z
WEB-70661,100.000.661-17,HELENA PEREIRA,helena.pereira92@example.com,+5511951889289,2002-02-23,"Rua XV de Novembro, 479",25318-961,Porto Alegre,RS,True,Parceiro Bank,2024-08-05T00:00:00Z
WEB-70662,100.000.662-06,Lucas Santos,lucas.santos68@example.com,11998284097,1992-10-17,"Rua Augusta, 2035",38920-432,Porto Alegre,RS,True,App iOS,2025-08-20T00:00:00Z
WEB-70663,100.000.663-89,Lucas Martins,lucas.martins83@example.com,+5511962385285,1985-10-04,"Rua Oscar Freire, 1745",80086-315,Rio de Janeiro,RJ,True,App Android,2024-03-12T00:00:00Z
WEB-70664,100.000.664-60,Fernanda Barbosa,fernanda.barbosa48@example.com,11958765904,1992-04-16,"Rua Oscar Freire, 621",81962-979,Rio de Janeiro,RJ,True,Portal Web,2024-01-24T00:00:00Z
WEB-70665,100.000.665-40,Thiago M.,THIAGO.MARTINS38@EXAMPLE.COM,11993828673,1970-12-28,"Av. Faria Lima, 1243",16736-732,Rio de Janeiro,RJ,True,App Android,2024-10-12T00:00:00Z
WEB-70666,100.000.666-21,Rafaela Carvalho,rafaela.carvalho36@example.com,11956616029,1969-11-27,"Rua das Flores, 1085",30009-685,Fortaleza,CE,True,Parceiro Bank,2023-10-10T00:00:00Z
WEB-70667,100.000.667-02,Gabriel Carvalho,gabriel.carvalho61@example.com,+5511943724189,1997-08-22,"Av. Faria Lima, 1659",83840-707,Belo Horizonte,MG,True,Parceiro Bank,2025-04-03T00:00:00Z
WEB-70668,100.000.668-93,Thiago Lopes,thiago.lopes37@example.com,11998691908,1994-05-21,"Rua XV de Novembro, 1004",36368-714,Recife,PE,True,App Android,2025-12-11T00:00:00Z
WEB-70669,100.000.669-74,Rodrigo Alves,rodrigo612@gmail.com,11972073912,1974-04-05,"Av. Paulista, 502",30152-882,Goiânia,GO,True,Portal Web,2024-05-30T00:00:00Z
WEB-70670,100.000.670-08,Vanessa Oliveira,vanessa388@gmail.com,+5511937321097,1991-05-27,"Av. Brasil, 242",28972-251,Goiânia,GO,True,Portal Web,2023-07-31T00:00:00Z
WEB-70671,100.000.671-99,NATAN PEREIRA,natan.pereira24@example.com,+5511930127592,1977-01-08,"Rua Oscar Freire, 1950",45407-998,Brasília,DF,True,App Android,2025-08-10T00:00:00Z
WEB-70672,100.000.672-70,Caio Santos,caio240@gmail.com,11931388734,1982-03-01,"Av. Faria Lima, 605",53382-344,Porto Alegre,RS,True,Parceiro Bank,2024-05-23T00:00:00Z
WEB-70673,100.000.673-50,Patricia Silva,patricia.silva17@example.com,11921264832,1985-10-10,"Rua Oscar Freire, 2418",83015-640,Salvador,BA,True,App iOS,2024-07-21T00:00:00Z
WEB-70674,100.000.674-31,Natan Rodrigues,natan361@gmail.com,+5511925023307,2001-12-17,"Rua das Flores, 125",27787-563,Fortaleza,CE,True,App iOS,2024-02-04T00:00:00Z
WEB-70675,100.000.675-12,Beatriz Souza,beatriz.souza50@example.com,+5511954196006,2002-12-13,"Rua das Flores, 2415",39529-951,Florianópolis,SC,True,App Android,2025-12-16T00:00:00Z
WEB-70676,10000067601,Daniel Ferreira,daniel.ferreira37@example.com,11946849119,1993-07-09,"Av. Brasil, 1703",96424-512,São Paulo,SP,True,Portal Web,2023-07-07T00:00:00Z
WEB-70677,100.000.677-84,Lucas Fernandes,lucas.fernandes64@example.com,+5511973733841,1980-05-26,"Rua das Flores, 1701",18872-460,Campinas,SP,True,App Android,2024-05-11T00:00:00Z
WEB-70678,100.000.678-65,Ana Barbosa,ANA.BARBOSA14@EXAMPLE.COM,+5511998882124,1968-12-26,"Rua XV de Novembro, 1632",53510-685,Curitiba,PR,True,App Android,2024-07-27T00:00:00Z
WEB-70679,100.000.679-46,Vinicius Souza,vinicius.souza78@example.com,11941726640,1993-07-01,"Rua XV de Novembro, 233",12835-183,Porto Alegre,RS,True,Portal Web,2023-05-29T00:00:00Z
WEB-70680,100.000.680-80,Juliana Alves,juliana.alves30@example.com,+5511968900892,1985-11-14,"Av. Paulista, 896",14518-881,Porto Alegre,RS,True,Parceiro Bank,2025-03-10T00:00:00Z
WEB-70681,100.000.681-60,Rafaela Carvalho,RAFAELA.CARVALHO52@EXAMPLE.COM,+5511966689004,1971-03-23,"Av. Brasil, 2306",60645-317,Fortaleza,CE,True,Portal Web,2023-01-17T00:00:00Z
WEB-70682,100.000.682-41,Larissa Costa,larissa.costa68@example.com,+5511913670974,1968-11-21,"Av. Brasil, 475",99597-426,Goiânia,GO,True,App Android,2025-11-08T00:00:00Z
WEB-70683,100.000.683-22,NATAN ALVES,natan.alves90@example.com,+5511951009896,1985-10-03,"Rua XV de Novembro, 602",99092-314,Belo Horizonte,MG,False,Portal Web,2024-03-30T00:00:00Z
WEB-70684,100.000.684-03,Vanessa Barbosa,vanessa.barbosa97@example.com,11965071708,1985-08-16,"Rua XV de Novembro, 833",63406-939,Belo Horizonte,MG,True,App iOS,2023-06-24T00:00:00Z
WEB-70685,100.000.685-94,Patricia Gomes,patricia.gomes35@example.com,+5511921327835,1991-06-06,"Rua Oscar Freire, 673",70395-819,Salvador,BA,True,Portal Web,2022-03-12T00:00:00Z
WEB-70686,100.000.686-75,CAIO BARBOSA,caio.barbosa90@example.com,11940696566,1970-08-07,"Rua Augusta, 964",68415-430,Florianópolis,SC,True,Parceiro Bank,2023-01-13T00:00:00Z
WEB-70687,100.000.687-56,Beatriz Lima,beatriz.lima29@example.com,+5511921953600,1988-03-19,"Av. Brasil, 585",31458-246,São Paulo,SP,True,Portal Web,2026-02-12T00:00:00Z
WEB-70688,100.000.688-37,Renato Lopes,renato.lopes25@example.com,+5511940129725,1978-04-28,"Rua Oscar Freire, 1945",91757-653,Porto Alegre,RS,True,App iOS,2023-08-08T00:00:00Z
WEB-70689,100.000.689-18,Beatriz Alves,beatriz.alves46@example.com,+5511935415894,1991-03-14,"Av. Paulista, 597",16008-392,São Paulo,SP,True,App iOS,2025-06-27T00:00:00Z
WEB-70690,100.000.690-51,Paulo Pereira,paulo.pereira57@example.com,+5511988235926,1994-02-01,"Rua XV de Novembro, 2021",52706-242,Belo Horizonte,MG,True,App Android,2024-11-17T00:00:00Z
WEB-70691,100.000.691-32,Diego Martins,diego.martins64@example.com,+5511990154282,1981-02-04,"Av. Paulista, 2035",40748-985,São Paulo,SP,False,App Android,2024-06-24T00:00:00Z
WEB-70692,100.000.692-13,YASMIN RIBEIRO,yasmin.ribeiro87@example.com,+5511990293348,1967-01-09,"Rua Augusta, 2194",19998-890,Recife,PE,False,Parceiro Bank,2024-05-04T00:00:00Z
WEB-70693,100.000.693-02,Eduardo Fernandes,EDUARDO.FERNANDES15@EXAMPLE.COM,11987911634,1976-05-06,"Rua Oscar Freire, 1866",25068-409,Brasília,DF,True,Parceiro Bank,2026-05-04T00:00:00Z
WEB-70694,100.000.694-85,Lucas Soares,lucas.soares65@example.com,+5511929031501,1981-02-11,"Av. Brasil, 2312",86078-348,Belo Horizonte,MG,False,Portal Web,2024-10-29T00:00:00Z
WEB-70695,100.000.695-66,Larissa Ribeiro,larissa.ribeiro65@example.com,+5511947973618,1981-10-27,"Av. Paulista, 2088",34758-552,Fortaleza,CE,True,App Android,2023-06-01T00:00:00Z
WEB-70696,100.000.696-47,Larissa Lopes,larissa.lopes29@example.com,+5511984581396,1993-01-07,"Av. Brasil, 1173",73041-301,São Paulo,SP,True,Parceiro Bank,2024-04-23T00:00:00Z
WEB-70697,100.000.697-28,Fernanda Almeida,fernanda.almeida65@example.com,11925572483,1996-01-15,"Rua das Flores, 155",93861-612,Florianópolis,SC,True,App iOS,2023-10-27T00:00:00Z
WEB-70698,100.000.698-09,Daniel Ribeiro,daniel.ribeiro21@example.com,+5511937344675,1983-03-27,"Av. Brasil, 897",29947-241,Florianópolis,SC,True,Parceiro Bank,2025-02-17T00:00:00Z
WEB-70699,10000069990,Gabriel Vieira,gabriel.vieira10@example.com,+5511980600592,2001-03-14,"Rua das Flores, 1997",94978-169,Curitiba,PR,True,Portal Web,2025-09-02T00:00:00Z
WEB-70700,100.000.700-68,Ana Gomes,ana.gomes97@example.com,11926373347,1990-06-19,"Rua Augusta, 786",79716-946,Campinas,SP,True,App Android,2022-06-18T00:00:00Z
WEB-70701,100.000.701-49,Paulo Lima,paulo.lima86@example.com,+5511998316111,1965-06-02,"Av. Paulista, 816",25901-291,Recife,PE,True,Portal Web,2024-12-18T00:00:00Z
WEB-70702,100.000.702-20,Eduardo Alves,eduardo.alves16@example.com,+5511996388439,1983-06-26,"Rua Augusta, 212",21799-388,Florianópolis,SC,True,Parceiro Bank,2024-09-25T00:00:00Z
WEB-70703,100.000.703-00,CARLA MARTINS,carla.martins42@example.com,11933892205,1980-07-03,"Rua Oscar Freire, 1515",69644-544,Curitiba,PR,True,Parceiro Bank,2023-04-16T00:00:00Z
WEB-70704,100.000.704-91,Caio Rodrigues,CAIO.RODRIGUES25@EXAMPLE.COM,11950070254,1996-07-24,"Av. Faria Lima, 1046",17261-610,Goiânia,GO,True,App iOS,2023-10-04T00:00:00Z
WEB-70705,100.000.705-72,Rodrigo Alves,rodrigo.alves72@example.com,+5511969786268,1989-08-09,"Av. Paulista, 1048",45182-932,Recife,PE,False,App Android,2022-04-15T00:00:00Z
WEB-70706,100.000.706-53,Beatriz Ferreira,beatriz.ferreira65@example.com,+5511994649276,1992-02-02,"Av. Faria Lima, 1558",14980-300,Campinas,SP,True,Portal Web,2023-11-26T00:00:00Z
WEB-70707,100.000.707-34,YASMIN LOPES,yasmin.lopes77@example.com,+5511994498056,1998-02-10,"Rua Augusta, 1221",87202-397,Salvador,BA,True,Portal Web,2024-12-10T00:00:00Z
WEB-70708,100.000.708-15,Eduardo Rodrigues,eduardo.rodrigues97@example.com,+5511950320166,1980-09-14,"Rua das Flores, 276",67566-549,Recife,PE,True,App Android,2025-02-28T00:00:00Z
WEB-70709,100.000.709-04,Rodrigo Souza,rodrigo.souza75@example.com,11967030927,1991-02-15,"Rua XV de Novembro, 321",37562-919,Florianópolis,SC,True,Parceiro Bank,2023-04-23T00:00:00Z
WEB-70710,100.000.710-30,Marcelo Soares,marcelo546@gmail.com,+5511925292162,1994-03-26,"Rua XV de Novembro, 2012",45918-696,Salvador,BA,True,Portal Web,2024-05-20T00:00:00Z
WEB-70711,100.000.711-10,Lucas Vieira,lucas.vieira68@example.com,+5511999960756,1993-10-26,"Rua Augusta, 181",51529-624,Campinas,SP,True,Portal Web,2023-03-16T00:00:00Z
WEB-70712,100.000.712-00,Igor Souza,IGOR.SOUZA65@EXAMPLE.COM,+5511981722733,1966-01-13,"Rua Oscar Freire, 1573",73601-976,São Paulo,SP,True,Parceiro Bank,2024-06-10T00:00:00Z
WEB-70713,100.000.713-82,Vanessa Barbosa,vanessa.barbosa72@example.com,+5511950641125,1988-12-22,"Av. Brasil, 793",93896-525,Goiânia,GO,True,App iOS,2025-10-16T00:00:00Z
WEB-70714,100.000.714-63,Eduardo Silva,eduardo.silva34@example.com,+5511925020641,1966-12-07,"Rua XV de Novembro, 1223",55772-680,Curitiba,PR,True,Portal Web,2024-08-05T00:00:00Z
WEB-70715,100.000.715-44,Olivia Fernandes,olivia451@gmail.com,+5511921555280,1984-08-05,"Rua Oscar Freire, 189",35876-811,Salvador,BA,True,App Android,2023-11-29T00:00:00Z
WEB-70716,10000071625,Larissa Almeida,larissa.almeida72@example.com,+5511973282209,1966-08-19,"Av. Paulista, 639",63633-457,Curitiba,PR,True,App Android,2024-03-23T00:00:00Z
WEB-70717,100.000.717-06,Bruno Costa,BRUNO.COSTA11@EXAMPLE.COM,+5511923779264,1992-07-28,"Rua XV de Novembro, 594",71507-443,Florianópolis,SC,True,Parceiro Bank,2022-05-09T00:00:00Z
WEB-70718,100.000.718-97,Rodrigo Vieira,RODRIGO.VIEIRA88@EXAMPLE.COM,+5511975485030,1979-12-02,"Av. Paulista, 154",17955-979,São Paulo,SP,False,App iOS,2024-11-26T00:00:00Z
WEB-70719,100.000.719-78,Igor Carvalho,igor.carvalho70@example.com,+5511925695520,1996-10-21,"Av. Brasil, 2186",52514-457,Brasília,DF,True,App Android,2022-10-04T00:00:00Z
WEB-70720,100.000.720-01,Rafaela Ribeiro,rafaela.ribeiro66@example.com,+5511941152352,1997-04-19,"Rua Oscar Freire, 299",70251-460,Campinas,SP,False,Parceiro Bank,2024-04-24T00:00:00Z
WEB-70721,100.000.721-92,Olivia Ribeiro,olivia.ribeiro70@example.com,+5511931746728,1978-05-23,"Rua Augusta, 365",68354-911,Rio de Janeiro,RJ,True,Portal Web,2023-02-19T00:00:00Z
WEB-70722,100.000.722-73,Beatriz Lopes,BEATRIZ.LOPES22@EXAMPLE.COM,+5511965832475,1996-05-08,"Rua XV de Novembro, 2038",91610-383,Fortaleza,CE,True,Parceiro Bank,2022-04-11T00:00:00Z
WEB-70723,100.000.723-54,Mariana Ferreira,mariana.ferreira32@example.com,+5511977575794,1967-02-11,"Av. Faria Lima, 499",94545-813,Rio de Janeiro,RJ,True,App Android,2024-03-25T00:00:00Z
WEB-70724,100.000.724-35,Igor Costa,igor.costa55@example.com,11916264794,2000-05-05,"Av. Brasil, 2207",91268-233,Fortaleza,CE,True,Portal Web,2025-07-19T00:00:00Z
WEB-70725,10000072516,Patricia Almeida,patricia.almeida24@example.com,11924212564,1971-09-02,"Av. Brasil, 1260",26848-317,Rio de Janeiro,RJ,True,Portal Web,2024-11-24T00:00:00Z
WEB-70726,100.000.726-05,YASMIN RIBEIRO,yasmin.ribeiro30@example.com,11949208083,1993-09-16,"Av. Paulista, 2370",83689-613,Rio de Janeiro,RJ,True,App Android,2025-12-13T00:00:00Z
WEB-70727,100.000.727-88,Daniel Alves,daniel.alves66@example.com,11965800998,1965-04-27,"Av. Faria Lima, 1755",91978-435,Campinas,SP,True,App iOS,2023-06-13T00:00:00Z
WEB-70728,100.000.728-69,Mariana Carvalho,mariana383@gmail.com,11994482060,1980-03-25,"Rua Augusta, 298",93852-656,Salvador,BA,True,Parceiro Bank,2023-08-26T00:00:00Z
WEB-70729,100.000.729-40,Yasmin Carvalho,yasmin.carvalho68@example.com,11979277190,1988-01-15,"Rua Augusta, 1736",33787-155,São Paulo,SP,True,Parceiro Bank,2023-01-14T00:00:00Z
WEB-70730,100.000.730-83,Marcelo Ferreira,marcelo.ferreira65@example.com,+5511918250139,1990-01-22,"Rua XV de Novembro, 786",96668-264,Belo Horizonte,MG,True,Parceiro Bank,2024-08-23T00:00:00Z
WEB-70731,100.000.731-64,Juliana Carvalho,juliana408@gmail.com,11984304333,1984-12-24,"Av. Faria Lima, 2319",12575-802,Campinas,SP,True,App Android,2026-02-19T00:00:00Z
WEB-70732,100.000.732-45,Beatriz Rodrigues,beatriz.rodrigues99@example.com,11964215650,1993-11-07,"Rua Augusta, 1797",32429-728,Recife,PE,True,Parceiro Bank,2024-12-24T00:00:00Z
WEB-70733,100.000.733-26,Marcelo Alves,marcelo653@gmail.com,11921311994,1967-09-11,"Rua Augusta, 803",56771-277,Florianópolis,SC,True,Parceiro Bank,2024-12-04T00:00:00Z
WEB-70734,100.000.734-07,Gabriel Oliveira,gabriel.oliveira75@example.com,11984059443,1984-09-11,"Av. Paulista, 497",52993-400,Belo Horizonte,MG,False,App Android,2023-08-19T00:00:00Z
WEB-70735,100.000.735-98,Thiago Lima,thiago.lima40@example.com,+5511950794416,1992-09-04,"Rua XV de Novembro, 251",69614-217,São Paulo,SP,True,Parceiro Bank,2024-09-19T00:00:00Z
WEB-70736,10000073679,Daniel Santos,daniel.santos93@example.com,+5511926743635,1993-05-19,"Av. Faria Lima, 840",12560-689,São Paulo,SP,True,Portal Web,2024-05-27T00:00:00Z
WEB-70737,10000073750,Thiago Fernandes,THIAGO.FERNANDES86@EXAMPLE.COM,11941385191,1987-05-10,"Av. Brasil, 1153",42005-367,Florianópolis,SC,True,App iOS,2025-06-25T00:00:00Z
WEB-70738,100.000.738-30,Daniel Costa,daniel.costa76@example.com,11988164250,1977-06-15,"Av. Paulista, 626",97209-545,Belo Horizonte,MG,True,App iOS,2025-05-22T00:00:00Z
WEB-70739,100.000.739-11,Bruno Carvalho,bruno.carvalho26@example.com,+5511973921605,1978-08-03,"Rua XV de Novembro, 1450",54352-220,Goiânia,GO,True,Portal Web,2024-05-29T00:00:00Z
WEB-70740,100.000.740-55,Vanessa Lima,vanessa.lima84@example.com,11976951467,1992-08-23,"Rua XV de Novembro, 2476",74193-616,Florianópolis,SC,True,Portal Web,2026-04-17T00:00:00Z
WEB-70741,100.000.741-36,Eduardo Lopes,eduardo.lopes68@example.com,+5511927365785,1997-09-04,"Av. Faria Lima, 2454",80627-223,Curitiba,PR,True,App Android,2023-10-18T00:00:00Z
WEB-70742,10000074217,Sofia Ribeiro,sofia.ribeiro25@example.com,+5511990745413,1991-02-04,"Rua XV de Novembro, 2375",22941-956,Recife,PE,True,App iOS,2023-12-02T00:00:00Z
WEB-70743,100.000.743-06,Mariana Gomes,mariana545@gmail.com,+5511950702879,1983-08-01,"Rua XV de Novembro, 256",20743-560,Belo Horizonte,MG,True,Portal Web,2023-11-01T00:00:00Z
WEB-70744,100.000.744-89,Vinicius Gomes,vinicius.gomes37@example.com,+5511934572196,1996-01-04,"Rua XV de Novembro, 899",70571-611,Campinas,SP,True,App iOS,2025-10-07T00:00:00Z
WEB-70745,100.000.745-60,Thiago Gomes,thiago.gomes82@example.com,+5511970716667,1986-07-16,"Rua XV de Novembro, 1446",75708-577,Recife,PE,True,App Android,2024-07-03T00:00:00Z
WEB-70746,10000074640,Marcelo Almeida,marcelo.almeida95@example.com,+5511970273791,1974-12-11,"Rua XV de Novembro, 397",79657-929,Recife,PE,True,App iOS,2024-01-19T00:00:00Z
WEB-70747,100.000.747-21,Lucas Fernandes,lucas.fernandes15@example.com,+5511999985448,1993-12-09,"Av. Paulista, 2096",51693-447,Rio de Janeiro,RJ,False,Portal Web,2024-10-03T00:00:00Z
WEB-70748,10000074802,Sofia Souza,sofia.souza92@example.com,+5511985075065,1970-04-20,"Rua XV de Novembro, 1081",73139-682,Recife,PE,True,Parceiro Bank,2026-07-16T10:00:00Z
WEB-70749,100.000.749-93,Marcelo L.,marcelo.lopes74@example.com,11912505049,1972-11-18,"Av. Faria Lima, 1192",87396-701,São Paulo,SP,True,App iOS,2024-10-19T00:00:00Z
WEB-70750,100.000.750-27,Paulo Oliveira,paulo.oliveira78@example.com,+5511991450675,1985-07-19,"Rua Augusta, 86",51950-361,Brasília,DF,False,App Android,2023-09-16T00:00:00Z
WEB-70751,100.000.751-08,Ana Soares,ana.soares50@example.com,11961272646,1981-02-04,"Rua Augusta, 107",50646-849,Fortaleza,CE,True,App Android,2023-03-18T00:00:00Z
WEB-70752,100.000.752-99,Marcelo Oliveira,marcelo.oliveira29@example.com,+5511951177222,1991-11-06,"Av. Faria Lima, 2217",83253-169,Recife,PE,True,App iOS,2024-08-12T00:00:00Z
WEB-70753,10000075370,Juliana Martins,juliana872@gmail.com,+5511952955238,1974-07-11,"Rua Augusta, 2467",48746-650,Salvador,BA,True,App iOS,2022-04-30T00:00:00Z
WEB-70754,100.000.754-50,Thiago Pereira,thiago772@gmail.com,11978265991,1997-07-04,"Rua Augusta, 2418",55352-168,São Paulo,SP,True,Portal Web,2023-06-30T00:00:00Z
WEB-70755,100.000.755-31,Rafaela Silva,rafaela907@gmail.com,11995032473,1979-01-09,"Rua XV de Novembro, 1475",14880-118,Recife,PE,True,Portal Web,2024-07-26T00:00:00Z
WEB-70756,10000075612,Juliana Vieira,juliana.vieira62@example.com,11969858725,1970-11-17,"Av. Brasil, 1210",59188-482,Belo Horizonte,MG,True,Portal Web,2024-09-30T00:00:00Z
WEB-70757,100.000.757-01,Sofia Carvalho,sofia.carvalho81@example.com,11970631785,1967-01-27,"Rua Oscar Freire, 1870",79958-990,Recife,PE,True,Portal Web,2024-04-15T00:00:00Z
WEB-70758,100.000.758-84,Bruno Lopes,bruno.lopes44@example.com,+5511990244451,1981-11-13,"Rua das Flores, 2185",38210-967,Goiânia,GO,False,App Android,2023-10-30T00:00:00Z
WEB-70759,100.000.759-65,Bruno Ferreira,bruno.ferreira78@example.com,+5511985575530,1969-05-03,"Av. Brasil, 2328",58231-787,Florianópolis,SC,True,App iOS,2026-01-11T00:00:00Z
WEB-70760,100.000.760-07,Igor Carvalho,igor.carvalho36@example.com,+5511991932582,1997-06-22,"Av. Paulista, 938",10031-864,Goiânia,GO,True,Portal Web,2025-12-31T00:00:00Z
WEB-70761,100.000.761-80,Helena Costa,helena.costa53@example.com,+5511938269460,1994-10-11,"Rua das Flores, 1733",81642-240,Florianópolis,SC,True,Parceiro Bank,2025-03-20T00:00:00Z
WEB-70762,100.000.762-60,Rafaela Silva,rafaela.silva11@example.com,+5511933291610,1991-09-23,"Rua Oscar Freire, 1939",42178-870,Brasília,DF,True,App Android,2025-09-08T00:00:00Z
WEB-70763,100.000.763-41,Sofia Silva,sofia.silva95@example.com,+5511969750614,1972-06-27,"Av. Brasil, 453",50534-669,Recife,PE,True,Portal Web,2024-05-09T00:00:00Z
WEB-70764,100.000.764-22,Daniel Almeida,DANIEL.ALMEIDA57@EXAMPLE.COM,+5511935902794,1993-01-08,"Av. Paulista, 1593",36427-922,São Paulo,SP,True,Portal Web,2024-10-27T00:00:00Z
WEB-70765,100.000.765-03,Gabriel Oliveira,gabriel.oliveira88@example.com,+5511993917830,1984-12-08,"Av. Paulista, 993",46893-443,Brasília,DF,True,App iOS,2023-01-13T00:00:00Z
WEB-70766,10000076694,Gabriel Silva,gabriel.silva35@example.com,+5511995689443,1990-02-28,"Rua das Flores, 2004",34314-877,Recife,PE,False,Portal Web,2022-09-14T00:00:00Z
WEB-70767,100.000.767-75,Camila Barbosa,CAMILA.BARBOSA82@EXAMPLE.COM,11933559082,1969-10-05,"Av. Brasil, 151",63483-830,Rio de Janeiro,RJ,True,Portal Web,2023-09-17T00:00:00Z
WEB-70768,10000076856,Vinicius Soares,vinicius.soares45@example.com,11935749878,1966-12-22,"Av. Faria Lima, 108",54779-600,Recife,PE,True,App iOS,2025-11-26T00:00:00Z
WEB-70769,100.000.769-37,Ana Carvalho,ana.carvalho92@example.com,11997245556,1968-06-14,"Rua Oscar Freire, 280",41220-119,Porto Alegre,RS,True,Portal Web,2025-02-01T00:00:00Z
WEB-70770,100.000.770-70,Mariana Soares,mariana.soares15@example.com,11940138350,1968-05-14,"Rua das Flores, 1497",17832-835,Brasília,DF,False,App Android,2022-11-27T00:00:00Z
WEB-70771,10000077151,Carla Vieira,carla.vieira13@example.com,11940283277,1992-02-08,"Av. Paulista, 633",59466-822,Belo Horizonte,MG,False,Portal Web,2024-02-01T00:00:00Z
WEB-70772,100.000.772-32,Ana Lopes,ana330@gmail.com,+5511913224383,2002-11-11,"Rua XV de Novembro, 799",13827-196,Curitiba,PR,False,App Android,2023-10-20T00:00:00Z
WEB-70773,100.000.773-13,Renato Santos,RENATO.SANTOS52@EXAMPLE.COM,+5511979749603,1980-02-25,"Rua XV de Novembro, 2302",46127-414,Recife,PE,False,App iOS,2024-12-04T00:00:00Z
WEB-70774,100.000.774-02,Thiago Souza,thiago.souza20@example.com,+5511918145263,1967-07-11,"Av. Paulista, 677",34209-133,Rio de Janeiro,RJ,True,Parceiro Bank,2023-08-31T00:00:00Z
WEB-70775,100.000.775-85,Bruno Gomes,bruno.gomes88@example.com,+5511994045156,1992-02-04,"Rua Oscar Freire, 2413",16469-282,São Paulo,SP,False,Parceiro Bank,2023-05-04T00:00:00Z
WEB-70776,100.000.776-66,Daniel Barbosa,daniel817@gmail.com,+5511941287760,1965-08-13,"Av. Brasil, 818",75015-199,Salvador,BA,True,Portal Web,2024-09-09T00:00:00Z
WEB-70777,100.000.777-47,Paulo Soares,paulo.soares52@example.com,11988894973,1977-02-04,"Rua Augusta, 1333",23867-653,Recife,PE,True,Portal Web,2024-05-13T00:00:00Z
WEB-70778,100.000.778-28,Vinicius Vieira,vinicius.vieira26@example.com,+5511995545512,1997-05-12,"Rua das Flores, 601",73559-666,Brasília,DF,True,Parceiro Bank,2023-06-12T00:00:00Z
WEB-70779,100.000.779-09,BRUNO RODRIGUES,bruno.rodrigues49@example.com,11988453254,1992-09-21,"Rua XV de Novembro, 1565",16517-731,Porto Alegre,RS,True,Parceiro Bank,2022-06-25T00:00:00Z
WEB-70780,100.000.780-42,Lucas Gomes,lucas.gomes57@example.com,11911084726,1998-10-22,"Av. Paulista, 1643",90445-392,Belo Horizonte,MG,True,Portal Web,2024-08-27T00:00:00Z
WEB-70781,100.000.781-23,Vanessa Santos,vanessa.santos64@example.com,+5511956146216,1977-04-21,"Av. Faria Lima, 700",54011-204,Rio de Janeiro,RJ,True,Portal Web,2023-07-13T00:00:00Z
WEB-70782,100.000.782-04,Beatriz Costa,beatriz.costa84@example.com,11985980240,1986-10-10,"Rua das Flores, 929",70071-357,Campinas,SP,True,App Android,2022-12-08T00:00:00Z
WEB-70783,100.000.783-95,Rafaela Pereira,RAFAELA.PEREIRA10@EXAMPLE.COM,11995733862,1979-12-08,"Av. Paulista, 1009",46430-289,Recife,PE,True,Parceiro Bank,2023-08-16T00:00:00Z
WEB-70784,100.000.784-76,Patricia M.,patricia.martins36@example.com,11963729043,1976-01-12,"Rua Augusta, 267",33704-210,Rio de Janeiro,RJ,False,App iOS,2022-08-25T00:00:00Z
WEB-70785,100.000.785-57,Juliana Almeida,juliana.almeida34@example.com,11994736292,2002-06-02,"Rua das Flores, 215",38836-851,Curitiba,PR,True,App Android,2023-09-14T00:00:00Z
WEB-70786,100.000.786-38,Larissa Ferreira,larissa.ferreira53@example.com,+5511984424395,1980-03-07,"Rua das Flores, 772",91976-103,Belo Horizonte,MG,False,App Android,2025-11-26T00:00:00Z
WEB-70787,10000078719,Natan Souza,natan.souza53@example.com,+5511938217583,1984-08-08,"Rua Augusta, 2413",56250-336,Campinas,SP,True,Portal Web,2024-12-07T00:00:00Z
WEB-70788,100.000.788-08,Vinicius C.,vinicius.carvalho18@example.com,+5511925903904,1974-03-26,"Rua das Flores, 570",76513-794,Curitiba,PR,False,Parceiro Bank,2025-06-28T00:00:00Z
WEB-70789,100.000.789-80,Olivia Pereira,OLIVIA.PEREIRA15@EXAMPLE.COM,+5511992681879,2002-04-28,"Av. Brasil, 1550",89298-297,Porto Alegre,RS,True,App Android,2023-08-11T00:00:00Z
WEB-70790,10000079014,Vanessa Rodrigues,vanessa.rodrigues75@example.com,11988394188,1996-04-24,"Av. Faria Lima, 1361",89736-785,Brasília,DF,True,Portal Web,2023-10-04T00:00:00Z
WEB-70791,100.000.791-03,MARIANA LOPES,MARIANA.LOPES76@EXAMPLE.COM,11972312899,1976-06-23,"Av. Brasil, 1665",53527-360,Fortaleza,CE,True,Parceiro Bank,2024-03-22T00:00:00Z
WEB-70792,100.000.792-86,Igor Vieira,igor.vieira61@example.com,+5511995645083,2002-11-02,"Av. Faria Lima, 2050",62250-346,Curitiba,PR,True,App Android,2023-05-26T00:00:00Z
WEB-70793,10000079367,Gabriel Gomes,gabriel.gomes64@example.com,11960611218,2001-03-27,"Rua Oscar Freire, 751",59021-126,Porto Alegre,RS,True,Parceiro Bank,2024-02-10T00:00:00Z
WEB-70794,100.000.794-48,Paulo Soares,paulo.soares55@example.com,+5511940893911,2002-01-15,"Rua XV de Novembro, 2097",65008-196,Recife,PE,True,App Android,2024-10-18T00:00:00Z
WEB-70795,100.000.795-29,Olivia Ribeiro,olivia.ribeiro73@example.com,11952549761,1982-07-01,"Av. Faria Lima, 2090",44375-636,Brasília,DF,True,Portal Web,2023-11-10T00:00:00Z
WEB-70796,100.000.796-00,Vinicius Oliveira,vinicius.oliveira47@example.com,+5511977345747,1997-09-21,"Rua Oscar Freire, 1330",28445-577,Porto Alegre,RS,True,Parceiro Bank,2024-05-22T00:00:00Z
WEB-70797,100.000.797-90,Bruno Fernandes,bruno.fernandes35@example.com,11954796219,1977-11-11,"Av. Faria Lima, 101",28037-445,Porto Alegre,RS,True,Portal Web,2024-02-16T00:00:00Z
WEB-70798,100.000.798-71,Vanessa Fernandes,vanessa.fernandes43@example.com,11911145397,1984-05-27,"Av. Faria Lima, 1529",16372-315,Salvador,BA,True,App iOS,2024-07-25T00:00:00Z
WEB-70799,10000079952,RAFAELA SOARES,rafaela.soares29@example.com,+5511963352256,1979-04-24,"Rua Oscar Freire, 838",94287-539,Curitiba,PR,True,App Android,2024-02-18T00:00:00Z
WEB-70800,100.000.800-20,Marcelo Almeida,marcelo.almeida69@example.com,11955722553,1970-06-28,"Av. Faria Lima, 1421",65988-957,Salvador,BA,False,Parceiro Bank,2022-10-01T00:00:00Z
WEB-70801,10000080101,Ana Ribeiro,ana.ribeiro27@example.com,+5511987511871,1973-05-24,"Rua XV de Novembro, 1721",75837-447,Brasília,DF,True,Portal Web,2024-11-27T00:00:00Z
WEB-70802,100.000.802-92,Camila Martins,camila.martins98@example.com,+5511982155988,1984-06-19,"Rua Oscar Freire, 1434",62632-420,Recife,PE,True,App iOS,2025-12-05T00:00:00Z
WEB-70803,100.000.803-73,Thiago Barbosa,THIAGO.BARBOSA87@EXAMPLE.COM,+5511987024699,1990-07-07,"Rua das Flores, 1578",68560-999,Rio de Janeiro,RJ,True,Portal Web,2023-06-18T00:00:00Z
WEB-70804,100.000.804-54,Thiago Almeida,thiago.almeida91@example.com,+5511950888822,1970-03-04,"Rua Oscar Freire, 2213",12047-748,Fortaleza,CE,True,App iOS,2023-07-24T00:00:00Z
WEB-70805,100.000.805-35,Rafaela Silva,RAFAELA.SILVA33@EXAMPLE.COM,+5511936709158,1969-07-10,"Rua Augusta, 507",36285-286,Curitiba,PR,True,Portal Web,2024-04-02T00:00:00Z
WEB-70806,100.000.806-16,Bruno Ribeiro,BRUNO.RIBEIRO76@EXAMPLE.COM,11911482715,1975-06-28,"Av. Brasil, 1466",68826-310,Salvador,BA,True,Parceiro Bank,2023-10-13T00:00:00Z
WEB-70807,100.000.807-05,Rafaela Oliveira,RAFAELA.OLIVEIRA59@EXAMPLE.COM,+5511937713235,1973-04-10,"Rua XV de Novembro, 912",32361-314,Florianópolis,SC,False,App iOS,2022-08-23T00:00:00Z
WEB-70808,100.000.808-88,Thiago Alves,thiago.alves74@example.com,+5511971600090,1982-04-01,"Rua das Flores, 2077",75914-707,Brasília,DF,True,Portal Web,2024-10-24T00:00:00Z
WEB-70809,100.000.809-69,Rodrigo Costa,rodrigo.costa82@example.com,11975895351,1994-08-19,"Rua Oscar Freire, 2185",40658-832,Florianópolis,SC,True,Portal Web,2023-11-06T00:00:00Z
WEB-70810,100.000.810-00,Mariana Gomes,mariana.gomes60@example.com,11992279159,1976-07-08,"Av. Faria Lima, 754",94523-167,Recife,PE,True,App iOS,2025-06-20T00:00:00Z
WEB-70811,100.000.811-83,Diego Vieira,DIEGO.VIEIRA22@EXAMPLE.COM,11962821563,1967-04-28,"Rua Oscar Freire, 849",61974-908,Porto Alegre,RS,True,Parceiro Bank,2024-01-24T00:00:00Z
WEB-70812,10000081264,Yasmin Lopes,YASMIN.LOPES62@EXAMPLE.COM,+5511984198767,1972-06-03,"Rua Augusta, 1821",69685-869,Fortaleza,CE,True,Portal Web,2024-09-23T00:00:00Z
WEB-70813,100.000.813-45,Gabriel Soares,gabriel.soares15@example.com,11972031070,1966-02-21,"Av. Faria Lima, 640",66792-229,Goiânia,GO,True,App iOS,2023-03-24T00:00:00Z
WEB-70814,100.000.814-26,VANESSA ALVES,vanessa.alves60@example.com,+5511915070029,1965-05-04,"Rua XV de Novembro, 1327",91643-360,Belo Horizonte,MG,False,App iOS,2026-01-16T00:00:00Z
WEB-70815,100.000.815-07,Paulo Oliveira,PAULO.OLIVEIRA20@EXAMPLE.COM,+5511983608832,1980-12-15,"Av. Brasil, 2358",58083-747,Brasília,DF,True,Parceiro Bank,2026-05-06T00:00:00Z
WEB-70816,10000081698,Beatriz Souza,beatriz.souza32@example.com,11949479427,1972-09-24,"Rua Augusta, 2341",92367-249,Belo Horizonte,MG,True,Portal Web,2025-03-13T00:00:00Z
WEB-70817,100.000.817-79,EDUARDO ALMEIDA,eduardo.almeida55@example.com,+5511933882733,1978-12-02,"Av. Brasil, 2195",65327-213,Fortaleza,CE,True,App iOS,2024-09-05T00:00:00Z
WEB-70818,100.000.818-50,Caio Souza,caio.souza59@example.com,+5511951382580,1993-01-20,"Rua das Flores, 544",24914-254,São Paulo,SP,True,App iOS,2024-09-13T00:00:00Z
WEB-70819,100.000.819-30,Mariana Pereira,mariana.pereira35@example.com,11922265679,1966-07-01,"Rua Augusta, 1843",75409-330,Campinas,SP,False,Portal Web,2024-01-08T00:00:00Z
WEB-70820,100.000.820-74,Vinicius Souza,vinicius.souza95@example.com,+5511932532859,1975-01-14,"Av. Brasil, 1398",38833-185,Rio de Janeiro,RJ,False,Parceiro Bank,2024-03-24T00:00:00Z
WEB-70821,100.000.821-55,Beatriz Alves,beatriz721@gmail.com,+5511963024581,1992-02-08,"Rua XV de Novembro, 279",52971-501,Rio de Janeiro,RJ,True,Parceiro Bank,2024-01-12T00:00:00Z
WEB-70822,100.000.822-36,Caio C.,caio.costa11@example.com,+5511962235749,1978-08-08,"Rua das Flores, 1976",24091-385,Goiânia,GO,True,App Android,2024-11-01T00:00:00Z
WEB-70823,100.000.823-17,Carla Alves,carla.alves62@example.com,11950471241,1996-02-23,"Rua Augusta, 385",16010-709,Recife,PE,True,Portal Web,2024-07-11T00:00:00Z
WEB-70824,100.000.824-06,Lucas Martins,lucas.martins96@example.com,+5511927841755,1986-03-21,"Rua Augusta, 2349",74472-277,Campinas,SP,True,App iOS,2024-01-28T00:00:00Z
WEB-70825,100.000.825-89,Yasmin Vieira,yasmin299@gmail.com,+5511961321020,1997-11-24,"Rua das Flores, 1766",12050-516,Fortaleza,CE,True,Portal Web,2023-10-26T00:00:00Z
WEB-70826,100.000.826-60,Juliana Pereira,juliana.pereira64@example.com,+5511942688154,1970-01-05,"Rua das Flores, 545",92193-558,Brasília,DF,True,Portal Web,2024-03-06T00:00:00Z
WEB-70827,100.000.827-40,Caio Santos,caio.santos40@example.com,+5511990272292,1993-12-11,"Av. Faria Lima, 1348",57411-451,Porto Alegre,RS,False,App iOS,2024-08-08T00:00:00Z
WEB-70828,100.000.828-21,Rodrigo Carvalho,rodrigo.carvalho92@example.com,11948715788,1966-04-28,"Rua Oscar Freire, 1643",85301-306,Campinas,SP,True,App iOS,2023-08-06T00:00:00Z
WEB-70829,100.000.829-02,Yasmin Pereira,yasmin443@gmail.com,+5511939855935,1989-09-11,"Rua das Flores, 2405",61953-465,Brasília,DF,True,Parceiro Bank,2023-12-29T00:00:00Z
WEB-70830,100.000.830-46,Gabriel Santos,GABRIEL.SANTOS91@EXAMPLE.COM,11928996104,1978-03-03,"Rua das Flores, 798",92892-923,Recife,PE,True,Portal Web,2023-08-21T00:00:00Z
WEB-70831,100.000.831-27,LARISSA ALMEIDA,larissa.almeida49@example.com,+5511932033022,1977-04-14,"Av. Paulista, 1402",15045-296,Recife,PE,True,App Android,2023-08-09T00:00:00Z
WEB-70832,100.000.832-08,Caio Alves,CAIO.ALVES44@EXAMPLE.COM,+5511974581639,1970-06-13,"Rua Augusta, 2443",55342-494,Belo Horizonte,MG,False,App iOS,2024-09-08T00:00:00Z
WEB-70833,100.000.833-99,Larissa C.,larissa.carvalho29@example.com,11974693042,1966-07-14,"Rua Oscar Freire, 1108",90607-751,Porto Alegre,RS,True,App iOS,2024-11-25T00:00:00Z
WEB-70834,100.000.834-70,Natan Almeida,natan.almeida49@example.com,+5511970881578,1983-07-18,"Rua Augusta, 54",53389-939,Brasília,DF,True,App Android,2024-08-24T00:00:00Z
WEB-70835,100.000.835-50,Gabriel Rodrigues,gabriel.rodrigues34@example.com,+5511910561104,1965-09-24,"Rua Augusta, 1570",53954-422,Campinas,SP,True,App Android,2023-05-30T00:00:00Z
WEB-70836,100.000.836-31,Larissa Ribeiro,LARISSA.RIBEIRO59@EXAMPLE.COM,+5511975706438,1984-11-19,"Rua Oscar Freire, 2196",75090-153,Salvador,BA,True,App iOS,2026-01-01T00:00:00Z
WEB-70837,100.000.837-12,Fernanda Alves,fernanda.alves65@example.com,+5511944260204,1987-09-23,"Av. Paulista, 1686",64149-337,Goiânia,GO,True,App Android,2025-04-17T00:00:00Z
WEB-70838,100.000.838-01,Yasmin Carvalho,yasmin.carvalho41@example.com,+5511942528051,1995-01-27,"Rua das Flores, 2424",29329-440,Goiânia,GO,True,App Android,2025-06-30T00:00:00Z
WEB-70839,100.000.839-84,Igor Barbosa,igor.barbosa68@example.com,11929779316,1981-04-20,"Rua das Flores, 2115",37347-915,Goiânia,GO,True,App Android,2023-08-30T00:00:00Z
WEB-70840,100.000.840-18,CAIO MARTINS,CAIO.MARTINS60@EXAMPLE.COM,+5511988673120,1970-09-07,"Av. Paulista, 1204",83258-241,Belo Horizonte,MG,True,Portal Web,2023-02-03T00:00:00Z
WEB-70841,100.000.841-07,Sofia Martins,sofia.martins85@example.com,+5511951336223,1991-12-28,"Rua das Flores, 1037",48777-711,Rio de Janeiro,RJ,True,Portal Web,2025-06-16T00:00:00Z
WEB-70842,100.000.842-80,Yasmin Martins,yasmin379@gmail.com,+5511951352528,1965-03-27,"Av. Brasil, 1338",27184-530,São Paulo,SP,True,App iOS,2022-08-24T00:00:00Z
WEB-70843,100.000.843-60,Rodrigo Carvalho,rodrigo.carvalho93@example.com,11948700374,1992-03-06,"Rua XV de Novembro, 15",53432-973,Belo Horizonte,MG,True,Portal Web,2024-02-29T00:00:00Z
WEB-70844,100.000.844-41,DANIEL ALMEIDA,DANIEL.ALMEIDA82@EXAMPLE.COM,11938531115,1976-04-02,"Rua XV de Novembro, 1646",47285-234,Belo Horizonte,MG,True,App iOS,2024-07-08T00:00:00Z
WEB-70845,100.000.845-22,Paulo Barbosa,paulo.barbosa23@example.com,+5511995420677,1975-02-10,"Rua XV de Novembro, 134",59153-769,Salvador,BA,False,App Android,2024-12-10T00:00:00Z
WEB-70846,100.000.846-03,Thiago Pereira,thiago.pereira71@example.com,+5511975121683,1971-01-02,"Av. Paulista, 196",56676-977,São Paulo,SP,True,Portal Web,2024-01-13T00:00:00Z
WEB-70847,100.000.847-94,Natan Barbosa,natan.barbosa76@example.com,+5511945679876,1996-08-25,"Rua Augusta, 145",11028-145,Recife,PE,True,Parceiro Bank,2024-07-30T00:00:00Z
WEB-70848,100.000.848-75,Lucas P.,lucas.pereira56@example.com,+5511999265296,1990-07-20,"Av. Brasil, 423",78194-586,Campinas,SP,True,App iOS,2025-02-25T00:00:00Z
WEB-70849,100.000.849-56,Vanessa Martins,vanessa611@gmail.com,+5511913446768,1972-09-09,"Rua das Flores, 742",50661-195,Curitiba,PR,True,Portal Web,2025-01-09T00:00:00Z
WEB-70850,100.000.850-90,Rodrigo Carvalho,rodrigo.carvalho94@example.com,11935224200,1965-11-27,"Av. Brasil, 1227",95169-762,São Paulo,SP,True,Parceiro Bank,2026-04-09T00:00:00Z
WEB-70851,100.000.851-70,Camila Almeida,CAMILA.ALMEIDA39@EXAMPLE.COM,+5511991438353,1996-07-24,"Rua Augusta, 230",19274-789,Rio de Janeiro,RJ,True,Portal Web,2023-07-14T00:00:00Z
WEB-70852,100.000.852-51,Camila Souza,CAMILA.SOUZA59@EXAMPLE.COM,+5511949441620,1977-12-05,"Rua das Flores, 773",82876-255,Recife,PE,False,Parceiro Bank,2022-08-05T00:00:00Z
WEB-70853,100.000.853-32,JULIANA FERNANDES,juliana.fernandes69@example.com,+5511932555671,1993-02-16,"Rua das Flores, 861",29145-452,Fortaleza,CE,True,Parceiro Bank,2023-01-12T00:00:00Z
WEB-70854,100.000.854-13,Daniel Carvalho,DANIEL.CARVALHO13@EXAMPLE.COM,11931506414,1985-07-25,"Av. Brasil, 131",27320-982,Curitiba,PR,True,App iOS,2025-12-23T00:00:00Z
WEB-70855,100.000.855-02,Camila Rodrigues,camila.rodrigues78@example.com,+5511995033398,1996-02-26,"Av. Faria Lima, 1967",37630-968,Campinas,SP,False,App Android,2025-05-23T00:00:00Z
WEB-70856,100.000.856-85,Carla Costa,CARLA.COSTA58@EXAMPLE.COM,11961224263,2000-07-26,"Rua Oscar Freire, 2194",96207-364,Curitiba,PR,True,App iOS,2022-06-01T00:00:00Z
WEB-70857,100.000.857-66,Carla Costa,carla.costa85@example.com,+5511935253920,1972-10-12,"Rua das Flores, 2183",46548-542,Campinas,SP,True,App Android,2024-12-19T00:00:00Z
WEB-70858,100.000.858-47,Bruno Vieira,BRUNO.VIEIRA78@EXAMPLE.COM,11935482265,1989-07-11,"Av. Brasil, 336",76257-401,Goiânia,GO,False,Portal Web,2025-01-12T00:00:00Z
WEB-70859,100.000.859-28,Helena Souza,helena.souza60@example.com,+5511911233262,1999-08-11,"Av. Brasil, 1891",18555-747,Porto Alegre,RS,True,App Android,2024-11-08T00:00:00Z
WEB-70860,100.000.860-61,BEATRIZ GOMES,beatriz.gomes28@example.com,+5511999301859,1967-10-11,"Av. Paulista, 2225",19466-506,Fortaleza,CE,True,Parceiro Bank,2022-12-21T00:00:00Z
WEB-70861,100.000.861-42,Rafaela Alves,rafaela.alves73@example.com,+5511949123810,1989-01-26,"Rua Augusta, 355",26621-690,Belo Horizonte,MG,True,App Android,2024-05-23T00:00:00Z
WEB-70862,100.000.862-23,Diego Santos,diego.santos32@example.com,+5511975431766,1990-05-27,"Rua das Flores, 1791",26059-938,Belo Horizonte,MG,True,App iOS,2024-11-12T00:00:00Z
WEB-70863,100.000.863-04,Camila Lopes,CAMILA.LOPES54@EXAMPLE.COM,11962527814,1990-02-17,"Av. Brasil, 1708",29716-998,Porto Alegre,RS,True,Portal Web,2025-07-19T00:00:00Z
WEB-70864,100.000.864-95,Natan Souza,NATAN.SOUZA26@EXAMPLE.COM,+5511953408507,2002-01-28,"Rua Oscar Freire, 1552",16098-227,Porto Alegre,RS,True,Parceiro Bank,2025-11-06T00:00:00Z
WEB-70865,100.000.865-76,Paulo L.,paulo.lopes47@example.com,+5511929437798,1978-04-26,"Rua XV de Novembro, 148",49167-734,Curitiba,PR,True,Portal Web,2023-06-23T00:00:00Z
WEB-70866,10000086657,Daniel Rodrigues,DANIEL.RODRIGUES58@EXAMPLE.COM,+5511967325876,1975-01-04,"Rua Augusta, 909",78347-561,Brasília,DF,True,App iOS,2025-08-25T00:00:00Z
WEB-70867,100.000.867-38,Caio Costa,caio.costa85@example.com,+5511968226527,1974-11-24,"Rua das Flores, 818",44011-749,Curitiba,PR,False,App iOS,2022-12-02T00:00:00Z
WEB-70868,100.000.868-19,Juliana Barbosa,juliana.barbosa32@example.com,11997616925,1989-12-26,"Av. Faria Lima, 2432",56896-529,Goiânia,GO,True,Portal Web,2025-10-15T00:00:00Z
WEB-70869,100.000.869-08,Igor Almeida,igor.almeida57@example.com,+5511911557250,1972-02-03,"Rua das Flores, 1917",19445-807,Brasília,DF,True,Portal Web,2023-09-21T00:00:00Z
WEB-70870,100.000.870-33,Rafaela Lima,rafaela.lima98@example.com,11922690720,2002-03-13,"Rua das Flores, 2145",30497-703,Goiânia,GO,False,App iOS,2023-01-11T00:00:00Z
WEB-70871,100.000.871-14,Lucas O.,lucas.oliveira78@example.com,11934815495,1990-12-01,"Av. Brasil, 2268",28514-595,Fortaleza,CE,True,App iOS,2024-04-29T00:00:00Z
WEB-70872,100.000.872-03,Sofia Souza,sofia.souza36@example.com,+5511998393430,1972-03-28,"Av. Brasil, 799",72748-931,Florianópolis,SC,True,Portal Web,2023-12-25T00:00:00Z
WEB-70873,100.000.873-86,Daniel Santos,daniel.santos26@example.com,+5511987186069,1978-11-06,"Av. Paulista, 726",93319-930,Fortaleza,CE,True,App Android,2025-01-03T00:00:00Z
WEB-70874,100.000.874-67,Daniel Soares,daniel602@gmail.com,11958796148,1999-03-14,"Rua Oscar Freire, 74",69170-874,São Paulo,SP,False,App iOS,2023-03-01T00:00:00Z
WEB-70875,100.000.875-48,Vinicius Gomes,VINICIUS.GOMES94@EXAMPLE.COM,+5511981686010,1993-03-19,"Rua Oscar Freire, 475",54645-209,Florianópolis,SC,False,Parceiro Bank,2025-01-03T00:00:00Z
WEB-70876,10000087629,Beatriz Fernandes,beatriz.fernandes75@example.com,+5511938164181,1971-11-27,"Rua Augusta, 147",63339-371,Curitiba,PR,True,Portal Web,2024-06-06T00:00:00Z
WEB-70877,100.000.877-00,EDUARDO BARBOSA,eduardo.barbosa80@example.com,+5511938996393,2002-06-09,"Av. Paulista, 2143",62033-874,Florianópolis,SC,True,App iOS,2022-04-29T00:00:00Z
WEB-70878,100.000.878-90,Natan Ferreira,NATAN.FERREIRA61@EXAMPLE.COM,11971212377,1970-05-22,"Rua das Flores, 2454",89466-412,Florianópolis,SC,True,Portal Web,2023-12-09T00:00:00Z
WEB-70879,100.000.879-71,Caio Alves,caio.alves57@example.com,+5511985650769,1997-10-06,"Rua Oscar Freire, 352",36417-434,Belo Horizonte,MG,False,App iOS,2026-03-12T00:00:00Z
WEB-70880,100.000.880-05,Beatriz P.,beatriz.pereira19@example.com,+5511946255595,1972-09-04,"Av. Faria Lima, 1177",11469-129,Fortaleza,CE,True,App Android,2023-10-14T00:00:00Z
WEB-70881,100.000.881-96,Mariana Costa,mariana.costa44@example.com,+5511929640030,1979-05-01,"Av. Brasil, 2161",34148-228,Salvador,BA,True,App iOS,2023-07-08T00:00:00Z
WEB-70882,100.000.882-77,Fernanda Soares,fernanda.soares49@example.com,+5511989031028,1996-02-17,"Rua das Flores, 953",98633-383,Florianópolis,SC,True,App iOS,2025-04-26T00:00:00Z
WEB-70883,100.000.883-58,Vinicius Santos,vinicius.santos31@example.com,11952680752,1989-03-12,"Rua XV de Novembro, 1296",11677-980,Goiânia,GO,True,Portal Web,2024-08-27T00:00:00Z
WEB-70884,10000088439,Ana Soares,ana.soares29@example.com,11998256603,1973-03-13,"Rua Oscar Freire, 50",30308-149,Florianópolis,SC,True,Portal Web,2023-07-19T00:00:00Z
WEB-70885,100.000.885-10,DIEGO PEREIRA,diego.pereira96@example.com,11991698732,1991-12-15,"Av. Brasil, 2047",61974-808,Brasília,DF,True,Portal Web,2024-04-02T00:00:00Z
WEB-70886,100.000.886-09,Igor Carvalho,igor.carvalho76@example.com,+5511940704198,1984-11-28,"Av. Brasil, 1626",34622-924,Porto Alegre,RS,True,App iOS,2025-08-03T00:00:00Z
WEB-70887,100.000.887-81,CAIO OLIVEIRA,caio293@gmail.com,+5511942217185,1970-03-19,"Rua Oscar Freire, 1974",57857-556,Rio de Janeiro,RJ,True,Portal Web,2023-08-26T00:00:00Z
WEB-70888,100.000.888-62,Olivia S.,olivia466@gmail.com,11974378331,1996-09-22,"Av. Paulista, 2000",41731-372,Fortaleza,CE,True,App iOS,2024-10-03T00:00:00Z
WEB-70889,100.000.889-43,Yasmin Silva,yasmin.silva64@example.com,+5511981715863,1987-04-24,"Av. Faria Lima, 1778",96541-451,Fortaleza,CE,True,Portal Web,2024-08-01T00:00:00Z
WEB-70890,100.000.890-87,Camila Soares,CAMILA.SOARES38@EXAMPLE.COM,+5511933463164,1969-06-27,"Rua das Flores, 2319",81529-961,Fortaleza,CE,True,Parceiro Bank,2026-04-16T00:00:00Z
WEB-70891,100.000.891-68,Natan Ferreira,natan.ferreira57@example.com,+5511925197944,1986-11-08,"Av. Faria Lima, 751",77234-915,Rio de Janeiro,RJ,True,Portal Web,2023-02-22T00:00:00Z
WEB-70892,100.000.892-49,Gabriel S.,gabriel.silva90@example.com,11986348673,1990-04-10,"Av. Paulista, 383",67373-812,Fortaleza,CE,True,App iOS,2025-02-26T00:00:00Z
WEB-70893,100.000.893-20,Vanessa Lopes,vanessa.lopes17@example.com,11957747160,1965-10-15,"Av. Paulista, 2157",92834-241,Porto Alegre,RS,True,App Android,2022-09-26T00:00:00Z
WEB-70894,100.000.894-00,Natan Ribeiro,natan.ribeiro11@example.com,+5511923601326,1992-08-07,"Rua Oscar Freire, 2316",84334-460,Fortaleza,CE,True,App iOS,2024-07-04T00:00:00Z
WEB-70895,100.000.895-91,ANA RODRIGUES,ana.rodrigues94@example.com,+5511943572518,1979-08-13,"Av. Paulista, 311",69862-261,Porto Alegre,RS,True,Portal Web,2023-05-17T00:00:00Z
WEB-70896,10000089672,Patricia Lima,patricia.lima23@example.com,+5511968864146,1993-03-05,"Av. Brasil, 2472",51239-741,Florianópolis,SC,True,Portal Web,2022-01-27T00:00:00Z
WEB-70897,100.000.897-53,Daniel Alves,daniel.alves46@example.com,11915403110,1973-07-14,"Rua Oscar Freire, 1558",49515-967,Campinas,SP,True,Portal Web,2022-07-05T00:00:00Z
WEB-70898,100.000.898-34,Camila Lima,camila.lima25@example.com,+5511966518457,1996-09-16,"Rua das Flores, 401",64609-153,Florianópolis,SC,True,App iOS,2023-03-26T00:00:00Z
WEB-70899,100.000.899-15,Rodrigo Martins,rodrigo.martins26@example.com,+5511924728084,1971-01-05,"Rua Augusta, 2433",27299-240,Campinas,SP,False,Parceiro Bank,2025-11-02T00:00:00Z
WEB-70900,100.000.900-93,Camila Costa,camila.costa64@example.com,+5511990139636,1965-07-16,"Av. Paulista, 2119",10199-224,Porto Alegre,RS,True,App iOS,2024-03-17T00:00:00Z
WEB-70901,100.000.901-74,Beatriz Rodrigues,beatriz.rodrigues75@example.com,+5511935079956,1980-05-25,"Rua das Flores, 621",67577-831,Porto Alegre,RS,True,App iOS,2024-01-09T00:00:00Z
WEB-70902,100.000.902-55,RAFAELA SOUZA,rafaela.souza99@example.com,+5511977422120,1976-04-28,"Rua Oscar Freire, 410",32141-801,Goiânia,GO,True,App iOS,2023-07-31T00:00:00Z
WEB-70903,100.000.903-36,BRUNO LIMA,BRUNO.LIMA34@EXAMPLE.COM,+5511929623857,1992-01-20,"Av. Brasil, 346",37756-421,Rio de Janeiro,RJ,True,Parceiro Bank,2023-11-17T00:00:00Z
WEB-70904,10000090417,Diego Pereira,diego.pereira38@example.com,11955121027,1992-08-02,"Av. Brasil, 926",27930-294,Salvador,BA,True,Portal Web,2023-07-28T00:00:00Z
WEB-70905,100.000.905-06,Igor Ribeiro,igor.ribeiro63@example.com,+5511943147569,1985-01-06,"Av. Brasil, 816",83362-673,São Paulo,SP,True,Portal Web,2025-04-08T00:00:00Z
WEB-70906,100.000.906-89,Juliana Lopes,juliana.lopes45@example.com,+5511991405981,1971-07-06,"Rua XV de Novembro, 1169",53095-339,Brasília,DF,True,Parceiro Bank,2024-05-03T00:00:00Z
WEB-70907,100.000.907-60,Camila Silva,camila.silva97@example.com,+5511984057077,1973-06-12,"Rua XV de Novembro, 1305",71635-601,Campinas,SP,True,Portal Web,2023-05-25T00:00:00Z
WEB-70908,100.000.908-40,Thiago Martins,thiago.martins21@example.com,+5511924276138,1973-11-24,"Rua Oscar Freire, 2106",55243-539,Rio de Janeiro,RJ,True,Portal Web,2024-03-18T00:00:00Z
WEB-70909,100.000.909-21,GABRIEL ALMEIDA,gabriel209@gmail.com,+5511920050169,1999-10-11,"Av. Paulista, 1792",46128-151,Florianópolis,SC,True,App iOS,2024-06-12T00:00:00Z
WEB-70910,10000091065,Bruno Rodrigues,bruno.rodrigues34@example.com,+5511966131539,2000-12-09,"Rua das Flores, 797",33600-508,Campinas,SP,True,Portal Web,2025-03-08T00:00:00Z
WEB-70911,100.000.911-46,Yasmin Carvalho,yasmin768@gmail.com,11974803086,1991-09-17,"Rua XV de Novembro, 1639",29574-689,Belo Horizonte,MG,True,App Android,2025-10-09T00:00:00Z
WEB-70912,100.000.912-27,Bruno Vieira,bruno330@gmail.com,+5511935526992,1990-08-22,"Rua Augusta, 1781",83350-522,Fortaleza,CE,True,App Android,2023-09-28T00:00:00Z
WEB-70913,100.000.913-08,Natan Fernandes,natan.fernandes59@example.com,+5511963801036,1982-04-06,"Av. Brasil, 227",27468-939,Belo Horizonte,MG,False,Parceiro Bank,2024-07-14T00:00:00Z
WEB-70914,100.000.914-99,Paulo Soares,paulo922@gmail.com,11944740194,1984-04-10,"Av. Paulista, 875",97896-651,Porto Alegre,RS,True,Parceiro Bank,2023-06-10T00:00:00Z
WEB-70915,100.000.915-70,Helena Gomes,helena.gomes15@example.com,11995847718,1974-05-05,"Av. Paulista, 1817",75326-363,São Paulo,SP,True,Portal Web,2025-03-19T00:00:00Z
WEB-70916,10000091650,Ana Ribeiro,ana.ribeiro90@example.com,+5511991223137,1988-06-03,"Av. Brasil, 645",44294-228,Fortaleza,CE,True,App Android,2026-02-17T00:00:00Z
WEB-70917,100.000.917-31,Juliana Costa,juliana.costa17@example.com,+5511994014298,1965-06-08,"Av. Brasil, 123",99218-883,Porto Alegre,RS,True,Parceiro Bank,2022-10-29T00:00:00Z
WEB-70918,100.000.918-12,CAMILA VIEIRA,camila.vieira23@example.com,11961268618,1981-11-21,"Rua Augusta, 213",72389-137,Fortaleza,CE,True,Portal Web,2025-04-01T00:00:00Z
WEB-70919,100.000.919-01,Igor Alves,igor.alves84@example.com,+5511994530413,1990-03-15,"Rua Augusta, 1804",39033-373,Florianópolis,SC,True,App iOS,2024-08-13T00:00:00Z
WEB-70920,100.000.920-37,Carla Lopes,carla.lopes33@example.com,+5511971658297,1976-03-07,"Rua das Flores, 1396",18466-658,Brasília,DF,True,App Android,2024-05-15T00:00:00Z
WEB-70921,100.000.921-18,Fernanda Ferreira,FERNANDA.FERREIRA60@EXAMPLE.COM,+5511991580498,1977-02-05,"Av. Faria Lima, 2328",85540-285,Salvador,BA,False,App iOS,2025-02-10T00:00:00Z
WEB-70922,100.000.922-07,Daniel S.,daniel.soares27@example.com,11911582229,1971-07-13,"Av. Paulista, 322",69329-686,Rio de Janeiro,RJ,False,App Android,2025-01-15T00:00:00Z
WEB-70923,100.000.923-80,Eduardo Pereira,eduardo.pereira20@example.com,+5511945924244,1974-11-20,"Av. Paulista, 1558",37945-671,São Paulo,SP,True,App iOS,2024-05-28T00:00:00Z
WEB-70924,100.000.924-60,Vanessa Oliveira,vanessa.oliveira35@example.com,+5511928687147,1995-10-15,"Rua Augusta, 839",29495-707,Porto Alegre,RS,True,App iOS,2024-05-24T00:00:00Z
WEB-70925,100.000.925-41,Sofia Lima,sofia.lima90@example.com,11982962489,1972-01-27,"Av. Faria Lima, 2495",62484-991,Rio de Janeiro,RJ,True,App iOS,2022-06-04T00:00:00Z
WEB-70926,100.000.926-22,Eduardo Silva,EDUARDO.SILVA38@EXAMPLE.COM,+5511913221342,1979-07-13,"Rua das Flores, 870",72695-220,Campinas,SP,True,App Android,2024-04-25T00:00:00Z
WEB-70927,100.000.927-03,Camila Souza,camila.souza72@example.com,+5511932757831,1972-04-04,"Av. Paulista, 1334",74018-536,Campinas,SP,True,Parceiro Bank,2024-03-06T00:00:00Z
WEB-70928,100.000.928-94,YASMIN OLIVEIRA,yasmin.oliveira15@example.com,+5511991135473,1974-03-14,"Av. Paulista, 1724",23915-466,Campinas,SP,True,App Android,2023-12-06T00:00:00Z
WEB-70929,100.000.929-75,BEATRIZ GOMES,beatriz.gomes54@example.com,11923948250,1982-08-22,"Av. Brasil, 2084",15740-908,Porto Alegre,RS,True,App iOS,2024-09-21T00:00:00Z
WEB-70930,100.000.930-09,Marcelo R.,marcelo.rodrigues50@example.com,+5511929834720,1989-08-24,"Rua Augusta, 761",74231-497,Rio de Janeiro,RJ,True,Portal Web,2025-09-29T00:00:00Z
WEB-70931,100.000.931-90,EDUARDO OLIVEIRA,eduardo.oliveira51@example.com,11927117558,1976-07-12,"Rua das Flores, 2273",31276-816,Brasília,DF,False,App Android,2023-11-25T00:00:00Z
WEB-70932,100.000.932-70,Beatriz Costa,beatriz.costa27@example.com,+5511997772249,1980-07-14,"Av. Faria Lima, 1687",73166-745,Brasília,DF,False,Portal Web,2024-11-20T00:00:00Z
WEB-70933,100.000.933-51,Natan Oliveira,natan.oliveira84@example.com,+5511966618508,1998-10-25,"Rua Augusta, 1654",67210-643,Florianópolis,SC,True,App Android,2024-10-04T00:00:00Z
WEB-70934,100.000.934-32,Ana Alves,ANA.ALVES12@EXAMPLE.COM,+5511958640295,2000-08-05,"Rua Augusta, 869",63183-297,São Paulo,SP,True,App Android,2024-06-18T00:00:00Z
WEB-70935,100.000.935-13,Juliana Almeida,juliana618@gmail.com,+5511984021128,1991-04-07,"Rua XV de Novembro, 2369",89976-201,São Paulo,SP,False,App iOS,2023-10-07T00:00:00Z
WEB-70936,100.000.936-02,NATAN SILVA,natan.silva99@example.com,+5511967003442,1988-01-23,"Rua XV de Novembro, 637",26197-748,Goiânia,GO,True,Portal Web,2023-05-25T00:00:00Z
WEB-70937,100.000.937-85,Ana R.,ana.rodrigues56@example.com,+5511928961944,1970-04-03,"Av. Paulista, 1308",10799-263,Recife,PE,True,App iOS,2023-06-28T00:00:00Z
WEB-70938,10000093866,Larissa Rodrigues,larissa.rodrigues77@example.com,11950199242,1995-07-24,"Av. Faria Lima, 2141",77521-351,Brasília,DF,True,Portal Web,2023-12-08T00:00:00Z
WEB-70939,100.000.939-47,Vinicius Santos,vinicius.santos87@example.com,11933297540,1997-03-01,"Av. Brasil, 821",43539-111,Salvador,BA,True,App Android,2024-06-06T00:00:00Z
WEB-70940,100.000.940-80,Yasmin Vieira,yasmin435@gmail.com,+5511951075182,1979-07-06,"Rua Augusta, 753",74144-258,Rio de Janeiro,RJ,True,Parceiro Bank,2026-02-07T00:00:00Z
WEB-70941,100.000.941-61,Natan Barbosa,natan.barbosa17@example.com,11939381121,1990-03-27,"Rua Oscar Freire, 2151",38536-942,Fortaleza,CE,True,App iOS,2024-12-28T00:00:00Z
WEB-70942,100.000.942-42,Lucas Martins,lucas.martins58@example.com,+5511932122351,1968-06-21,"Rua das Flores, 92",91377-456,Curitiba,PR,True,App Android,2023-10-13T00:00:00Z
WEB-70943,100.000.943-23,Beatriz Costa,beatriz.costa13@example.com,+5511942149161,1983-03-18,"Av. Paulista, 2008",25720-709,Rio de Janeiro,RJ,True,App Android,2024-04-08T00:00:00Z
WEB-70944,100.000.944-04,Gabriel Fernandes,gabriel.fernandes35@example.com,+5511995683115,1967-04-09,"Rua Augusta, 2220",58112-746,Recife,PE,True,Parceiro Bank,2024-07-31T00:00:00Z
WEB-70945,100.000.945-95,Bruno Santos,bruno.santos50@example.com,+5511922510559,1984-01-12,"Rua Augusta, 2128",64292-338,Salvador,BA,True,Portal Web,2023-03-09T00:00:00Z
WEB-70946,100.000.946-76,Eduardo Souza,EDUARDO.SOUZA52@EXAMPLE.COM,+5511964665076,1997-02-17,"Rua das Flores, 860",53210-201,São Paulo,SP,False,App Android,2025-02-20T00:00:00Z
WEB-70947,10000094757,Juliana Ferreira,juliana.ferreira29@example.com,+5511972157065,1970-11-03,"Rua das Flores, 2169",65257-517,Curitiba,PR,True,App Android,2024-07-19T00:00:00Z
WEB-70948,100.000.948-38,Marcelo Ferreira,marcelo.ferreira74@example.com,+5511979296719,1998-06-15,"Rua Oscar Freire, 711",99576-539,Campinas,SP,True,Parceiro Bank,2024-03-15T00:00:00Z
WEB-70949,100.000.949-19,Bruno Martins,bruno.martins40@example.com,+5511938027431,1969-03-19,"Rua das Flores, 1327",64270-289,Brasília,DF,True,Portal Web,2025-08-23T00:00:00Z
WEB-70950,10000095052,Sofia Oliveira,sofia.oliveira73@example.com,+5511922631766,1994-06-06,"Av. Faria Lima, 1686",23139-228,Belo Horizonte,MG,True,Parceiro Bank,2023-04-02T00:00:00Z
WEB-70951,100.000.951-33,Carla Oliveira,CARLA.OLIVEIRA32@EXAMPLE.COM,11971839630,1981-08-09,"Rua Augusta, 295",16889-156,Goiânia,GO,True,App Android,2025-03-30T00:00:00Z
WEB-70952,100.000.952-14,Rafaela Santos,rafaela.santos56@example.com,+5511948470165,1990-07-28,"Av. Brasil, 2458",74728-572,Goiânia,GO,True,Portal Web,2023-05-07T00:00:00Z
WEB-70953,100.000.953-03,Lucas Ribeiro,lucas.ribeiro20@example.com,+5511965457991,1997-08-09,"Rua Augusta, 2408",51397-360,São Paulo,SP,True,App Android,2025-05-10T00:00:00Z
WEB-70954,10000095486,Ana Rodrigues,ANA.RODRIGUES23@EXAMPLE.COM,+5511949011805,1989-03-19,"Rua XV de Novembro, 1651",31047-800,Rio de Janeiro,RJ,True,Parceiro Bank,2024-04-02T00:00:00Z
WEB-70955,100.000.955-67,Mariana Almeida,MARIANA.ALMEIDA69@EXAMPLE.COM,+5511996232807,1999-08-04,"Rua XV de Novembro, 2020",97222-229,Belo Horizonte,MG,True,Parceiro Bank,2026-04-28T00:00:00Z
WEB-70956,100.000.956-48,Marcelo Carvalho,marcelo.carvalho35@example.com,+5511963891165,1986-02-11,"Rua das Flores, 2237",28936-698,Recife,PE,False,App iOS,2022-08-23T00:00:00Z
WEB-70957,100.000.957-29,Daniel Lima,daniel.lima68@example.com,11915138168,1999-03-16,"Rua XV de Novembro, 2287",89704-760,Goiânia,GO,True,Portal Web,2024-02-23T00:00:00Z
WEB-70958,10000095800,Marcelo Martins,marcelo.martins17@example.com,11958518736,1992-08-07,"Av. Paulista, 312",52943-988,Curitiba,PR,False,Portal Web,2025-02-15T00:00:00Z
WEB-70959,100.000.959-90,Igor Lima,igor824@gmail.com,+5511933636496,1970-03-03,"Rua XV de Novembro, 911",83488-275,Salvador,BA,True,Portal Web,2023-12-15T00:00:00Z
WEB-70960,100.000.960-24,Vanessa Carvalho,vanessa.carvalho77@example.com,11938736673,1981-03-27,"Rua Oscar Freire, 874",33163-177,Rio de Janeiro,RJ,True,App Android,2024-03-10T00:00:00Z
WEB-70961,100.000.961-05,Fernanda Alves,fernanda.alves54@example.com,+5511966250794,1995-08-18,"Rua das Flores, 150",95590-120,Belo Horizonte,MG,True,App Android,2024-12-16T00:00:00Z
WEB-70962,100.000.962-96,Natan Silva,NATAN.SILVA81@EXAMPLE.COM,+5511990145249,1977-02-24,"Av. Faria Lima, 2242",52106-824,Recife,PE,True,Portal Web,2024-05-03T00:00:00Z
WEB-70963,100.000.963-77,Ana Rodrigues,ana.rodrigues68@example.com,+5511929795314,1996-06-04,"Av. Faria Lima, 1400",21854-957,Salvador,BA,False,Portal Web,2024-02-17T00:00:00Z
WEB-70964,100.000.964-58,Renato Rodrigues,RENATO.RODRIGUES91@EXAMPLE.COM,11970307870,2002-02-02,"Rua Augusta, 2415",11178-466,Florianópolis,SC,False,App Android,2023-10-07T00:00:00Z
WEB-70965,100.000.965-39,Beatriz Martins,beatriz.martins37@example.com,+5511956719252,1978-04-22,"Rua Oscar Freire, 94",60478-218,São Paulo,SP,False,App iOS,2024-10-20T00:00:00Z
WEB-70966,10000096610,Vinicius Gomes,VINICIUS.GOMES74@EXAMPLE.COM,11926743037,1996-11-15,"Av. Brasil, 2493",28558-739,Salvador,BA,True,Portal Web,2023-05-04T00:00:00Z
WEB-70967,100.000.967-09,Rodrigo Costa,RODRIGO.COSTA24@EXAMPLE.COM,+5511933597329,1994-07-12,"Av. Paulista, 1248",51361-776,Fortaleza,CE,True,Portal Web,2023-10-21T00:00:00Z
WEB-70968,100.000.968-81,VANESSA CARVALHO,vanessa.carvalho91@example.com,11948016951,1971-02-26,"Rua XV de Novembro, 94",73692-715,Rio de Janeiro,RJ,True,Portal Web,2025-01-04T00:00:00Z
WEB-70969,100.000.969-62,Rafaela Barbosa,rafaela.barbosa79@example.com,11923381785,1993-09-19,"Rua das Flores, 1609",21299-903,Goiânia,GO,True,App Android,2025-09-07T00:00:00Z
WEB-70970,100.000.970-04,Marcelo Almeida,marcelo.almeida80@example.com,+5511961147669,1972-04-28,"Av. Brasil, 1476",58475-718,Rio de Janeiro,RJ,True,App iOS,2026-07-27T10:00:00Z
WEB-70971,100.000.971-87,Olivia Martins,olivia.martins10@example.com,+5511960283839,1979-09-10,"Av. Paulista, 1488",80516-180,Goiânia,GO,True,App Android,2022-11-29T00:00:00Z
WEB-70972,100.000.972-68,Camila Pereira,camila474@gmail.com,+5511965640853,1967-01-01,"Rua das Flores, 764",27832-502,Campinas,SP,True,Parceiro Bank,2024-12-04T00:00:00Z
WEB-70973,100.000.973-49,Olivia Pereira,olivia.pereira81@example.com,+5511962527771,1977-10-21,"Av. Brasil, 429",44744-586,São Paulo,SP,False,App iOS,2022-05-25T00:00:00Z
WEB-70974,100.000.974-20,Larissa Ferreira,larissa.ferreira61@example.com,+5511952698007,1998-03-14,"Rua Augusta, 2398",28997-466,Rio de Janeiro,RJ,False,Parceiro Bank,2024-12-28T00:00:00Z
WEB-70975,100.000.975-00,Patricia Martins,patricia.martins90@example.com,11944927495,2000-03-11,"Rua XV de Novembro, 1696",63266-665,Rio de Janeiro,RJ,True,App Android,2022-06-15T00:00:00Z
WEB-70976,100.000.976-91,Eduardo Silva,eduardo.silva89@example.com,+5511982970485,1970-10-13,"Av. Paulista, 38",63083-558,Florianópolis,SC,True,Portal Web,2025-01-24T00:00:00Z
WEB-70977,100.000.977-72,Fernanda Pereira,fernanda.pereira93@example.com,11939763482,1984-04-18,"Av. Faria Lima, 266",42961-411,Florianópolis,SC,True,Parceiro Bank,2025-11-25T00:00:00Z
WEB-70978,100.000.978-53,Igor O.,igor.oliveira28@example.com,+5511994213304,1966-11-19,"Rua das Flores, 700",75363-121,Rio de Janeiro,RJ,True,App Android,2026-07-25T10:00:00Z
WEB-70979,100.000.979-34,EDUARDO GOMES,eduardo.gomes43@example.com,+5511934243439,1970-02-16,"Av. Brasil, 202",27411-871,Curitiba,PR,True,App Android,2023-08-25T00:00:00Z
WEB-70980,100.000.980-78,OLIVIA OLIVEIRA,olivia.oliveira72@example.com,+5511993977718,1969-04-22,"Rua XV de Novembro, 1915",41301-477,Salvador,BA,True,App iOS,2024-12-25T00:00:00Z
WEB-70981,100.000.981-59,Fernanda G.,fernanda.gomes11@example.com,+5511933981630,2001-11-20,"Rua XV de Novembro, 992",75157-255,Rio de Janeiro,RJ,True,App iOS,2023-10-21T00:00:00Z
WEB-70982,100.000.982-30,BEATRIZ FERNANDES,beatriz.fernandes10@example.com,11931258513,1998-12-09,"Rua Oscar Freire, 376",45157-382,Curitiba,PR,False,App iOS,2024-03-24T00:00:00Z
WEB-70983,100.000.983-10,Marcelo Rodrigues,marcelo.rodrigues37@example.com,+5511958974793,1972-04-01,"Rua das Flores, 2257",51213-701,Belo Horizonte,MG,True,Portal Web,2023-11-21T00:00:00Z
WEB-70984,100.000.984-00,Igor Lima,IGOR.LIMA71@EXAMPLE.COM,+5511936741208,1970-06-23,"Rua das Flores, 59",40843-979,Goiânia,GO,True,App iOS,2025-02-15T00:00:00Z
WEB-70985,100.000.985-82,Olivia S.,olivia.soares61@example.com,+5511935911301,1981-03-07,"Av. Faria Lima, 2019",34482-920,Florianópolis,SC,True,Parceiro Bank,2026-02-19T00:00:00Z
WEB-70986,100.000.986-63,PATRICIA VIEIRA,patricia.vieira49@example.com,+5511932233584,1978-12-16,"Av. Faria Lima, 926",89183-774,Brasília,DF,False,App iOS,2025-10-24T00:00:00Z
WEB-70987,100.000.987-44,BEATRIZ SOUZA,beatriz130@gmail.com,+5511961411543,1992-04-19,"Av. Faria Lima, 1785",76919-436,Campinas,SP,True,Parceiro Bank,2023-05-13T00:00:00Z
WEB-70988,100.000.988-25,Rodrigo Lima,RODRIGO.LIMA85@EXAMPLE.COM,+5511965003534,1983-10-27,"Rua Oscar Freire, 1574",79148-785,Fortaleza,CE,True,App iOS,2023-12-06T00:00:00Z
WEB-70989,100.000.989-06,Patricia C.,patricia.costa64@example.com,11934953074,1987-04-03,"Rua Augusta, 727",54648-278,Goiânia,GO,False,App Android,2024-02-26T00:00:00Z
WEB-70990,100.000.990-40,Daniel Silva,daniel.silva50@example.com,+5511911463110,1986-04-15,"Av. Brasil, 184",83504-806,Campinas,SP,True,App Android,2025-09-19T00:00:00Z
WEB-70991,100.000.991-20,Beatriz Alves,beatriz.alves77@example.com,+5511939187446,1971-09-09,"Rua Augusta, 809",75629-305,Recife,PE,True,App iOS,2023-12-07T00:00:00Z
WEB-70992,100.000.992-01,CAMILA CARVALHO,camila.carvalho50@example.com,+5511952965968,1977-04-02,"Rua Oscar Freire, 1039",21131-553,Brasília,DF,True,Portal Web,2024-03-06T00:00:00Z
WEB-70993,100.000.993-92,Paulo Ferreira,paulo.ferreira86@example.com,11953872387,2002-07-08,"Av. Faria Lima, 2333",25662-636,São Paulo,SP,True,App Android,2023-10-23T00:00:00Z
WEB-70994,100.000.994-73,Ana Almeida,ana.almeida46@example.com,+5511927590313,1990-01-18,"Av. Paulista, 1528",65799-740,São Paulo,SP,False,App Android,2025-01-17T00:00:00Z
WEB-70995,100.000.995-54,Daniel Carvalho,daniel.carvalho48@example.com,+5511946866059,1985-06-13,"Rua Oscar Freire, 54",98400-169,Fortaleza,CE,True,Parceiro Bank,2024-03-16T00:00:00Z
WEB-70996,100.000.996-35,Juliana Almeida,juliana.almeida73@example.com,+5511996046600,1972-06-20,"Rua das Flores, 222",67458-868,São Paulo,SP,False,Parceiro Bank,2024-03-21T00:00:00Z
WEB-70997,100.000.997-16,Daniel Costa,daniel.costa98@example.com,+5511968476310,1979-03-03,"Rua Augusta, 1384",27288-591,Florianópolis,SC,True,Portal Web,2025-05-02T00:00:00Z
WEB-70998,100.000.998-05,Yasmin Santos,yasmin.santos43@example.com,11915781587,1972-01-10,"Av. Faria Lima, 2205",63505-223,Porto Alegre,RS,True,App Android,2025-03-17T00:00:00Z
WEB-70999,100.000.999-88,Igor Ferreira,igor.ferreira27@example.com,+5511988309763,1994-02-05,"Rua Oscar Freire, 498",21224-714,Belo Horizonte,MG,True,Parceiro Bank,2025-06-29T00:00:00Z
WEB-71000,100.001.000-72,Rodrigo Soares,rodrigo.soares40@example.com,+5511987562374,1995-11-16,"Rua Oscar Freire, 1806",86539-105,Campinas,SP,True,App iOS,2022-10-15T00:00:00Z
